ES_ID,Brand_Name,Model_Number,Additional_Model_Information,UPC,Load_Configuration,Additional_Washer_Features,Intended_Market,Volume_CubicFeet,Integrated_Modified_Energy_Factor,US_Federal_IMEF_Standard,Estimated_Annual_Energy_Use,Integrated_Water_Factor (IWF),US_Federal_IWF_Standard,Annual_Water_Use,Connected,Connects_Using,R,S,Paired_Dryer,U,Date_Available,Date_Certified,Markets,CB_Model_Identifier,Meets_ENERGY_STAR_Most_Efficient_2017_Criteria
2265249,Amana,NFW5800D*+,,8,Front Load,Delayed Start,Residential,4.2,2.75,1.84,109,3.2,4.7,3936,No,,,,No,,6/1/2016,4/25/2016,"United States, Canada",ES_22856_NFW5800D*+_04252016201435_5275579,No
2299726,Asko,W2084.W.U,,578206,Front Load,,Residential,2,2.11,1.84,150,4.1,4.7,2443,No,,,,No,,10/1/2017,6/29/2017,"United States, Canada",ES_1123023_W2084.W.US_07122017080224_70145269,No
2299728,Asko,W4114C.T.U,,578207,Front Load,,Residential,2.7,2.41,1.84,150,3.1,4.7,2478,No,,,,No,,10/1/2017,6/29/2017,"United States, Canada",ES_1123023_W4114C.T.US_07122017080224_70145269,No
2299727,Asko,W4114C.W.U,,578205,Front Load,,Residential,2.7,2.41,1.84,150,3.1,4.7,2478,No,,,,No,,10/1/2017,6/29/2017,"United States, Canada",ES_1123023_W4114C.W.US_07122017080224_70145269,No
2244469,Asko,W6424T,,461612,Front Load,,Residential,2,2.14,1.84,150,3.1,4.7,1847,No,,,,,,7/1/2015,6/22/2015,"United States, Canada",ES_1123023_W6424T_07022015021325_70037108,No
2244468,Asko,W6424W,,461611,Front Load,,Residential,2,2.14,1.84,150,3.1,4.7,1847,No,,,,,,7/1/2015,6/22/2015,"United States, Canada",ES_1123023_W6424W_07022015021325_70037108,No
2244471,Asko,W6884 ECO,,502153,Front Load,,Residential,2,2.14,1.84,150,3.1,4.7,1847,No,,,,,,7/1/2015,6/22/2015,"United States, Canada",ES_1123023_W6884 ECO_07022015021325_70037108,No
2244470,Asko,W6984,,461613,Front Load,,Residential,2,2.14,1.84,150,3.1,4.7,1847,No,,,,,,7/1/2015,6/22/2015,"United States, Canada",ES_1123023_W6984_07022015021325_70037108,No
2244467,Asko,W8844XL,,461615,Front Load,,Residential,2.7,2.41,1.84,150,3.1,4.7,2478,No,,,,No,,7/24/2015,7/23/2015,"United States, Canada",ES_1123023_W6424W_07262015025504_70041119,No
2236192,Beko,WMY 10148 C0,,8.69E+12,Front Load,,Residential,2.5,2.29,1.84,82,3.6,4.7,2676,No,,,No,Yes,DHP24412W and DHP24400W,4/1/2015,4/13/2015,"United States, Canada",ES_1036108_WMY 10148 C0_04082015143714_4800989,No
2236193,Beko,WMY 10148 W0,,8.69E+12,Front Load,,Residential,2.5,2.29,1.84,82,3.6,4.7,2676,No,,,No,Yes,DHP24412W and DHP24400W,4/1/2015,4/13/2015,"United States, Canada",ES_1036108_WMY 10148 W0_04102015161443_9456445,No
2236171,Beko,WTE 7604XLW0,,8.69E+12,Front Load,,Residential,2,2.09,1.84,67,3.5,4.7,2013,No,,,No,Yes,DV 17542,4/1/2015,4/10/2015,"United States, Canada",ES_1036108_WTE 7604XLW0_04082015142803_5956537,No
2236170,Blomberg,WM77120,,8.69E+12,Front Load,,Residential,2,2.09,1.84,67,3.5,4.7,2013,No,,,No,Yes,DV 17542,4/1/2015,4/10/2015,"United States, Canada",ES_1036108_WM77120_04082015142803_347253,No
2236194,Blomberg,WM 98200 SX,,8.69E+12,Front Load,,Residential,2.5,2.29,1.84,82,3.6,4.7,2676,No,,,No,Yes,DHP24412W and DHP24400W,4/1/2015,4/13/2015,"United States, Canada",ES_1036108_WM 98200 SX_04132015082955_2813836,No
2236191,Blomberg,WM 98400 SX,,8.69E+12,Front Load,,Residential,2.5,2.29,1.84,82,3.6,4.7,2676,No,,,No,Yes,DHP24412W and DHP24400W,4/1/2015,4/13/2015,"United States, Canada",ES_1036108_WM 98400 SX_04082015143714_2796899,No
2234997,Bosch,WAT28400UC,,8.25E+11,Front Load,Delayed Start,Residential,2.2,2.22,1.84,84,3.6,4.7,2294,No,,,No,Yes,"WTG86401UC,WTG86402UC",5/1/2015,3/20/2015,"United States, Canada",ES_31649_WAT28400UC_12192014125456_4933282,No
2242247,Bosch,WAT28401UC,,8.25E+11,Front Load,Delayed Start,Residential,2.2,2.22,1.84,84,3.6,4.7,2294,No,,,No,Yes,"WTG86401UC,WTG86402UC",9/16/2015,3/20/2015,"United States, Canada",ES_31649_WAT28401UC_06232015164156_1305658,No
2242248,Bosch,WAT28402UC,,8.25E+11,Front Load,Delayed Start,Residential,2.2,2.22,1.84,84,3.6,4.7,2294,No,,,No,Yes,"WTG86401UC,WTG86402UC",9/16/2015,3/20/2015,"United States, Canada",ES_31649_WAT28402UC_06232015164156_653955,No
2295159,Bosch,WAW285H2UC,,8.25E+11,Front Load,"Anti-Wrinkle,Gentle Cycle,Delayed Start,Sanitize Option,Hand Wash Cycle",Residential,2.2,2.22,1.84,84,3.7,4.7,2358,Yes,Wi-Fi,Other,,Yes,WTG865H2UC,9/1/2017,5/1/2017,"United States, Canada",ES_31649_WAW285H2UC_04292017160115_8727838,No
2236009,Crosley,CFW7400***,,12505386107,Front Load,,Residential,3.9,2.52,1.84,96,3,4.7,3452,No,,,,No,,3/17/2014,3/6/2015,"United States, Canada",ES_1021080_CFW7400***_04072015042915_70025431,No
2289579,Crosley,CFWH4084G**,,8.83E+11,Front Load,,Residential,4.2,2.92,1.84,85,3.2,4.7,3936,No,,,,Yes,ES_22856_CED7464G**_03232017015519_4119093,2/1/2017,12/8/2016,"United States, Canada",ES_92264_CFWH4084G**_01282017165803_2683820,Yes
2247951,Crosley,CFWH7300***,,12505386893,Front Load,,Residential,3.9,2.52,1.84,96,3,4.7,3452,No,,,,No,,9/8/2015,9/14/2015,"United States, Canada",ES_0092264_CFWH7300***_09142015114049_70046085,No
2234924,Crosley,CLCE600***,,12505386626,Top Load,,Residential,3.8,2.06,1.29,175,4.3,8.4,4820,No,,,,No,,3/19/2015,3/19/2015,"United States, Canada",ES_0015649_CLCE600***_03192015020957_70027013,No
2234926,Crosley,CLCE700***,,12505386633,Top Load,,Residential,3.8,2.06,1.29,175,4.3,8.4,4820,No,,,,No,,3/19/2015,3/19/2015,"United States, Canada",ES_0015649_CLCE700***_03192015020957_70027013,No
2297392,Electrolux,EFLS210****,,12505387180,Front Load,,Residential,2.4,2.13,1.84,90,3.8,4.7,2690,No,,,,No,,5/11/2017,2/24/2015,"United States, Canada",ES_1021080_EFLS210****_06092017023313_70138022,No
2260527,Electrolux,EFLS517****,,12505386688,Front Load,,Residential,4.3,2.76,1.84,85,3.2,4.7,4059,No,,,,Yes,EFME617****,2/24/2016,2/12/2016,"United States, Canada",ES_1021080_EFLS517****_02222016043811_70048470,Yes
2260517,Electrolux,EFLS617****,,12505386701,Front Load,,Residential,4.4,2.92,1.84,85,3.2,4.7,4154,No,,,,Yes,ES_1021080_EFME617****_02152016192144_4104308,2/24/2016,2/8/2016,"United States, Canada",ES_1021080_EFLS617****_02222016041952_70048471,Yes
2286032,Electrolux,EFLW317****,,12505386947,Front Load,,Residential,4.3,2.38,1.84,65,3.7,4.7,4693,No,,,,Yes,,1/1/2017,12/13/2016,"United States, Canada",ES_1021080_EFLW317****_12132016103613_70106926,No
2261335,Electrolux,EFLW417****,,12505386671,Front Load,,Residential,4.3,2.76,1.84,55,3.2,4.7,4059,No,,,,Yes,ES_1021080_EFME417****_02152016192532_4332028,3/3/2016,3/1/2016,"United States, Canada",ES_1021080_EFLW417****02222016043726_70048469,Yes
2233847,Electrolux,EIFLS20****,,12505386138,Front Load,,Residential,2.4,2.13,1.84,90,3.8,4.7,2690,No,,,,No,,1/1/2015,2/24/2015,"United States, Canada",ES_1021080_EIFLS20****_02242015024604_70024405,No
2235443,Electrolux,EIFLS55****,,12505381737,Front Load,,Residential,4.2,2.38,1.84,120,3.7,4.7,4584,No,,,,No,,11/16/2011,3/30/2015,"United States, Canada",ES_1021080_EIFLS55****_03302015115213_70025093,No
2234427,Electrolux,EIFLS60****,,12505383793,Front Load,,Residential,4.3,2.38,1.84,120,3.7,4.7,4693,No,,,,No,,10/28/2010,3/6/2015,"United States, Canada",ES_0015649_EIFLS60****_03102015013354_70025431,No
2234429,Electrolux,EIFLW50****,,12505384813,Front Load,,Residential,4.2,2.38,1.84,120,3.7,4.7,4584,No,,,,No,,11/15/2011,3/6/2015,"United States, Canada",ES_0015649_EIFLW50****_03102015013354_70025431,No
2238074,Kenmore,592-2922*,,1,Top Load,,Residential,4.3,2.09,1.29,132,4,8.4,5050,No,,,,No,,4/22/2015,4/22/2015,Canada,ES_0015649_592-2922*_04202015015759_70029832,No
2238075,Kenmore,592-2933*,,1,Top Load,,Residential,4.8,2.11,1.29,176,4.1,8.4,5757,No,,,,No,,4/22/2015,4/22/2015,Canada,ES_0015649_592-2933*_04202015015759_70029832,No
2253655,Kenmore,592-4941*,,1,Front Load,,Residential,3.6,2.4,1.84,106,3.5,4.7,3676,No,,,,No,,4/22/2015,4/22/2015,Canada,ES_0015649_592-4941*_04202015015759_70029832,No
2253654,Kenmore,592-4942*,,1,Front Load,,Residential,3.6,2.4,1.84,106,3.5,4.7,3676,No,,,,No,,4/22/2015,4/22/2015,Canada,ES_0015649_592-4942*_04202015015759_70029832,No
2238068,Kenmore,592-4944*,,1,Front Load,,Residential,4,2.5,1.84,100,3.3,4.7,3855,No,,,,No,,4/22/2015,4/22/2015,Canada,ES_0015649_592-4944*_04202015015759_70029832,No
2253656,Kenmore,592-4945*,,1,Front Load,,Residential,4,2.5,1.84,100,3.3,4.7,3855,No,,,,No,,4/22/2015,4/22/2015,Canada,ES_0015649_592-4945*_04202015015759_70029832,No
2238071,Kenmore,592-4946*,,1,Front Load,,Residential,4.3,2.55,1.84,107,3.3,4.7,4176,No,,,,No,,4/22/2015,4/22/2015,Canada,ES_0015649_592-4946*_04202015015759_70029832,No
2238070,Kenmore,592-4947*,,1,Front Load,,Residential,4.3,2.55,1.84,107,3.3,4.7,4176,No,,,,No,,4/22/2015,4/22/2015,Canada,ES_0015649_592-4947*_04202015015759_70029832,No
2238069,Kenmore,592-4948*,,1,Front Load,,Residential,4.3,2.55,1.84,107,3.3,4.7,4176,No,,,,No,,4/22/2015,4/22/2015,Canada,ES_0015649_592-4948*_04202015015759_70029832,No
2238072,Kenmore,592-4949*,,1,Front Load,,Residential,4.5,2.63,1.84,108,3.1,4.7,4088,No,,,,No,,4/22/2015,4/22/2015,Canada,ES_0015649_592-4949*_04202015015759_70029832,No
2256895,Kenmore,592-4961*,,8.87E+11,Front Load,,Residential,4.2,2.8,1.84,85,3.2,4.7,3927,No,,,,,,1/23/2016,1/11/2016,"United States, Canada",ES_0015649_592-4961*_01112016051357_70058875,Yes
2256898,Kenmore,592-4962*,,8.87E+11,Front Load,,Residential,4.2,2.6,1.84,115,3.3,4.7,4050,No,,,,,,1/23/2016,1/11/2016,"United States, Canada",ES_0015649_592-4962*_01112016051357_70058875,No
2256897,Kenmore,592-4964*,,8.87E+11,Front Load,,Residential,4.2,2.6,1.84,115,3.3,4.7,4050,No,,,,,,1/23/2016,1/11/2016,"United States, Canada",ES_0015649_592-4964*_01112016051357_70058875,No
2256896,Kenmore,592-4965*,,8.87E+11,Front Load,,Residential,4.2,2.6,1.84,115,3.3,4.7,4050,No,,,,,,1/23/2016,1/11/2016,"United States, Canada",ES_0015649_592-4965*_01112016051357_70058875,No
2256573,Kenmore,592-4966*,,8.87E+11,Front Load,,Residential,4.3,2.6,1.84,115,3.3,4.7,4186,No,,,,No,,1/23/2016,1/8/2016,"United States, Canada",ES_1023593_592-4966*_01072016045716_70058873,No
2256574,Kenmore,592-4967*,,8.87E+11,Front Load,,Residential,4.3,2.6,1.84,115,3.3,4.7,4186,No,,,,No,,1/23/2016,1/8/2016,"United States, Canada",ES_1023593_592-4967*_01072016045716_70058873,No
2256899,Kenmore,592-4968*,,8.87E+11,Front Load,,Residential,4.5,2.8,1.84,110,3,4.7,3956,No,,,,,,1/23/2016,1/11/2016,"United States, Canada",ES_0015649_592-4968*_01112016051357_70058875,Yes
2265091,Kenmore,592-4969*,,8.87E+11,Front Load,,Residential,5,2.92,1.84,105,2.9,4.7,4278,No,,,,No,,5/15/2016,4/21/2016,"United States, Canada",ES_0015649_592-4969*_04202016043835_70075116,Yes
2234426,Kenmore,970L4842****,,12505386213,Front Load,,Residential,3.9,2.52,1.84,96,3,4.7,3452,No,,,,No,,11/1/2014,3/6/2015,"United States, Canada",ES_0015649_970L4842****_03102015013354_70025431,No
2234425,Kenmore,970L4845****,,12505386275,Front Load,,Residential,3.9,2.52,1.84,96,3,4.7,3452,No,,,,No,,11/1/2014,3/6/2015,"United States, Canada",ES_0015649_970L4845****_03102015013354_70025431,No
2234923,Kenmore,970L9742***,,12505386565,Top Load,,Residential,3.8,2.06,1.29,175,4.3,8.4,4820,No,,,,No,,3/19/2015,3/19/2015,Canada,ES_0015649_970L9742***_03192015020957_70027013,No
2234925,Kenmore,970L9752***,,12505386572,Top Load,,Residential,3.8,2.06,1.29,175,4.3,8.4,4820,No,,,,No,,3/19/2015,3/19/2015,Canada,ES_0015649_970L9752***_03192015020957_70027013,No
2232889,LG,WM1377H*,,48231014328,Front Load,,Residential,2.3,2.07,1.84,120,4.2,4.7,2813,No,,,,No,,2/15/2015,2/4/2015,"United States, Canada",ES_1118034_WM1377H*_02092015025017_70022701,No
2290863,LG,WM1388H*,,48231016971,Front Load,,Residential,2.3,2.07,1.84,120,4.2,4.7,2813,No,,,,No,,3/19/2016,2/16/2017,"United States, Canada",ES_1118034_WM1388H*_02162017030113_70117116,No
2248318,LG,WM3050C*,,48231013963,Front Load,,Residential,4,2.67,1.84,100,3.3,4.7,3845,No,,,,No,,9/20/2015,9/21/2015,"United States, Canada",ES_1118034_WM3050C*_09222015052448_70047399,No
2269196,LG,WM3075C*,,1,Front Load,,Residential,4.3,2.85,1.84,90,2.9,4.7,3662,No,,,,No,,6/24/2016,6/1/2016,"United States, Canada",ES_1118034_WM3075C*_06072016120532_70082041,Yes
2286315,LG,WM3085C*,,1,Front Load,,Residential,4.5,2.92,1.84,90,3.2,4.7,4220,No,,,,No,,12/11/2016,12/13/2016,"United States, Canada",ES_1118034_WM3085C*_12152016042333_70113603,Yes
2232208,LG,WM3175C*,,7.72E+11,Front Load,,Residential,4.3,2.85,1.84,90,2.9,4.7,3662,No,,,,No,,1/30/2015,1/30/2015,Canada,ES_1118034_WM3175C*_01312015025807_70021310,Yes
2294726,LG,WM3180C*,,1,Front Load,,Residential,4.5,2.92,1.84,90,3.2,4.7,4220,No,,,,No,,4/17/2017,4/16/2017,"United States, Canada",ES_1118034_WM3180C*_04212017125304_70132174,Yes
2274057,LG,WM3270C*,,1,Front Load,,Residential,4.5,2.92,1.84,90,3.2,4.7,4220,No,,,,No,,7/29/2016,8/2/2016,"United States, Canada",ES_1118034_WM3270C*_08032016031832_70091421,Yes
2274058,LG,WM3275C*,,1,Front Load,,Residential,4.5,2.92,1.84,90,3.2,4.7,4220,No,,,,No,,7/29/2016,8/2/2016,"United States, Canada",ES_1118034_WM3275C*_08032016031832_70091421,Yes
2217706,LG,WM3370H*A,,1,Front Load,,Residential,4.3,2.76,1.84,100,3.2,4.7,4040,No,,,,No,N/A,8/30/2014,4/13/2016,"United States, Canada",ES_1118034_WM3370H*A_08202014020154_2753782,Yes
2232207,LG,WM3475H*A,,7.72E+11,Front Load,,Residential,4.3,2.7,1.84,100,2.9,4.7,3662,No,,,,No,,1/30/2015,1/30/2015,Canada,ES_1118034_WM3475H*A_01312015025807_70021310,No
2232890,LG,WM3570H*A,,1,Front Load,,Residential,4.3,2.76,1.84,100,3.2,4.7,4040,No,,,,No,N/A,2/15/2015,4/13/2016,"United States, Canada",ES_1118034_WM3570H*A_02092015025017_70022701,Yes
2259871,LG,WM3575C*,,48231015974,Front Load,,Residential,4.5,2.83,1.84,90,3.2,4.7,4239,No,,,,No,,2/9/2016,2/2/2016,"United States, Canada",ES_1118034_WM3575C*02092016030815_70061981,Yes
2274059,LG,WM3575C*,,1,Front Load,,Residential,4.5,2.92,1.84,90,3.2,4.7,4239,No,,,,No,,7/28/2016,8/2/2016,"United States, Canada",ES_1118034_WM3575C*_08032016031832_70091421,Yes
2237552,LG,WM3650H**,,1,Front Load,,Residential,4.3,2.38,1.84,105,3.7,4.7,4693,No,,,,No,,4/20/2015,3/31/2015,"United States, Canada",ES_1118034_WM3650H**_04212015061000_70028522,No
2259875,LG,WM3670H*A,,1,Front Load,,Residential,4.5,2.92,1.84,100,3.2,4.7,4220,No,,,,No,,2/9/2016,8/17/2016,"United States, Canada",ES_1118034_WM3670H*A02092016030815_70061981,Yes
2234428,Electrolux,EWFLS70****,,12505382796,Front Load,,Residential,4.3,2.38,1.84,120,3.7,4.7,4693,No,,,,No,,6/1/2010,3/6/2015,"United States, Canada",ES_0015649_EWFLS70****_03102015013354_70025431,No
2304535,Fisher and Paykel,WL4027P1,,8.23E+11,Top Load,,Residential,4,2.28,1.29,136,4.1,8.4,4862,No,,,,No,,10/22/2017,10/4/2017,"United States, Canada",ES_31708_WL4027P1_08242017173300_4112665,No
2300873,Fisher & Paykel,WH2424F1,,8.23E+11,Front Load,Steam Cycle,Residential,2.4,2.09,1.84,80,2.8,4.7,1982,No,,,,No,,7/30/2017,7/4/2017,"United States, Canada",ES_0031566_WH2424F1_07172017043721_70133503,No
2300874,Fisher & Paykel,WH2424P1,,8.23E+11,Front Load,Hand Wash Cycle,Residential,2.4,2.09,1.84,80,2.8,4.7,1982,No,,,,No,,7/30/2017,7/4/2017,"United States, Canada",ES_0031566_WH2424P1_07172017043721_70133503,No
2254030,Fisher & Paykel,WL4027G(+),,1,Top Load,,Residential,4,2.07,1.29,126,4,8.4,4673,No,,,,No,,12/1/2015,12/1/2015,"United States, Australia, New Zealand, Switzerland, Europe, Taiwan, Japan, Canada",ES_31708_WL4027G(+)_12012015222330_8610320,No
2236012,Frigidaire,FFFS5115***,,12505385711,Front Load,,Residential,3.8,2.44,1.84,108,3,4.7,3363,No,,,,No,,8/5/2013,3/6/2015,"United States, Canada",ES_1021080_FFFS5115***_04072015042915_70025431,No
2236010,Frigidaire,FFFW5000***,,12505386022,Front Load,,Residential,3.9,2.52,1.84,96,3,4.7,3452,No,,,,No,,5/1/2014,3/6/2015,"United States, Canada",ES_1021080_FFFW5000***_04072015042915_70025431,No
2236008,Frigidaire,FFFW5100***,,12505385704,Front Load,,Residential,3.9,2.52,1.84,96,3,4.7,3452,No,,,,No,,8/5/2013,3/6/2015,"United States, Canada",ES_1021080_FFFW5100***_04072015042915_70025431,No
2231581,Frigidaire,FFLE3911***,,12505385933,Top Load,,Residential,3.8,2.06,1.29,175,4.3,8.4,4820,No,,,,No,,1/22/2015,12/12/2014,"United States, Canada",ES_1021080_FFLE3911***_01222015114629_70020570,No
2231582,Frigidaire,FFLE39C1***,,12505385940,Top Load,,Residential,3.8,2.06,1.29,175,4.3,8.4,4820,No,,,,No,,1/22/2015,12/12/2014,"United States, Canada",ES_1021080_FFLE39C1***_01222015114629_70020570,No
2231586,Frigidaire,FFLE4033***,,12505385964,Top Load,,Residential,3.8,2.06,1.29,175,4.3,8.4,4820,No,,,,No,,1/22/2015,12/23/2014,"United States, Canada",ES_1021080_FFLE4033***_01222015114629_70020570,No
2231587,Frigidaire,FFLE40C3***,,12505385971,Top Load,,Residential,3.8,2.06,1.29,175,4.3,8.4,4820,No,,,,No,,1/22/2015,12/23/2014,"United States, Canada",ES_1021080_FFLE40C3***_01222015114629_70020570,No
2231583,Frigidaire,FFLG3911***,,12505385957,Top Load,,Residential,3.8,2.06,1.29,175,4.3,8.4,4820,No,,,,No,,1/22/2015,12/12/2014,"United States, Canada",ES_1021080_FFLG3911***_01222015114629_70020570,No
2231588,Frigidaire,FFLG4033***,,12505385988,Top Load,,Residential,3.8,2.06,1.29,175,4.3,8.4,4820,No,,,,No,,1/22/2015,12/23/2014,"United States, Canada",ES_1021080_FFLG4033***_01222015114629_70020570,No
2289499,GE,GFW148S*L***,,8469182418,Front Load,"Gentle Cycle,Steam Cycle,Delayed Start,Sanitize Option,Hand Wash Cycle",Residential,2.4,2.07,1.84,80,4.2,4.7,2912,No,,,,No,,2/9/2017,1/26/2016,United States,ES_1123206_GFW148S*L***_01272017163000_4600814,No
2266910,GE,GFW400S*K***,,8469182099,Front Load,,Residential,4.1,2.38,1.84,141,3.4,4.7,4112,No,,,,No,,8/1/2016,5/17/2016,"United States, Canada",ES_1123206_GFW400S*K***_05172016194416_4256552,No
2306811,GE,GFW400S*M***,"GFW400S*M***,GFW400SCMWW,",84691826552,Front Load,"Gentle Cycle,Delayed Start,Sanitize Option,Hand Wash Cycle",Residential,4.1,2.76,1.84,113,3.2,4.7,3852,No,,,,,,12/4/2017,11/27/2017,"United States, Canada",ES_1123206_GFW400S*M***_11272017134821_0501885,Yes
2267112,GE,GFW450S*K***,"GFW450SSKWW,GFW450SSKWW,",8469182020,Front Load,,Residential,4.5,2.66,1.84,131,2.8,4.7,3717,No,,,,No,,8/1/2016,5/19/2016,"United States, Canada",ES_1123206_GFW450S*K***_05192016162257_4977979,No
2267113,GE,GFW450S*K***,",GFW450SPKDG,",8469182021,Front Load,,Residential,4.5,2.66,1.84,131,2.8,4.7,3717,No,,,,No,,8/1/2016,5/19/2016,"United States, Canada",ES_1123206_GFW450S*K***_05192016163152_5512856,No
2306813,GE,GFW450S*M***,",GFW450SPMDG,; ,GFW450SSMWW,",84691826576,Front Load,"Gentle Cycle,Delayed Start,Sanitize Option,Hand Wash Cycle",Residential,4.5,2.76,1.84,116,3.2,4.7,4220,No,,,,,,12/4/2017,11/27/2017,"United States, Canada",ES_1123206_GFW450S*M***_11272017202142_4102375,Yes
2280844,GE,GFW490R*K***,",GFW480SPKDG,; ,GFW480SPKRR,; ,GFW480SSKWW,; ,GFW490RPKDG,; ,GFW490RPKRR,; ,GFW490RSKWW,"," 08469182026, 08469182022, 08469182024,08469182025, 08469182027, 08469182023",Front Load,,Residential,4.9,2.76,1.84,153,2.8,4.7,4047,No,,,,Yes,"GFD49E**K***
GFD48E**K***
GFD49G**K***
GFD48G**K***",10/3/2016,9/23/2016,United States,ES_1123206_GFW490R*K***_09232016171647_1007026,Yes
2229127,GE,GFWH1200H***,,8469126390,Front Load,"Delayed Start,Sanitize Option,Hand Wash Cycle",Residential,3.6,2.48,1.84,98,2.9,4.7,3054,No,,,,No,,11/19/2014,11/19/2014,"United States, Canada",ES_1123206_GFWS1200H***_12102014083227_2736895,No
2229126,GE,GFWN1100H***,,8469126290,Front Load,"Delayed Start,Hand Wash Cycle",Residential,3.6,2.55,1.84,90,2.9,4.7,3054,No,,,,No,,11/19/2014,11/19/2014,"United States, Canada",ES_1123206_GFWN1100H***_12102014083227_2736895,No
2240284,GE,GFWN1300J***,,8469181397,Front Load,,Residential,4.1,2.61,1.84,86,3.4,4.7,4112,No,,,,No,,6/1/2015,5/26/2015,"United States, Canada",ES_1123206_GFWN1300J***_05272015080448_70033381,No
2240283,GE,GFWN1600J***,,84691813965,Front Load,,Residential,4.3,2.38,1.84,99,3.2,4.7,4059,No,,,,No,,5/1/2015,5/25/2015,"United States, Canada",ES_1123206_GFWN1600J***_05272015080449_70031769,No
2232926,GE,GFWR2700H***,",GFWR2705H***,; ,GFWS2600F***,; GFWR2700H***,GFWR2700H***,",8,Front Load,,Residential,4.5,2.8,1.84,134,3,4.7,3947,No,,,,No,,2/15/2014,2/8/2015,United States,ES_1123206_GFWR2700H***_02102015220640_6000039,Yes
2240438,GE,GFWR2705H***,"GFWR2705H***,GFWR2705H***,",8,Front Load,,Residential,4.5,2.8,1.84,134,3,4.7,3947,No,,,,,,2/15/2014,5/23/2015,United States,ES_1123206_GFWR2705H***_05292015195527_9327707,Yes
2232925,GE,GFWR4800F***,"GFWR4800F***,GFWR4800F***,",8,Front Load,,Residential,4.8,2.92,1.84,132,2.8,4.7,3932,No,,,,No,,2/15/2014,2/8/2015,United States,ES_1123206_GFWR4800F***_02102015220214_5734030,Yes
2240436,GE,GFWR4805F***,"GFWR4805F***,GFWR4805F***,",8,Front Load,,Residential,4.8,2.92,1.84,132,2.8,4.7,3932,No,,,,,,2/15/2014,5/22/2015,United States,ES_1123206_GFWR4805F***_05222015170351_4231906,Yes
2213523,GE,GFWS1700H***,,8469126391,Front Load,"Delayed Start,Sanitize Option,Steam Cycle,Hand Wash Cycle",Residential,4.3,2.65,1.84,131,2.6,4.7,3306,No,,,,No,,6/30/2014,6/18/2014,"United States, Canada",ES_1123206_GFWS1700H***_06232014012757_2736895,No
2213524,GE,GFWS1705H***,,8469126392,Front Load,"Delayed Start,Sanitize Option,Steam Cycle,Hand Wash Cycle",Residential,4.3,2.65,1.84,131,2.6,4.7,3306,No,,,,No,,6/30/2014,6/18/2014,"United States, Canada",ES_1123206_GFWS1705H***_06232014012757_2736895,No
2240439,GE,GFWS2600F***,"GFWS2600F***,GFWS2600F***,",8,Front Load,,Residential,4.5,2.8,1.84,134,3,4.7,3947,No,,,,,,2/15/2014,5/23/2015,United States,ES_1123206_GFWS2600F***_05292015195603_9363637,Yes
2243043,GE,GTW485ASJ***,,8,Top Load,,Residential,4.2,2.06,1.29,152,4.3,8.4,5340,No,,,,No,,7/15/2015,7/10/2015,"United States, Canada",ES_1123206_GTW485ASJ***_07102015200335_8615211,No
2272025,GE,GTW485ASJ2WS,,8469181523,Top Load,,Residential,4.2,2.06,1.29,152,4.3,8.4,5340,No,,,,No,,7/11/2016,7/8/2016,"United States, Canada",ES_1123206_GTW485ASJ2WS_07082016164550_6350535,No
2285931,GE,GTW485ASJ3WS,,8469181523,Top Load,Gentle Cycle,Residential,4.2,2.06,1.29,152,4.3,8.4,5340,No,,,,No,,12/12/2016,12/9/2016,"United States, Canada",ES_1123206_GTW485ASJ3WS_12122016183213_7533056,No
2300602,GE,GTW485ASJ4WS,,84691815235,Top Load,Gentle Cycle,Residential,4.2,2.06,1.29,152,4.3,8.4,5328,No,,,,No,,8/10/2017,7/17/2017,United States,ES_1123206_GTW485ASJ4WS_07172017152347_5027989,No
2271277,GE,GTW485BMK***,,7,Top Load,,Residential,4.2,2.15,1.29,160,4,8.4,4956,No,,,,No,,8/15/2016,6/30/2016,Canada,ES_1123206_GTW485BMK***_06302016170448_6288702,No
2243170,GE,GTW490ACJ***,,8,Top Load,,Residential,4.4,2.07,1.29,133,4.1,8.4,5273,No,,,,No,,7/30/2015,7/10/2015,"United States, Canada",ES_1123206_GTW490ACJ***_07102015223452_7692862,No
2272023,GE,GTW490ACJ2WS,,8469181588,Top Load,,Residential,4.4,2.07,1.29,133,4.1,8.4,5273,No,,,,No,,7/11/2016,7/8/2016,"United States, Canada",ES_1123206_GTW490ACJ2WS_07082016164117_6077407,No
2272024,GE,GTW490ACJ2WW,,8469181201,Top Load,,Residential,4.4,2.07,1.29,133,4.1,8.4,5273,No,,,,No,,7/11/2016,7/8/2016,"United States, Canada",ES_1123206_GTW490ACJ2WW_07082016164138_6098233,No
2285929,GE,GTW490ACJ3WS,,8469181588,Top Load,Gentle Cycle,Residential,4.4,2.07,1.29,133,4.1,8.4,5273,No,,,,No,,12/12/2016,12/9/2016,"United States, Canada",ES_1123206_GTW490ACJ3WS_12122016183244_7564196,No
2285930,GE,GTW490ACJ3WW,,8469181201,Top Load,Gentle Cycle,Residential,4.4,2.07,1.29,133,4.1,8.4,5273,No,,,,No,,12/12/2016,12/9/2016,"United States, Canada",ES_1123206_GTW490ACJ3WW_12122016183306_7586518,No
2300603,GE,GTW490ACJ4WS,",GTW490ACJ4WW,",84691815884,Top Load,Gentle Cycle,Residential,4.4,2.07,1.29,133,4.1,8.4,5322,No,,,,No,,8/10/2017,7/17/2017,United States,ES_1123206_GTW490ACJ4WS_07172017153609_5769395,No
2271281,GE,GTW680BMK,,7,Top Load,,Residential,4.6,2.16,1.29,165,3.4,8.4,4624,No,,,,No,,8/15/2016,6/20/2016,Canada,ES_1123206_GTW680BMK_06302016175609_9369488,No
2300604,GE,GTW680BPL0DG,,84691825722,Top Load,"Gentle Cycle,Delayed Start,Sanitize Option",Residential,4.6,2.08,1.29,143,3.6,8.4,4906,No,,,,Yes,"22,970,242,297,023",6/19/2017,7/26/2017,United States,ES_1123206_GTW680BPL0DG_07262017165842_8322647,No
2243432,GE,GTW680BSJ***,,8,Top Load,,Residential,4.6,2.08,1.29,143,3.6,8.4,4906,No,,,,Yes,,7/15/2015,7/15/2015,"United States, Canada",ES_1123206_GTW680BSJ***_07162015225809_7489368,No
2272026,GE,GTW680BSJ3WS,,8469181078,Top Load,,Residential,4.6,2.08,1.29,143,3.6,8.4,4906,No,,,,Yes,"ES_1123206_GTD65EB*J***_08242015154618_1178596, ES_1123206_GTD65GB*J***_08242015155701_1821764",7/11/2016,7/8/2016,"United States, Canada",ES_1123206_GTW680BSJ3WS_07082016164816_6496700,No
2285932,GE,GTW680BSJ5WS,,8469181078,Top Load,Gentle Cycle,Residential,4.6,2.08,1.29,143,3.6,8.4,4906,No,,,,Yes,"2246396
2246397",5/1/2017,4/26/2017,United States,ES_1123206_GTW680BSJ4WS_12122016184150_8110488,No
2295635,GE,GTW685B*L***,",GTW685BPLDG,Color - Diamond Gray, UPC - 084691825739; ,GTW685BSLWS,Color - White / Silver, UPC - 084691825609","84691825609, 084691825739",Top Load,"Delayed Start,Sanitize Option",Residential,4.5,2.06,1.29,150,4.3,8.4,5683,No,,,,Yes,"2246396, 2246397",5/3/2017,4/26/2017,United States,ES_1123206_GTW685B*L***_05082017184751_9271148,No
2296553,GE,GTW750C*L***,",GTW750CPLDG,Color: Diamond Gray UPC: 084691825746; ,GTW750CSLWS,Color: White / Silver, UPC: 084691825623","84,691,825,746,084,600,000,000",Top Load,"Gentle Cycle,Sanitize Option,Delayed Start",Residential,5,2.06,1.29,176,4.3,8.4,6381,No,,,,Yes," 2297012, 2296977,2296978, 2297011",5/30/2017,5/24/2017,"United States, Canada",ES_1123206_GTW750C*L***_05242017160757_2077084,No
2238713,GE,GTW810S*J***,,8,Top Load,,Residential,5.1,2.76,1.29,152,3.5,8.4,5245,No,,,,Yes,"ES_1123206_GTD81ES*J***_05042015175301_1981609, ES_1123206_GTD81GS*J***_05042015175359_2039033",4/20/2015,4/30/2015,United States,ES_1123206_GTW810S*J***_04302015180548_7148523,No
2238714,GE,GTW860S*J***,,8,Top Load,,Residential,5.1,2.76,1.29,152,3.5,8.4,5245,No,,,,Yes,"ES_1123206_GTD86ES*J***_04172015164445_9085180, ES_1123206_GTD86GS*J***_05042015175141_1901305",4/20/2015,4/30/2015,United States,ES_1123206_GTW860S*J***_04302015175921_6761983,No
2234435,GE,WCVH4800****,,84691191063,Front Load,,Residential,2.2,2.1,1.84,99,4.1,4.7,2685,No,,,,No,,4/1/2015,3/5/2015,"United States, Canada",ES_1123206_WCVH4800****_03062015103533_70025761,No
2235752,GE,WCVH4800K***,,8,Front Load,"Gentle Cycle,Delayed Start,Hand Wash Cycle",Residential,2.2,2.1,1.84,99,4.1,4.7,2685,No,,,,No,,3/13/2015,3/10/2015,United States,ES_1123206_WCVH4800K***_03122015165310_9190332,No
2234347,Haier,HLTW500AXW,,6.88E+11,Top Load,,Residential,3.4,2.07,1.29,108,4,8.4,4012,No,,,,No,,2/28/2015,1/16/2015,"United States, Canada",ES_1105786_HLTW500AXW_01172015031200_70019652,No
2242767,Haier,HLTW600AXW,,1.41E+15,Top Load,,Residential,4.1,2.1,1.29,110,3.9,8.4,4694,No,,,,No,,6/5/2015,6/24/2015,"United States, Canada",ES_0031566_HLTW600AXW_05252015110249_70033212,No
2234520,Huebsch,YFNE5BJP113+,,1,Front Load,Gentle Cycle,Residential,3.4,2.38,1.84,68,3.7,4.7,3733,No,,,,No,,7/24/2014,3/11/2015,"United States, Canada",ES_0087091_YFNE5BJP113+_03112015034725_2751396,No
2234508,Huebsch,YFNE5RSP113+,,1,Front Load,Gentle Cycle,Residential,3.4,2.38,1.84,68,3.7,4.7,3733,No,,,,No,,7/24/2014,3/11/2015,"United States, Canada",ES_0087091_YFNE5RSP113+_03112015034725_2751396,No
2216983,Huebsch,YTEE5ASP173+,,1,Front Load,Delayed Start,Residential,3.4,2.38,1.84,68,3.7,4.7,3733,No,,,,No,,7/24/2014,7/30/2014,"United States, Canada",ES_0087091_YTEE5ASP173+_08012014052210_2751396,No
2234510,Huebsch,YTEE5ASP283+,,1,Front Load,Gentle Cycle,Residential,3.4,2.38,1.84,68,3.7,4.7,3733,No,,,,No,,7/24/2014,3/11/2015,"United States, Canada",ES_0087091_YTEE5ASP283+_03112015034725_2751396,No
2234511,Huebsch,YTGE5ASP093+,,1,Front Load,Gentle Cycle,Residential,3.4,2.38,1.84,68,3.7,4.7,3733,No,,,,No,,7/24/2014,3/11/2015,"United States, Canada",ES_0087091_YTGE5ASP093+_03112015034725_2751396,No
2234509,Huebsch,YTGE5ASP113+,,1,Front Load,Gentle Cycle,Residential,3.4,2.38,1.84,68,3.7,4.7,3733,No,,,,No,,7/24/2014,3/11/2015,"United States, Canada",ES_0087091_YTGE5ASP113+_03112015034725_2751396,No
2234512,Huebsch,ZFNE9BSP113+,,1,Front Load,Gentle Cycle,Residential,3.4,2.38,1.84,68,3.7,4.7,3733,No,,,,No,,7/24/2014,3/11/2015,"United States, Canada",ES_0087091_ZFNE9BSP113+_03112015034725_2751396,No
2305859,Insignia,NS-TWM48WH8B,,6.01E+11,Top Load,None,Residential,4.8,,1.29,92,4.3,8.4,6025,No,,,,No,,10/12/2017,10/12/2017,"United States, Canada",ES_1059185_NS-TWM48WH8B_10242017075052_1452177,No
2216972,IPSO,BFNE6BJP113+,,1,Front Load,Delayed Start,Residential,3.4,2.38,1.84,68,3.7,4.7,3733,No,,,,No,,7/24/2014,7/30/2014,"United States, Canada",ES_0087091_BFNE6BJP113+_08012014052210_2751396,No
2216979,IPSO,BTEE6ASP173+,,1,Front Load,Delayed Start,Residential,3.4,2.38,1.84,68,3.7,4.7,3733,No,,,,No,,7/24/2014,7/30/2014,"United States, Canada",ES_0087091_BTEE6ASP173+_08012014052210_2751396,No
2234514,IPSO,BTEE6ASP283+,,1,Front Load,Gentle Cycle,Residential,3.4,2.38,1.84,68,3.7,4.7,3733,No,,,,No,,7/24/2014,3/11/2015,"United States, Canada",ES_0087091_BTEE6ASP283+_03112015034725_2751396,No
2234515,IPSO,BTGE6ASP093+,,1,Front Load,Gentle Cycle,Residential,3.4,2.38,1.84,68,3.7,4.7,3733,No,,,,No,,7/24/2014,3/11/2015,"United States, Canada",ES_0087091_BTGE6ASP093+_03112015034725_2751396,No
2234513,IPSO,BTGE6ASP113+,,1,Front Load,Gentle Cycle,Residential,3.4,2.38,1.84,68,3.7,4.7,3733,No,,,,No,,7/24/2014,3/11/2015,"United States, Canada",ES_0087091_BTGE6ASP113+_03112015034725_2751396,No
2298589,Kenmore,2613*41+,,8.83E+11,Top Load,,Residential,4.8,2.06,1.29,169,4.3,8.4,6076,No,,,,No,,6/1/2016,4/25/2016,"United States, Canada",ES_22856_2613*41+_06272017013450_7290057,No
2298590,Kenmore,2713*41+,,8.83E+11,Top Load,,Residential,4.8,2.06,1.29,169,4.3,8.4,6076,No,,,,No,,6/1/2016,4/25/2016,"United States, Canada",ES_22856_2713*41+_06272017013801_7481563,No
2298591,Kenmore,2813*41+,,8.83E+11,Top Load,,Residential,5.3,2.06,1.29,195,4.3,8.4,6698,No,,,,Yes,68132410,6/1/2016,4/25/2016,"United States, Canada",ES_22856_2813*41+_06272017014116_7676091,No
2298592,Kenmore,2913*41+,,8.83E+11,Top Load,,Residential,5.3,2.06,1.29,195,4.3,8.4,6698,No,,,,Yes,69132410,6/1/2016,4/25/2016,"United States, Canada",ES_22856_2913*41+_06272017014452_7892363,No
2237549,Kenmore,3142#,,1,Top Load,,Residential,4.9,2.76,1.29,113,3.5,8.4,5059,No,,,,No,,4/20/2015,3/31/2015,"United States, Canada",ES_1118034_3142#41#_04212015061000_70028522,No
2237548,Kenmore,3146#,,1,Top Load,,Residential,5,2.38,1.29,135,3.7,8.4,5458,No,,,,No,,4/20/2015,3/31/2015,"United States, Canada",ES_1118034_3146#41#_04212015061000_70028522,No
2269195,Kenmore,3155#,,1,Top Load,,Residential,5.2,2.38,1.29,130,3.7,8.4,5643,No,,,,No,,6/24/2016,6/1/2016,"United States, Canada",ES_15649_3155#_06072016120532_70082041,No
2298593,Kenmore,3163*61*,,8.83E+11,Top Load,Delayed Start,Residential,6.2,2.06,1.29,271,4.3,8.4,7827,No,,,,Yes," 7163*61*,6163*61*",6/1/2016,4/25/2016,"United States, Canada",ES_22856_3163*61*_06272017015026_8226044,No
2232893,Kenmore,4107#,,1,Front Load,,Residential,5.2,2.92,1.84,120,3.2,4.7,4880,No,,,,No,,5/20/2016,5/20/2016,"United States, Canada",ES_1118034_4107####_02092015025017_70022701,Yes
2217705,Kenmore,4116#,,1,Front Load,,Residential,4.3,2.85,1.84,90,2.9,4.7,3662,No,,,,No,,8/30/2014,8/20/2014,"United States, Canada",ES_0015649_4116####_08202014020154_2753782,Yes
2259878,Kenmore,4126#,,1,Front Load,,Residential,4.5,2.92,1.84,90,3.2,4.7,4220,No,,,,No,,2/9/2016,2/2/2016,"United States, Canada",ES_00156490_4126#02092016030815_70061981,Yes
2270240,Kenmore,4130#,,1,Front Load,,Residential,4.5,2.82,1.84,105,2.9,4.7,3841,No,,,,No,,7/3/2016,6/15/2014,"United States, Canada",ES_1118034_4130#_06212016044711_70083225,Yes
2274053,Kenmore,4130#,,1,Front Load,,Residential,4.5,2.92,1.84,105,3.2,4.7,4248,No,,,,No,,7/22/2016,8/2/2016,"United States, Canada",ES_15649_4130#_08032016031832_70091421,Yes
2217704,Kenmore,4138#,,1,Front Load,,Residential,4.3,2.76,1.84,100,3.2,4.7,4040,No,,,,No,N/A,8/30/2014,4/13/2016,"United States, Canada",ES_0015649_4138#41#_08202014020154_2753782,Yes
2259877,Kenmore,4139#,,1,Front Load,,Residential,4.5,2.83,1.84,90,3.2,4.7,4239,No,,,,No,,2/9/2016,2/2/2016,"United States, Canada",ES_0015649_4139#02092016030815_70061981,Yes
2274060,Kenmore,4139#,,1,Front Load,,Residential,4.5,2.92,1.84,90,3.2,4.7,4239,No,,,,No,,7/28/2016,8/2/2016,"United States, Canada",ES_15649_4139#_08032016031832_70091421,Yes
2217708,Kenmore,4148#,,1,Front Load,,Residential,4.5,2.83,1.84,90,3.2,4.7,4239,No,,,,No,N/A,8/30/2014,4/13/2016,"United States, Canada",ES_0015649_4148####_08202014020154_2753782,Yes
2217703,Kenmore,4158#,,1,Front Load,,Residential,4.5,2.83,1.84,105,2.9,4.7,3841,No,,,,No,,8/30/2014,8/20/2014,"United States, Canada",ES_0015649_4158####_08202014020154_2753782,Yes
2274056,Kenmore,4158#,,1,Front Load,,Residential,4.5,2.92,1.84,105,3.2,4.7,4239,No,,,,No,,3/1/2015,8/2/2016,"United States, Canada",ES_1118034_4158#_08032016031832_70091421,Yes
2270239,Kenmore,4168#,,1,Front Load,,Residential,4.5,2.82,1.84,105,2.9,4.7,3841,No,,,,No,,7/3/2016,6/15/2014,"United States, Canada",ES_1118034_4168#_06212016044711_70083225,Yes
2274052,Kenmore,4168#,,1,Front Load,,Residential,4.5,2.92,1.84,105,3.2,4.7,4248,No,,,,No,,7/22/2016,8/2/2016,"United States, Canada",ES_15649_4168#_08032016031832_70091421,Yes
2236011,Kenmore,417.4112*41*,,12505385858,Front Load,,Residential,3.9,2.52,1.84,96,3,4.7,3452,No,,,,No,,8/1/2014,3/6/2015,"United States, Canada",ES_1021080_417.4112*41*_04072015042915_70025431,No
2233848,Kenmore,417.4191*51*,,12505386480,Front Load,,Residential,2.4,2.13,1.84,90,3.8,4.7,2690,No,,,,No,,3/18/2015,2/24/2015,"United States, Canada",ES_1021080_417.4191*51*_02242015024604_70024405,No
2297393,Kenmore,417.4194*71*,,12505387197,Front Load,,Residential,2.4,2.13,1.84,91,3.8,4.7,2690,No,,,,No,,5/11/2017,2/24/2015,"United States, Canada",ES_0015649_417.4194*71*_06092017023313_70138022,No
2231584,Kenmore,417.6171*51*,,12505386343,Top Load,,Residential,3.8,2.06,1.29,175,4.3,8.4,4820,No,,,,No,,1/22/2015,12/12/2014,"United States, Canada",ES_1021080_417.6171*51*_01222015114629_70020570,No
2231589,Kenmore,417.6172*51*,,12505386367,Top Load,,Residential,3.8,2.06,1.29,175,4.3,8.4,4820,No,,,,No,,1/22/2015,12/23/2014,"United States, Canada",ES_1021080_417.6172*51*_01222015114629_70020570,No
2231585,Kenmore,417.7171*51*,,12505386350,Top Load,,Residential,3.8,2.06,1.29,175,4.3,8.4,4820,No,,,,No,,1/22/2015,12/12/2014,"United States, Canada",ES_1021080_417.7171*51*_01222015114629_70020570,No
2231590,Kenmore,417.7172*51*,,12505386374,Top Load,,Residential,3.8,2.06,1.29,175,4.3,8.4,4820,No,,,,No,,1/22/2015,12/23/2014,"United States, Canada",ES_1021080_417.7172*51*_01222015114629_70020570,No
2268419,Kenmore,4196#,,1,Front Load,,Residential,5.2,2.92,1.84,100,3.2,4.7,4880,No,,,,No,,6/4/2016,5/20/2016,"United States, Canada",ES_15649_4196#_06012016012059_70080091,Yes
2286313,Kenmore,4198#,,1,Front Load,,Residential,5.2,2.76,1.84,170,3.2,4.7,4890,No,,,,No,,1/2/2017,12/13/2016,"United States, Canada",ES_1118034_4198#_12152016042333_70113603,Yes
2274054,LG,WM3770H*A,,1,Front Load,,Residential,4.5,2.92,1.84,105,3.2,4.7,4239,No,,,,No,,7/22/2016,8/2/2016,"United States, Canada",ES_1118034_WM3770H*A_08032016031832_70091421,Yes
2274055,LG,WM4270H*A,,1,Front Load,,Residential,4.5,2.92,1.84,105,3.2,4.7,4239,No,,,,No,,3/1/2015,8/2/2016,"United States, Canada",ES_1118034_WM4270H*A_08032016031832_70091421,Yes
2274051,LG,WM4370H*A,,1,Front Load,,Residential,4.5,2.92,1.84,105,3.2,4.7,4248,No,,,,No,,7/22/2016,8/2/2016,"United States, Canada",ES_1118034_WM4370H*A_08032016031832_70091421,Yes
2274050,LG,WM5000H*A,,1,Front Load,,Residential,4.5,2.92,1.84,105,2.8,4.7,3676,No,,,,No,,7/27/2015,5/10/2017,"United States, Canada",ES_1118034_WM5000H*A_08032016031832_70091421,Yes
2286314,LG,WM5005H*A,,1,Front Load,,Residential,4.5,2.92,1.84,105,2.8,4.7,3676,No,,,,No,,12/11/2016,5/10/2017,"United States, Canada",ES_1118034_WM5005H*A_12152016042333_70113603,Yes
2232891,LG,WM8000H**,,48231012492,Front Load,,Residential,5.2,2.74,1.84,120,2.9,4.7,4423,No,,,,No,,2/15/2015,2/4/2015,"United States, Canada",ES_1118034_WM8000H**_02092015025017_70022701,No
2268422,LG,WM8100H*A,,1,Front Load,,Residential,5.2,2.92,1.84,120,3.2,4.7,4880,No,,,,No,,5/20/2016,5/20/2016,"United States, Canada",ES_1118034_WM8100H*A_06012016012059_70080091,Yes
2232892,LG,WM8500H**,,48231014281,Front Load,,Residential,5.2,2.74,1.84,120,2.9,4.7,4423,No,,,,No,,2/15/2015,2/4/2015,"United States, Canada",ES_1118034_WM8500H**_02092015025017_70022701,No
2241692,LG,WM9000H*A,,48231015349,Front Load,,Residential,5.2,2.92,1.84,120,3.2,4.7,4880,No,,,,No,No,6/16/2015,6/16/2015,"United States, Canada",ES_1118034_WM9000H*A_06172015032836_70036726,Yes
2268418,LG,WM9500H*A,,1,Front Load,,Residential,5.8,2.92,1.84,120,3.2,4.7,5437,No,,,,No,,6/26/2016,6/1/2016,"United States, Canada",ES_1118034_WM9500H*A_06012016012059_70080091,Yes
2232895,LG,WT1101C*,,48231013239,Top Load,,Residential,4.1,2.06,1.29,170,4.3,8.4,5252,No,,,,No,,2/15/2015,2/4/2015,"United States, Canada",ES_1118034_WT1101C*_02092015025017_70022701,No
2268421,LG,WT1150C*,,1,Top Load,,Residential,4.5,2.38,1.29,140,3.7,8.4,4901,No,,,,No,,9/30/2016,10/26/2016,"United States, Canada",ES_1118034_WT1150C*_06012016012059_70080091,No
2232894,LG,WT1201C*,,48231013369,Top Load,,Residential,4.3,2.06,1.29,170,4.3,8.4,5480,No,,,,No,,2/15/2015,2/4/2015,"United States, Canada",ES_1118034_WT1201C*_02092015025017_70022701,No
2237550,LG,WT1301C*,,1,Top Load,,Residential,4.5,2.38,1.29,120,3.7,8.4,4912,No,,,,No,,4/20/2015,3/31/2015,"United States, Canada",ES_1118034_WT1301C*_04212015061000_70028522,No
2242223,LG,WT1501C*,,48231015905,Top Load,,Residential,4.5,2.38,1.29,140,3.7,8.4,4901,No,,,,No,,6/25/2015,6/25/2015,"United States, Canada",ES_1118034_WT1501C*_06252015031004_70036263,No
2232897,LG,WT1701C*,,48231013666,Top Load,,Residential,4.9,2.76,1.29,113,3.5,8.4,5008,No,,,,No,,9/20/2015,9/21/2015,"United States, Canada",ES_1118034_WT1701C*_02092015025017_70022701,No
2217198,LG,WT1801H*A,,48231015134,Top Load,"Steam Cycle,Delayed Start,Sanitize Option",Residential,4.9,2.38,1.29,135,3.7,8.4,5294,No,,,,No,,9/20/2015,9/21/2015,"United States, Canada",ES_1118034_WT1801H*A_08112014021805_2750023,No
2286316,LG,WT1901C*,,1,Top Load,,Residential,5,2.38,1.29,130,3.7,8.4,5479,No,,,,No,,12/22/2016,12/13/2016,"United States, Canada",ES_1118034_WT1901C*_12152016042333_70113603,No
2232896,LG,WT4970C*,,48231014878,Top Load,,Residential,4.5,2.06,1.29,150,4.3,8.4,5696,No,,,,No,,2/15/2015,2/4/2015,"United States, Canada",ES_1118034_WT4970C*_02092015025017_70022701,No
2237551,LG,WT5270C*,,1,Top Load,,Residential,4.9,2.76,1.29,113,3.5,8.4,5059,No,,,,No,,4/20/2015,3/31/2015,"United States, Canada",ES_1118034_WT5270C*_04212015061000_70028522,No
2268420,LG,WT5275C*,,1,Top Load,,Residential,4.5,2.38,1.29,140,3.7,8.4,4901,No,,,,No,,6/30/2016,5/20/2016,"United States, Canada",ES_1118034_WT5275C*_06012016012059_70080091,No
2217199,LG,WT5480C*,,48231013574,Top Load,Delayed Start,Residential,5,2.76,1.29,113,3.5,8.4,5183,No,,,,No,,9/20/2015,9/21/2015,"United States, Canada",ES_1118034_WT5480C*_08112014021805_2750023,No
2233260,LG,WT5680H*A,,7.72E+11,Top Load,,Residential,5,2.38,1.29,135,3.7,8.4,5479,No,,,,No,,2/15/2015,2/18/2015,"United States, Canada",ES_1118034_WT5680H*A_02182015013900_70023041,No
2294725,LG,WT7050C*,,1,Top Load,,Residential,4.5,2.06,1.29,180,4.3,8.4,5696,No,,,,No,,4/16/2017,4/16/2017,"United States, Canada",ES_1118034_WT7050C*_04212017125304_70132174,No
2284805,LG,WT7200C*,,1,Top Load,,Residential,5,2.38,1.29,130,3.7,8.4,5479,No,,,,No,,12/5/2016,11/24/2016,"United States, Canada",ES_1118034_WT7200C*_11242016044200_70109502,No
2259873,LG,WT7500C*,,48231016636,Top Load,,Residential,5.2,2.38,1.29,130,3.7,8.4,5621,No,,,,No,,2/9/2016,2/2/2016,"United States, Canada",ES_1118034_WT7500C*02092016030815_70061981,No
2259872,LG,WT7600H*A,,48231016612,Top Load,,Residential,5.2,2.38,1.29,130,3.7,8.4,5643,No,,,,No,,2/9/2016,2/2/2016,"United States, Canada",ES_1118034_WT7600H*A02092016030815_70061981,No
2223859,LG,WT7700H*A,,48231014908,Top Load,,Residential,5.7,2.76,1.29,150,3.2,8.4,5381,No,,,,No,,11/21/2014,10/28/2014,"United States, Canada",ES_1118034_WT7700H*A_10292014105805_2774959,Yes
2237558,LG,WT7710H*A,,1,Top Load,,Residential,5.7,2.76,1.29,150,3.2,8.4,5381,No,,,,No,,1/31/2016,4/20/2015,"United States, Canada",ES_1118034_WT9000H*A_04212015062404_70030499,Yes
2265407,Maytag,MHW3100D*+,,8,Front Load,Delayed Start,Residential,4.2,2.38,1.84,109,3.7,4.7,4552,No,,,,Yes,MED3100DW0,6/1/2016,4/25/2016,"United States, Canada",ES_22856_MHW3100D*+_04252016232441_6681903,No
2265420,Maytag,MHW3500F**,,8.83E+11,Front Load,Delayed Start,Residential,4.5,2.92,1.84,87,3.2,4.7,4210,No,,,,Yes,MED3500FW,6/1/2016,4/25/2016,"United States, Canada",ES_22856_MHW3500F**_04262016182410_5050572,Yes
2265419,Maytag,MHW3505F**,,8.83E+11,Front Load,Delayed Start,Residential,4.4,2.92,1.84,88,3.2,4.7,4116,No,,,,No,,6/1/2016,4/25/2016,"United States, Canada",ES_22856_MHW3505F**_04262016182213_4933320,Yes
2265408,Maytag,MHW4100D*+,,8,Front Load,Delayed Start,Residential,4.2,2.38,1.84,109,3.7,4.7,4552,No,,,,Yes,MED4100DW0,6/1/2016,4/25/2016,"United States, Canada",ES_22856_MHW4100D*+_04252016232831_6911541,No
2265409,Maytag,MHW4300D*+,,8,Front Load,Delayed Start,Residential,4.2,2.38,1.84,109,3.7,4.7,4552,No,,,,No,,6/1/2016,4/25/2016,"United States, Canada",ES_22856_MHW4300D*+_04252016233153_7113321,No
2265410,Maytag,MHW5100D*+,,8,Front Load,Delayed Start,Residential,4.5,2.75,1.84,109,3.2,4.7,4239,No,,,,Yes,MED5100DW0,6/1/2016,4/25/2016,"United States, Canada",ES_22856_MHW5100D*+_04252016233419_7259753,No
2265411,Maytag,MHW5400D*+,,8,Front Load,Delayed Start,Residential,4.2,2.38,1.84,109,3.7,4.7,4552,No,,,,No,,6/1/2016,4/25/2016,"United States, Canada",ES_22856_MHW5400D*+_04252016233647_7407053,No
2265417,Maytag,MHW5500F**,",MHW5500FC,; ,MHW5500FW,",8.83E+11,Front Load,Delayed Start,Residential,4.5,2.92,1.84,89,3.2,4.7,4210,No,,,,Yes,MED5500FW,6/1/2016,4/25/2016,"United States, Canada",ES_22856_MHW5500F**_04262016181719_4639865,Yes
2265412,Maytag,MHW7100D*+,,8,Front Load,Delayed Start,Residential,4.5,2.75,1.84,109,3.2,4.7,4239,No,,,,Yes,MED7100DW0,6/1/2016,4/25/2016,"United States, Canada",ES_22856_MHW7100D*+_04252016233909_7549184,No
2265413,Maytag,MHW8100D*+,,8,Front Load,Delayed Start,Residential,4.5,2.75,1.84,109,3.2,4.7,4239,No,,,,Yes,MED8100DW0,6/1/2016,4/25/2016,"United States, Canada",ES_22856_MHW8100D*+_04252016234130_7690297,No
2265416,Maytag,MHW8150E**,,8,Front Load,Delayed Start,Residential,4.5,2.75,1.84,79,3.2,4.7,4239,No,,,,Yes,MED8150E**,6/1/2016,4/25/2016,"United States, Canada",ES_22856_MHW8150E**_04262016181423_4463458,No
2265418,Maytag,MHW8200F**,",MHW8200FC,; ,MHW8200FW,",8.83E+11,Front Load,Delayed Start,Residential,4.5,2.92,1.84,89,3.2,4.7,4210,No,,,,Yes,MED8200FW,6/1/2016,4/25/2016,"United States, Canada",ES_22856_MHW8200F**_04262016182005_4805023,Yes
2265421,Maytag,MVWB755D*+,,8,Top Load,,Residential,4.8,2.06,1.29,160,4.3,8.4,6076,No,,,,Yes,MEDB755DW0,6/1/2016,4/25/2016,"United States, Canada",ES_22856_MVWB755D*+_04262016194546_9946538,No
2265422,Maytag,MVWB835D*+,,8,Top Load,,Residential,5.3,2.06,1.29,187,4.3,8.4,6698,No,,,,Yes,MEDB835DW0,6/1/2016,4/25/2016,"United States, Canada",ES_22856_MVWB835D*+_04262016194858_0138438,No
2265423,Maytag,MVWB855D*+,,8,Top Load,,Residential,5.3,2.06,1.29,187,4.3,8.4,6698,No,,,,Yes,MEDB855DW0,6/1/2016,4/25/2016,"United States, Canada",ES_22856_MVWB855D*+_04262016195130_0290983,No
2265424,Maytag,MVWB865F**,,8,Top Load,Delayed Start,Residential,5.3,2.06,1.29,198,4.3,8.4,6698,No,,,,No,,6/1/2016,4/25/2016,"United States, Canada",ES_22856_MVWB865F**_04262016195322_0402700,No
2276261,Maytag,MVWB955F**,,8,Top Load,,Residential,6.2,2.38,1.29,240,3.7,8.4,6735,No,,,,Yes,"MEDB955F**, MGDB955F**",6/1/2016,8/22/2016,"United States, Canada",ES_22856_MVWB955F**_08222016220340_3420991,No
2294519,Midea,MAD160S2801PS,,1.41E+15,Top Load,,Residential,4.1,2.1,1.29,110,3.9,8.4,4694,No,,,,No,,4/19/2017,4/19/2017,"United States, Canada",ES_1030337_MAD160S2801PS_02142017062728_70122453,No
2250169,Primus,PFNE3BJP113+,,1,Front Load,Gentle Cycle,Residential,3.4,2.38,1.84,68,3.7,4.7,3733,No,,,,No,,9/30/2015,10/14/2015,"United States, Canada",ES_0087091_PFNE3BJP113+_10142015011640_70050041,No
2250168,Primus,PFNE3RSP113+,,1,Front Load,Gentle Cycle,Residential,3.4,2.38,1.84,68,3.7,4.7,3733,No,,,,No,,9/30/2015,10/14/2015,"United States, Canada",ES_0087091_PFNE3RSP113+_10142015011640_70050041,No
2250170,Primus,PTEE3FSP173+,,1,Front Load,Gentle Cycle,Residential,3.4,2.38,1.84,68,3.7,4.7,3733,No,,,,No,,9/30/2015,10/14/2015,"United States, Canada",ES_0087091_PTEE3FSP173+_10142015011640_70050041,No
2250171,Primus,PTGE3FSP113+,,1,Front Load,Gentle Cycle,Residential,3.4,2.38,1.84,68,3.7,4.7,3733,No,,,,No,,9/30/2015,10/14/2015,"United States, Canada",ES_0087091_PTGE3FSP113+_10142015011640_70050041,No
2294520,RCA,RW410,,1.41E+15,Top Load,,Residential,4.1,2.1,1.29,110,3.9,8.4,4694,No,,,,No,,4/19/2017,4/19/2017,"United States, Canada",ES_1030337_RW410_02142017062728_70122453,No
2234638,Samsung,WA45H70**A*,,8.87E+11,Top Load,,Residential,4.5,2.06,1.29,131,3.8,8.4,5011,No,,,,No,,4/15/2015,3/3/2015,"United States, Canada",ES_1023593_WA45H70**A*_03032015050339_70025332,No
2253653,Samsung,WA45H72**A*,,1,Top Load,,Residential,4.3,2.06,1.29,131,4,8.4,5050,No,,,,No,,4/22/2015,4/22/2015,Canada,ES_0015649_WA45H72**A*_04202015015759_70029832,No
2256572,Samsung,WA45K71**A*,,8.87E+11,Top Load,,Residential,4.5,2.06,1.29,125,4.3,8.4,5708,No,,,,No,,1/23/2016,1/8/2016,"United States, Canada",ES_1023593_WA45K71**A*_01072016045716_70058873,No
2256571,Samsung,WA45K76**A*,,8.87E+11,Top Load,,Residential,4.5,2.06,1.29,125,4.3,8.4,5708,No,,,,No,,1/23/2016,1/8/2016,"United States, Canada",ES_1023593_WA45K76**A*_01072016045716_70058873,No
2284806,Samsung,WA45M70**A*,,8.87E+12,Top Load,,Residential,4.5,2.06,1.29,125,4.3,8.4,5708,No,,,,No,,1/1/2017,11/23/2016,"United States, Canada",ES_1023593_WA45M70**A*_11242016052047_70108499,No
2217197,Samsung,WA48H74**A*,,8.87E+11,Top Load,,Residential,4.8,2.21,1.29,145,3.9,8.4,5476,No,,,,No,,9/15/2014,8/1/2014,"United States, Canada",ES_1023593_WA48H74**A*_07312014111101_2748314,No
2233078,Samsung,WA48J770*A*,,8.87E+11,Top Load,,Residential,4.8,2.29,1.29,129,3.9,8.4,5476,No,,,,Yes,"ES_1023593_DV48J770*G*_01102015074124_70019625, ES_1023593_DV48J770*E*_01102015074101_70019623",3/15/2015,2/11/2015,United States,ES_1023593_WA48J770*A*_02112015043656_7002369,No
2233079,Samsung,WA48J777*A*,,8.87E+11,Top Load,,Residential,4.8,2.29,1.29,129,3.9,8.4,5476,No,,,,Yes,"ES_1023593_DV48J777*G*_01102015074124_70019625, ES_1023593_DV48J777*E*_01102015074101_70019623",3/15/2015,2/11/2015,United States,ES_1023593_WA48J777*A*_02112015043656_7002369,No
2254238,Samsung,WA50K86**A*,,8.87E+11,Top Load,,Residential,5,2.38,1.29,120,3.7,8.4,5458,No,,,,No,,12/20/2015,11/30/2015,"United States, Canada",ES_1023593_WA50K86**A*_11252015041931_70054673,No
2287285,Samsung,WA50M74**A*,,8.87E+11,Top Load,,Residential,5,2.06,1.29,125,4.3,8.4,6343,No,,,,No,,2/12/2016,12/27/2016,"United States, Canada",ES_1023593__WA50M74**A*_12282016061958_70115042,No
2231230,Samsung,WA52J806*A*,,8.87E+11,Top Load,,Residential,5.2,2.38,1.29,110,3.7,8.4,5632,No,,,,Yes,"ES_1023593_DV52J806*E*_01102015074101_70019623, ES_1023593_DV52J806*G*_01102015074124_70019625",2/15/2015,1/7/2015,United States,ES_1023593_WA52J806*A*_01102015074039_70019619,No
2232846,Samsung,WA52J870*A*,,8.87E+11,Top Load,,Residential,5.2,2.28,1.29,165,3.8,8.4,5784,No,,,,Yes,"ES_1023593_DV52J870*E*_01102015074101_70019623, ES_1023593_DV52J870*G*_01102015074124_70019625",3/30/2015,2/3/2015,"United States, Canada",ES_1023593_WA52J870*A*_02092015034438_70022387,No
2288400,Samsung,WA52M77**A*,,8.87E+11,Top Load,,Residential,5.2,2.06,1.29,165,4.3,8.4,6596,No,,,,No,,2/1/2017,1/12/2017,"United States, Canada",ES_1023593_WA52M77**A*_01122017122713_70115961,No
2288401,Samsung,WA52M86**A*,,8.87E+11,Top Load,,Residential,5.2,2.06,1.29,125,4.3,8.4,6596,No,,,,No,,2/1/2017,1/12/2017,"United States, Canada",ES_1023593_WA52M86**A*_01122017122713_70115961,No
2288402,Samsung,WA54M87**A*,,8.87E+11,Top Load,,Residential,5.4,2.06,1.29,165,4.3,8.4,6850,No,,,,No,,2/1/2017,1/12/2017,"United States, Canada",ES_1023593_WA54M87**A*_01122017122713_70115961,No
2234636,Samsung,WA56H90**A*,,8.87E+11,Top Load,,Residential,5.6,2.3,1.29,194,4.2,8.4,6889,No,,,,No,,4/15/2015,3/3/2015,"United States, Canada",ES_1023593_WA56H90**A*_03032015050339_70025332,No
2233302,Samsung,WF42H50**A*,,8.87E+11,Front Load,,Residential,4.2,2.8,1.84,85,3.2,4.7,3927,No,,,,No,,4/1/2015,2/16/2015,"United States, Canada",ES_1023593_WF42H50**A*_02052015043752_70022966,Yes
2233308,Samsung,WF42H51**A*,,8.87E+11,Front Load,,Residential,4.2,2.6,1.84,115,3.3,4.7,4050,No,,,,No,,4/1/2015,2/16/2015,"United States, Canada",ES_1023593_WF42H51**A*_02052015043752_70022966,No
2233307,Samsung,WF42H52**A*,,8.87E+11,Front Load,,Residential,4.2,2.6,1.84,115,3.3,4.7,4050,No,,,,No,,4/1/2015,2/16/2015,"United States, Canada",ES_1023593_WF42H52**A*_02052015043752_70022966,No
2233306,Samsung,WF42H54**A*,,8.87E+11,Front Load,,Residential,4.2,2.6,1.84,115,3.3,4.7,4050,No,,,,No,,4/1/2015,2/16/2015,"United States, Canada",ES_1023593_WF42H54**A*_02052015043752_70022966,No
2233305,Samsung,WF42H55**A*,,8.87E+11,Front Load,,Residential,4.2,2.6,1.84,115,3.3,4.7,4050,No,,,,No,,4/1/2015,2/16/2015,"United States, Canada",ES_1023593_WF42H55**A*_02052015043752_70022966,No
2233304,Samsung,WF42H56**A*,,8.87E+11,Front Load,,Residential,4.2,2.6,1.84,115,3.3,4.7,4050,No,,,,No,,4/1/2015,2/16/2015,"United States, Canada",ES_1023593_WF42H56**A*_02052015043752_70022966,No
2233303,Samsung,WF42H57**A*,,8.87E+11,Front Load,,Residential,4.2,2.6,1.84,115,3.3,4.7,4050,No,,,,No,,4/1/2015,2/16/2015,"United States, Canada",ES_1023593_WF42H57**A*_02052015043752_70022966,No
2233312,Samsung,WF457A*GS**,,36725570566,Front Load,,Residential,4.5,2.4,1.84,148,3,4.7,3956,No,,,,No,,4/1/2015,2/16/2015,"United States, Canada",ES_1023593_WF457A*GS**_02052015043752_70022966,No
2233309,Samsung,WF45H61**A*,,8.87E+11,Front Load,,Residential,4.5,2.76,1.84,118,3.2,4.7,4220,No,,,,No,,4/1/2015,2/16/2015,"United States, Canada",ES_1023593_WF45H61**A*_02052015043752_70022966,Yes
2233310,Samsung,WF45H63**A*,,8.87E+11,Front Load,,Residential,4.5,2.8,1.84,110,3,4.7,3956,No,,,,No,,4/1/2015,2/16/2015,"United States, Canada",ES_1023593_WF45H63**A*_02052015043752_70022966,Yes
2256900,Samsung,WF45K62**A*,,8.87E+11,Front Load,,Residential,4.5,2.92,1.84,75,2.9,4.7,3850,No,,,,No,,2/7/2016,1/13/2016,"United States, Canada",ES_1023593_WF45K62**A*_01122016034419_70059700,Yes
2256901,Samsung,WF45K65**A*,,8.87E+11,Front Load,,Residential,4.5,2.8,1.84,100,3,4.7,3983,No,,,,No,,2/7/2016,1/13/2016,"United States, Canada",ES_1023593_WF45K65**A*_01122016034419_70059700,Yes
2284807,Samsung,WF45M51**A*,,8.87E+11,Front Load,,Residential,4.5,3,1.84,80,2.9,4.7,3850,No,,,,No,,1/1/2017,11/23/2016,"United States, Canada",ES_1023593_WF45M51**A*_11242016052047_70108499,Yes
2284808,Samsung,WF45M55**A*,,8.87E+11,Front Load,,Residential,4.5,2.92,1.84,105,2.9,4.7,3850,No,,,,No,,1/1/2017,11/23/2016,"United States, Canada",ES_1023593_WF45M55**A*_11242016052047_70108499,Yes
2257296,Samsung,WF50K75**A*,,8.87E+11,Front Load,,Residential,5,2.92,1.84,105,2.9,4.7,4278,No,,,,No,,2/14/2016,1/25/2016,"United States, Canada",ES_1023593_WF50K75**A*_01252016122620_70060491,Yes
2233311,Samsung,WF56H91**A*,,8.87E+11,Front Load,,Residential,5.6,3.1,1.84,135,2.7,4.7,4429,No,,,,No,,4/1/2015,2/16/2015,"United States, Canada",ES_1023593_WF56H91**A*_02052015043752_70022966,Yes
2220205,Samsung,WF56H91**C*,,8.87E+11,Front Load,,Residential,5.6,2.8,1.84,130,2.8,4.7,4593,No,,,,No,,10/15/2014,9/25/2014,"United States, Canada",ES_1023593_WF56H91**C*_09252014103704_2766289,Yes
2300867,Samsung,WV55M96**A***,,8.87E+11,Front Load,"Anti-Wrinkle,Steam Cycle,Delayed Start,Sanitize Option,Hand Wash Cycle,Supplementary Wash System",Residential,4.5,2.92,1.84,105,2.9,4.7,3850,No,,,,No,,1/23/2017,5/26/2017,"United States, Canada",ES_1023593_WV55M96**A***_07192017085024_70137562,Yes
2289075,Samsung,WV55M96**A*-L,,8.87E+11,Front Load,,Residential,4.5,2.92,1.84,105,2.9,4.7,3850,No,,,,,,1/20/2017,1/17/2017,"United States, Canada",ES_1023593_WV55M96**A*-L_01202017051138_70117706,Yes
2300868,Samsung,WV60M99**A***,,8.87E+11,Front Load,"Anti-Wrinkle,Steam Cycle,Delayed Start,Sanitize Option,Hand Wash Cycle,Supplementary Wash System",Residential,5,2.92,1.84,105,2.9,4.7,4278,No,,,,No,,1/23/2017,5/26/2017,"United States, Canada",ES_1023593_WV60M99**A***_07192017085024_70137562,Yes
2289076,Samsung,WV60M99**A*-L,,8.87E+11,Front Load,,Residential,5,2.92,1.84,105,2.9,4.7,4278,No,,,,,,1/20/2017,1/17/2017,"United States, Canada",ES_1023593_WV60M99**A*-L_01202017051138_70117706,Yes
2254239,Samsung,WW22K680*A*,,8.87E+11,Front Load,,Residential,2.2,2.25,1.84,90,4,4.7,2596,No,,,,No,,12/20/2015,11/30/2015,"United States, Canada",ES_1023593_WW22K680*A*_11252015041931_70054673,No
2216967,Speed Queen,AFN50RSP113+,,1,Front Load,Delayed Start,Residential,3.4,2.38,1.84,68,3.7,4.7,3733,No,,,,No,,7/24/2014,7/30/2014,United States,ES_0087091_AFN50RSP113+_08012014052210_2751396,No
2216969,Speed Queen,AFNE8RSP113+,,1,Front Load,Delayed Start,Residential,3.4,2.38,1.84,68,3.7,4.7,3733,No,,,,No,,7/24/2014,7/30/2014,United States,ES_0087091_AFNE8RSP113+_08012014052210_2751396,No
2216970,Speed Queen,AFNE9BSP113+,,1,Front Load,Delayed Start,Residential,3.4,2.38,1.84,68,3.7,4.7,3733,No,,,,No,,7/24/2014,7/30/2014,United States,ES_0087091_AFNE9BSP113+_08012014052210_2751396,No
2216971,Speed Queen,AFNE9RSP113+,,1,Front Load,Delayed Start,Residential,3.4,2.38,1.84,68,3.7,4.7,3733,No,,,,No,,7/24/2014,7/30/2014,United States,ES_0087091_AFNE9RSP113+_08012014052210_2751396,No
2216978,Speed Queen,ATEE9AGP173+,,1,Front Load,Delayed Start,Residential,3.4,2.38,1.84,68,3.7,4.7,3733,No,,,,No,,7/24/2014,7/30/2014,United States,ES_0087091_ATEE9AGP173+_08012014052210_2751396,No
2286902,Speed Queen,ATEE9ASP283+,,1,Front Load,Gentle Cycle,Residential,3.4,2.38,1.84,68,3.7,4.7,3733,No,,,,No,,9/15/2016,12/22/2016,"United States, Canada",ES_1105877_ATEE9ASP283+_12222016061416_70098644,No
2234518,Speed Queen,ATGE9AGP113+,,1,Front Load,Gentle Cycle,Residential,3.4,2.38,1.84,68,3.7,4.7,3733,No,,,,No,,7/24/2014,3/11/2015,United States,ES_0087091_ATGE9AGP113+_03112015034725_2751396,No
2286903,Speed Queen,ATGE9ASP093+,,1,Front Load,Gentle Cycle,Residential,3.4,2.38,1.84,68,3.7,4.7,3733,No,,,,No,,9/15/2016,12/22/2016,"United States, Canada",ES_1105877_ATGE9ASP093+_12222016061416_70098644,No
2216968,Speed Queen,LFN50RSP113+,,1,Front Load,Delayed Start,Residential,3.4,2.38,1.84,68,3.7,4.7,3733,No,,,,No,,7/24/2014,7/30/2014,United States,ES_0087091_LFN50RSP113+_08012014052210_2751396,No
2216973,Speed Queen,LFNE5BJP113+,,1,Front Load,Delayed Start,Residential,3.4,2.38,1.84,68,3.7,4.7,3733,No,,,,No,,7/24/2014,7/30/2014,United States,ES_0087091_LFNE5BJP113+_08012014052210_2751396,No
2216974,Speed Queen,LFNE5BSP113+,,1,Front Load,Delayed Start,Residential,3.4,2.38,1.84,68,3.7,4.7,3733,No,,,,No,,7/24/2014,7/30/2014,United States,ES_0087091_LFNE5BSP113+_08012014052210_2751396,No
2216975,Speed Queen,LFNE5RSP113+,,1,Front Load,Delayed Start,Residential,3.4,2.38,1.84,68,3.7,4.7,3733,No,,,,No,,7/24/2014,7/30/2014,United States,ES_0087091_LFNE5RSP113+_08012014052210_2751396,No
2216977,Speed Queen,LTE50FSP173+,,1,Front Load,Delayed Start,Residential,3.4,2.38,1.84,68,3.7,4.7,3733,No,,,,No,,7/24/2014,7/30/2014,United States,ES_0087091_LTE50FSP173+_08012014052210_2751396,No
2291668,Speed Queen,LTEA5FSP153**04,,1,Front Load,Gentle Cycle,Residential,3.4,2.38,1.84,68,3.7,4.7,3733,No,,,,No,,6/6/2016,6/9/2016,"United States, Canada",ES_1105877_LTEA5FSP153**04_02282017012327_2380755,No
2291669,Speed Queen,LTEA5FSP173**04,,1,Front Load,Gentle Cycle,Residential,3.4,2.38,1.84,68,3.7,4.7,3733,No,,,,No,,6/6/2016,6/9/2016,"United States, Canada",ES_1105877_LTEA5FSP173**04_02282017012327_2380755,No
2216981,Speed Queen,LTEE5ASP153+,,1,Front Load,Delayed Start,Residential,3.4,2.38,1.84,68,3.7,4.7,3733,No,,,,No,,7/24/2014,7/30/2014,United States,ES_0087091_LTEE5ASP153+_08012014052210_2751396,No
2216980,Speed Queen,LTEE5ASP173+,,1,Front Load,Delayed Start,Residential,3.4,2.38,1.84,68,3.7,4.7,3733,No,,,,No,,7/24/2014,7/30/2014,United States,ES_0087091_LTEE5ASP173+_08012014052210_2751396,No
2286904,Speed Queen,LTEE5ASP283+,,1,Front Load,Gentle Cycle,Residential,3.4,2.38,1.84,68,3.7,4.7,3733,No,,,,No,,9/15/2016,12/22/2016,"United States, Canada",ES_1105877_LTEE5ASP283+_12222016061416_70098644,No
2241387,Speed Queen,LTEE5ASP293+,,1,Front Load,Gentle Cycle,Residential,3.4,2.38,1.84,68,3.7,4.7,3733,No,,,,No,,7/24/2014,6/2/2015,"United States, Canada",ES_0087091_LTEE5ASP293+_04132015114323_70024350,No
2291667,Speed Queen,LTGA5FSP113+,,1,Front Load,Gentle Cycle,Residential,3.4,2.38,1.84,68,3.7,4.7,3733,No,,,,No,,6/6/2016,6/9/2016,"United States, Canada",ES_1105877_LTGA5FSP113+_02282017012327_2380755,No
2286896,Speed Queen,LTGE5ASP093+,,1,Front Load,Gentle Cycle,Residential,3.4,2.38,1.84,68,3.7,4.7,3733,No,,,,No,,9/15/2016,12/22/2016,"United States, Canada",ES_1105877_LTGE5ASP093+_12222016061416_70098644,No
2234519,Speed Queen,LTGE5ASP113+,,1,Front Load,Gentle Cycle,Residential,3.4,2.38,1.84,68,3.7,4.7,3733,No,,,,No,,7/24/2014,3/11/2015,United States,ES_0087091_LTGE5ASP113+_03112015034725_2751396,No
2216976,Unimac,UFNE5BJP113+,,1,Front Load,Delayed Start,Residential,3.4,2.38,1.84,68,3.7,4.7,3733,No,,,,No,,7/24/2014,7/30/2014,"United States, Canada",ES_0087091_UFNE5BJP113+_08012014052210_2751396,No
2216982,Unimac,UTEE5ASP173+,,1,Front Load,Delayed Start,Residential,3.4,2.38,1.84,68,3.7,4.7,3733,No,,,,No,,7/24/2014,7/30/2014,"United States, Canada",ES_0087091_UTEE5ASP173+_08012014052210_2751396,No
2234517,Unimac,UTEE5ASP283+,,1,Front Load,Gentle Cycle,Residential,3.4,2.38,1.84,68,3.7,4.7,3733,No,,,,No,,7/24/2014,3/11/2015,"United States, Canada",ES_0087091_UTEE5ASP283+_03112015034725_2751396,No
2234516,Unimac,UTGE5ASP113+,,1,Front Load,Gentle Cycle,Residential,3.4,2.38,1.84,68,3.7,4.7,3733,No,,,,No,,7/24/2014,3/11/2015,"United States, Canada",ES_0087091_UTGE5ASP113+_03112015034725_2751396,No
2265429,Whirlpool,WFL98HEB**,,8,Front Load,,Residential,4.3,2.38,1.84,128,3.7,4.7,4726,Yes,Wi-Fi,Other,No,No,,6/1/2016,4/25/2016,"United States, Canada",ES_22856_WFL98HEB**_04262016211443_5283488,No
2276477,Whirlpool,WFW3090G**,,8,Front Load,Delayed Start,Residential,2,2.38,1.84,38,3.7,4.7,2150,No,,,,Yes,WHD3090GW0,7/18/2016,8/25/2016,"United States, Canada",ES_22856_WFW3090G**_08252016203207_7127465,No
2276541,Whirlpool,WFW5090G**,,8,Front Load,Hand Wash Cycle,Residential,2.3,2.38,1.84,51,3.7,4.7,2510,No,,,,Yes,WHD5090GW0,9/12/2016,8/26/2016,"United States, Canada",ES_22856_WFW5090G**_08262016172614_2374356,No
2265430,Whirlpool,WFW61HEB**,,8,Front Load,Delayed Start,Residential,3.6,2.38,1.84,72,3.7,4.7,3929,No,,,,No,,6/1/2016,4/25/2016,"United States, Canada",ES_22856_WFW61HEB**_04262016211848_5528987,No
2265431,Whirlpool,WFW72HED*+,,8,Front Load,Delayed Start,Residential,4.2,2.75,1.84,109,3.2,4.7,3936,No,,,,Yes,WED72HEDW0,6/1/2016,4/25/2016,"United States, Canada",ES_22856_WFW72HED*+_04262016212205_5725633,No
2265442,Whirlpool,WFW7540F**,,8.83E+11,Front Load,Delayed Start,Residential,4.5,2.92,1.84,88,3.2,4.7,4210,No,,,,Yes,WED7540FW0,6/1/2016,4/25/2016,"United States, Canada",ES_22856_WFW7540F**_04262016220902_8542656,Yes
2265438,Whirlpool,WFW7590F**,,8.83E+11,Front Load,Delayed Start,Residential,4.2,2.92,1.84,87,3.2,4.7,3936,No,,,,Yes,WED7590FW0,6/1/2016,4/25/2016,"United States, Canada",ES_22856_WFW7590F**_04262016215255_7575072,Yes
2265441,Whirlpool,WFW75HEF**,,8.83E+11,Front Load,Delayed Start,Residential,4.5,2.92,1.84,88,3.2,4.7,4210,No,,,,Yes,WED75HEFW0,6/1/2016,4/25/2016,"United States, Canada",ES_22856_WFW75HEF**_04262016220643_8403204,Yes
2265432,Whirlpool,WFW81HED*+,,8,Front Load,Delayed Start,Residential,4.2,2.75,1.84,109,3.2,4.7,3936,No,,,,Yes,WED81HEDW0,6/1/2016,4/25/2016,"United States, Canada",ES_22856_WFW81HED*+_04262016212440_5880517,No
2276264,Whirlpool,WFW8540F**,,8,Front Load,,Residential,4.5,2.92,1.84,87,3.2,4.7,4210,No,,,,Yes,WED8540F**,7/11/2016,8/22/2016,"United States, Canada",ES_22856_WFW8540F**_08222016230047_6847335,Yes
2276263,Whirlpool,WFW85HEF**,,8,Front Load,,Residential,4.5,2.92,1.84,87,3.2,4.7,4210,No,,,,Yes,WED85HEF**,7/11/2016,8/22/2016,"United States, Canada",ES_22856_WFW85HEF**_08222016224607_5967915,Yes
2265433,Whirlpool,WFW8740D*+,,8,Front Load,Delayed Start,Residential,4.4,2.38,1.84,109,3.7,4.7,4759,No,,,,Yes,WED8740DW0,6/1/2016,4/25/2016,"United States, Canada",ES_22856_WFW8740D*+_04262016212706_6026761,No
2265434,Whirlpool,WFW87HED*+,,8,Front Load,Delayed Start,Residential,4.4,2.75,1.84,109,3.2,4.7,4116,No,,,,Yes,WED87HEDW0,6/1/2016,4/25/2016,"United States, Canada",ES_22856_WFW87HED*+_04262016213432_6472991,No
2265443,Whirlpool,WFW90HEF**,",WFW90HEFW,",8.83E+11,Front Load,Delayed Start,Residential,4.5,2.92,1.84,89,3.2,4.7,4210,No,,,,Yes,2253248,6/1/2016,4/25/2016,"United States, Canada",ES_22856_WFW90HEF**_04262016221245_8765195,Yes
2265439,Whirlpool,WFW9290F**,",WFW9290FW,",8.83E+11,Front Load,Delayed Start,Residential,4.2,2.92,1.84,89,3.2,4.7,3936,No,,,,Yes,,6/1/2016,4/25/2016,"United States, Canada",ES_22856_WFW9290F**_04262016215708_7828753,Yes
2265445,Whirlpool,WFW92HEF**,",WFW92HEFW,",8.83E+11,Front Load,Delayed Start,Residential,4.5,2.92,1.84,89,3.2,4.7,4210,No,,,,Yes,WED92HEFW,6/1/2016,4/25/2016,"United States, Canada",ES_22856_WFW92HEF**_04262016222016_9216351,Yes
2265436,Whirlpool,WFW95HED*+,,8,Front Load,Delayed Start,Residential,4.5,2.75,1.84,109,3.2,4.7,4239,No,,,,Yes,WED95HEDW0,6/1/2016,4/25/2016,"United States, Canada",ES_22856_WFW95HED*+_04262016214556_7156013,No
2265437,Whirlpool,WFW97HED*+,,8,Front Load,Delayed Start,Residential,4.5,2.75,1.84,109,3.2,4.7,4239,No,,,,Yes,WED97HEDW0,6/1/2016,4/25/2016,"United States, Canada",ES_22856_WFW97HED*+_04262016215022_7422072,No
2265449,Whirlpool,WTW7000D*+,,8,Top Load,Delayed Start,Residential,4.8,2.06,1.29,169,4.3,8.4,6076,No,,,,Yes,"WED7000DW0, WGD7000DW0",6/1/2016,4/25/2016,"United States, Canada",ES_22856_WTW7000D*+_04262016231656_2616796,No
2265450,Whirlpool,WTW7040D*+,,8,Top Load,Delayed Start,Residential,4.8,2.06,1.29,169,4.3,8.4,6076,No,,,,No,,6/1/2016,4/25/2016,"United States, Canada",ES_22856_WTW7040D*+_04262016232025_2825705,No
2265451,Whirlpool,WTW7300D*+,,8,Top Load,Delayed Start,Residential,4.8,2.06,1.29,169,4.3,8.4,6076,No,,,,Yes,"WED7300DW0, WGD7300DW0",6/1/2016,4/25/2016,"United States, Canada",ES_22856_WTW7300D*+_04262016232358_3038963,No
2296675,Whirlpool,WTW7500G**,,8.83E+11,Top Load,Delayed Start,Residential,4.8,2.06,1.29,212,4.3,8.4,6076,No,,,,No,,9/1/2017,5/26/2017,"United States, Canada",ES_22856_WTW7500G**_05272017000424_3464833,No
2265452,Whirlpool,WTW8000D*+,,8,Top Load,,Residential,5.3,2.06,1.29,196,4.3,8.4,6698,No,,,,Yes,WED8000DW0,6/1/2016,4/25/2016,"United States, Canada",ES_22856_WTW8000D*+_04262016232811_3291660,No
2265453,Whirlpool,WTW8040D*+,,8,Top Load,,Residential,5.3,2.06,1.29,196,4.3,8.4,6698,No,,,,Yes,WED8040DW0,6/1/2016,4/25/2016,"United States, Canada",ES_22856_WTW8040D*+_04262016233212_3532536,No
2265454,Whirlpool,WTW8500D*+,,8,Top Load,,Residential,5.3,2.06,1.29,196,4.3,8.4,6698,No,,,,Yes,WED8500DW0,6/1/2016,4/25/2016,"United States, Canada",ES_22856_WTW8500D*+_04272016152904_0944270,No
2265455,Whirlpool,WTW8510F**,,8,Top Load,Delayed Start,Residential,5.3,2.06,1.29,194,4.3,8.4,6698,No,,,,No,,6/1/2016,4/25/2016,"United States, Canada",ES_22856_WTW8510F**_04272016153742_1462783,No
2307388,Whirlpool,WTW8700E**,,8.83E+11,Top Load,Other,Residential,5.3,2.06,1.29,251,4.3,8.4,6698,Yes,Wi-Fi,Other,No,Yes,WED8700EC0,6/1/2016,12/5/2017,"United States, Canada",ES_22856_WTW8700E**_04272016154018_1618713,No
