ES_ID,Brand_Name,Model_Name,Model_Number,Additional_Model_Information,UPC,Type,HeatPumpTech,Voltage,Drum_Capacity,Height,Width,Depth,Combined_Energy_Factor,Estimated_Annual_Energy_Use,Estimated_Energy_Test_Cycle_Time_minutes,Energy_Test_Cycle_Information,Additional_Dryer_Features,VentedORVentless,Connected,Connects_Using,V,W,CEF_Max_Dryness,Paired_Washer,Z,Market_Date,Date_Certified,Markets,CB_Model_Identifier,Meets_ENERGY_STAR_Most_Efficient_2017_Criteria
2301400,Asko,T208H.W.U,T208H.W.U,,588196,Electric,Heat Pump,240,3.9,332.67,234.25,251.97,4.5,189,60,"Auto, Normal","Drum light,Time remaining display,Wrinkle prevention option,Filter cleaning indicator",Vented,No,,,,3.65,Yes,ES_1123023_W2084.W.US_07122017080224_70145269,9/1/2017,7/20/2017,"United States, Canada",ES_1123023_T208H.W.U_08032017015947_70148998,No
2289056,Beko,HPD24400W,HPD24400W,,7188286040,Electric,Heat Pump,240,4.1,34,23.5,27,5.7,149,46,NORMAL REGULAR DRY,"Time remaining display,Drum light,Filter cleaning indicator",Ventless,No,,,,5.78,Yes,7188286040,10/1/2015,1/20/2017,"United States, Canada",ES_1036108_HPD24400W_01202017203338_4418005,Yes
2289057,Beko,HPD24412W,HPD24412W,,7188286010,Electric,Heat Pump,240,4.1,34,23.5,27,5.7,149,46,NORMAL REGULAR DRY,"Time remaining display,Drum light,Filter cleaning indicator",Ventless,No,,,,5.78,Yes,7188286010,10/1/2015,1/20/2017,"United States, Canada",ES_1036108_HPD24412W_01202017203310_4390623,Yes
2289054,Blomberg,DHP24400W,DHP24400W,,7188286030,Electric,Heat Pump,240,4.1,34,23.5,27,5.7,149,46,NORMAL REGULAR DRY,"Time remaining display,Drum light,Filter cleaning indicator",Ventless,No,,,,5.78,Yes,2236194,6/1/2015,1/20/2017,"United States, Canada",ES_1036108_DHP24400W_01202017210302_6182999,Yes
2289055,Blomberg,DHP24412W,DHP24412W,,7188286020,Electric,Heat Pump,240,4.1,34,23.5,27,5.7,149,46,NORMAL REGULAR DRY,"Time remaining display,Drum light,Filter cleaning indicator",Ventless,No,,,,5.78,Yes,2236191,6/1/2015,1/20/2017,"United States, Canada",ES_1036108_DHP24412W_01202017205610_5770588,Yes
2238756,Bosch,WTG86401UC,WTG86401UC,,8.25E+11,Electric,,240,4,34,24,25,2.73,311,30,Cotton Dry,Sanitization cycle,Ventless,No,,,,,Yes,"WAT28400UC,WAT28401UC,WAT28402UC",5/1/2015,3/12/2015,"United States, Canada",ES_31649_WTG86401UC_03122015101541_6055414,No
2242246,Bosch,WTG86402UC,WTG86402UC,,8.25E+11,Electric,,240,4,34,24,25,2.73,311,30,Cotton Dry,Sanitization cycle,Ventless,No,,,,,Yes,"WAT28400UC,WAT28401UC,WAT28402UC",6/16/2015,3/12/2015,"United States, Canada",ES_31649_WTG86402UC_06232015164027_9869806,No
2295158,Bosch,WTG865H2UC,WTG865H2UC,,8.25E+11,Electric,,240,4,34,23.6,25,2.73,311,30,"Cotton Dry, Dryness level set to ""dry""","Drum light,Wrinkle prevention option,Sanitization cycle",Ventless,Yes,Wi-Fi,Other,,,Yes,WAW285H2UC,3/28/2017,5/1/2017,"United States, Canada",ES_31649_WTG865H2UC_03282017085852_7577173,No
2292846,Crosley,CED7464G**,CED7464G**,,8.83E+11,Electric,,,7.4,34,24,25,3.93,608,76,"NORMAL CYCLE, MEDIUM HEAT, NORMAL DRYNESS LEVEL, ECO","Time remaining display,Wrinkle prevention option,Other",Vented,No,,,,,Yes,ES_92264_CFWH4084G**_01282017165803_2683820,3/13/2017,1/27/2017,United States,ES_22856_CED7464G**_03232017015519_4119093,No
2286359,Electrolux,EFDC317****,EFDC317****,,12505386992,Electric,,,8,38,0,31.25,3.93,608,50,"NORMAL
NORMAL TEMP 
NORMAL DRY 
ECO","Drum light,Time remaining display,Wrinkle prevention option,Steam cycle,Other,Energy monitor/indicator,Filter cleaning indicator,Sanitization cycle",Vented,No,,,,,Yes,EFLW317****,1/2/2017,12/16/2016,Canada,ES_1021080_EFDC317****_12162016171353_8433822,No
2286360,Electrolux,EFDE317****,EFDE317****,,12505386985,Electric,,,8,38,0,31.25,3.93,608,50,"NORMAL
NORMAL TEMP 
NORMAL DRY 
ECO","Drum light,Time remaining display,Wrinkle prevention option,Steam cycle,Other,Energy monitor/indicator,Filter cleaning indicator,Sanitization cycle",Vented,No,,,,,Yes,EFLW317****,1/2/2017,12/16/2016,United States,ES_1021080_EFDE317****_12162016171416_8456738,No
2286361,Electrolux,EFDG317****,EFDG317****,,12505387005,Gas,,,8,38,0,31.25,3.48,687,54,"NORMAL
NORMAL TEMP 
NORMAL DRY 
ECO","Drum light,Time remaining display,Wrinkle prevention option,Steam cycle,Other,Energy monitor/indicator,Filter cleaning indicator,Sanitization cycle",Vented,No,,,,,Yes,EFLW317****,1/2/2017,12/16/2016,"United States, Canada",ES_1021080_EFDG317****_12162016171438_8478212,No
2260139,Electrolux,EFMC417****,EFMC417****,,1,Electric,,,8,38,27.13,31.25,3.93,608,50,NORMAL / NORMAL TEMP / NORMAL DRY / ECO,"Drum light,Time remaining display,Wrinkle prevention option,Steam cycle,Other,Energy monitor/indicator,Filter cleaning indicator,Sanitization cycle",Vented,No,,,,,Yes,EFLS417***,2/9/2016,2/19/2016,Canada,ES_1021080_EFMC417****_02152016192610_4370218,No
2260144,Electrolux,EFMC517****,EFMC517****,,1,Electric,,,8,38,27.13,31.25,3.93,608,50,NORMAL / NORMAL TEMP / NORMAL DRY / ECO,"Drum light,Time remaining display,Wrinkle prevention option,Steam cycle,Other,Energy monitor/indicator,Filter cleaning indicator,Sanitization cycle",Vented,No,,,,,Yes,EFLS517***,2/9/2016,2/19/2016,Canada,ES_1021080_EFMC517****_02152016192415_4255737,No
2260140,Electrolux,EFMC617****,EFMC617****,,1,Electric,,,8,38,27.13,31.25,3.93,608,50,NORMAL / NORMAL TEMP / NORMAL DRY / ECO,"Drum light,Time remaining display,Wrinkle prevention option,Steam cycle,Other,Energy monitor/indicator,Filter cleaning indicator,Sanitization cycle",Vented,No,,,,,Yes,EFLS617***,2/9/2016,2/19/2016,Canada,ES_1021080_EFMC617****_02152016192222_4142744,No
2260141,Electrolux,EFME417****,EFME417****,,1,Electric,,,8,38,27.13,31.25,3.93,608,50,NORMAL / NORMAL TEMP / NORMAL DRY / ECO,"Drum light,Time remaining display,Wrinkle prevention option,Steam cycle,Other,Energy monitor/indicator,Filter cleaning indicator,Sanitization cycle",Vented,No,,,,,Yes,EFLS417***,2/9/2016,2/19/2016,United States,ES_1021080_EFME417****_02152016192532_4332028,No
2248026,Speed Queen,LTGA5FSP113+,LTGA5FSP113+,,1,Gas,,,7,75.38,26.88,28,3.48,687,76,"Normal ECO, Low Temp, Near Dry Dryness",Time remaining display,Vented,No,,,,,No,,9/1/2015,9/11/2015,United States,ES_1105877_LTGA5FSP113+_09152015015723_70043533,No
2260142,Electrolux,EFME517****,EFME517****,,1,Electric,,,8,38,27.13,31.25,3.93,608,50,NORMAL / NORMAL TEMP / NORMAL DRY / ECO,"Time remaining display,Drum light,Wrinkle prevention option,Other,Steam cycle,Energy monitor/indicator,Sanitization cycle,Filter cleaning indicator",Vented,No,,,,,Yes,EFLS517***,2/9/2016,2/19/2016,United States,ES_1021080_EFME517****_02152016192300_4180414,No
2260143,Electrolux,EFME617****,EFME617****,,1,Electric,,,8,38,27.13,31.25,3.93,608,50,NORMAL / NORMAL TEMP / NORMAL DRY / ECO,"Drum light,Time remaining display,Wrinkle prevention option,Steam cycle,Other,Energy monitor/indicator,Filter cleaning indicator,Sanitization cycle",Vented,No,,,,,Yes,EFLS617***,2/9/2016,2/19/2016,United States,ES_1021080_EFME617****_02152016192144_4104308,No
2260145,Electrolux,EFMG417****,EFMG417****,,1,Gas,,,8,38,27.13,31.25,3.48,687,54,NORMAL / NORMAL TEMP / NORMAL DRY / ECO,"Drum light,Time remaining display,Wrinkle prevention option,Steam cycle,Other,Energy monitor/indicator,Filter cleaning indicator,Sanitization cycle",Vented,No,,,,,Yes,EFLS417***,2/9/2016,2/19/2016,"United States, Canada",ES_1021080_EFMG417****_02152016205418_9658434,No
2260146,Electrolux,EFMG517****,EFMG517****,,1,Gas,,,8,38,27.13,31.25,3.48,687,54,NORMAL / NORMAL TEMP / NORMAL DRY / ECO,"Drum light,Time remaining display,Wrinkle prevention option,Steam cycle,Other,Energy monitor/indicator,Filter cleaning indicator,Sanitization cycle",Vented,No,,,,,Yes,EFLS517***,2/9/2016,2/19/2016,"United States, Canada",ES_1021080_EFMG517****_02152016205314_9594244,No
2216956,LG,DLE3170*,DLE3170*,,48231014748,Electric,,,7.4,42.75,27,28.33,3.94,607,67,Cotton/Normal_Normal Dry,"Time remaining display,Wrinkle prevention option,Steam cycle,Sanitization cycle",Vented,No,,,,,No,,8/22/2014,7/21/2014,"United States, Canada",ES_1118034_DLE3170*_08012014035936_2749997,No
2294651,LG,DLE3180*,DLE3180*,,1,Electric,,,7.4,40.19,27,28.94,3.94,607,67,Cotton/Normal_Normal Dry,"Time remaining display,Wrinkle prevention option",Vented,No,,,,,No,,4/13/2017,4/13/2017,"United States, Canada",ES_1118034_DLE3180*_04202017041626_70132177,No
2294648,LG,DLE7050*,DLE7050*,,1,Electric,,,7.3,40.19,27,28.94,3.94,607,58,Normal_Normal Dry,"Time remaining display,Wrinkle prevention option,Steam cycle,Sanitization cycle",Vented,No,,,,,No,,4/13/2017,4/13/2017,"United States, Canada",ES_1118034_DLE7050*_04202017041626_70132177,No
2290268,LG,DLE7200*E,DLE7200*E,,1,Electric,,,7.3,40.19,27,28.94,3.94,607,58,Normal_Normal Dry,"Time remaining display,Wrinkle prevention option,Steam cycle,Sanitization cycle",Vented,No,,,,,No,,2/25/2017,2/8/2017,"United States, Canada",ES_1118034_DLE7200*E_02082017044347_70120957,No
2216955,LG,DLEX3370*,DLEX3370*,,"48,231,014,779,048,200,000,000,000,000,000,000",Electric,,,7.4,42.75,27,28.33,3.94,607,67,Normal_Normal Dry,"Time remaining display,Wrinkle prevention option,Steam cycle,Sanitization cycle",Vented,No,,,,,No,,8/22/2014,7/21/2014,"United States, Canada",ES_1118034_DLEX3370*_08012014035936_2749997,No
2216957,LG,DLEX4270*,DLEX4270*,,"48,231,014,496,048,200,000,000",Electric,,,7.4,38.69,27,30,3.94,607,67,Cotton/Normal_Normal Dry,"Drum light,Time remaining display,Wrinkle prevention option,Steam cycle",Vented,No,,,,,No,,8/22/2014,7/21/2014,"United States, Canada",ES_1118034_DLEX4270*_08012014035936_2749997,No
2290271,LG,DLEX4370*,DLEX4370*,,1,Electric,,,7.4,38.69,27,30,3.94,607,58,Cotton/Normal_Normal Dry,"Time remaining display,Wrinkle prevention option,Steam cycle,Sanitization cycle",Vented,No,,,,,No,,2/25/2017,2/8/2017,"United States, Canada",ES_1118034_DLEX4370*_02082017044347_70120957,No
2243308,LG,DLEX5000*,DLEX5000*,,48231015318,Electric,,,7.4,38.69,27,30,3.94,607,68,Normal_Normal Dry,"Time remaining display,Wrinkle prevention option,Steam cycle,Sanitization cycle,Filter cleaning indicator",Vented,No,,,,,No,,7/30/2015,7/10/2015,"United States, Canada",ES_1118034_DLEX5000*_07142015054611_70039216,No
2295778,LG,DLEX5005*,DLEX5005*,,1,Electric,,,7.4,38.69,27,30,3.94,607,58,Normal_Normal Dry,"Time remaining display,Wrinkle prevention option,Steam cycle,Sanitization cycle",Vented,No,,,,,No,,5/24/2017,5/10/2017,"United States, Canada",ES_1118034_DLEX5005*_05112017113153_70137001,No
2243309,LG,DLEX5500*,DLEX5500*,,1,Electric,,,7.4,38.69,27,30,3.94,607,68,Normal_Normal Dry,"Time remaining display,Wrinkle prevention option,Steam cycle,Sanitization cycle,Filter cleaning indicator",Vented,No,,,,,No,,7/30/2015,7/10/2015,"United States, Canada",ES_1118034_DLEX5500*_07142015054611_70039216,No
2225227,LG,DLEX5780*E,DLEX5780*E,,48231015561,Electric,,,7.3,45.44,27,28.94,3.94,607,67,Cotton/Normal_Normal Dry,"Drum light,Time remaining display,Wrinkle prevention option,Steam cycle",Vented,No,,,,,No,,11/21/2014,11/17/2014,"United States, Canada",ES_0015649_DLEX5780*E_11172014020527_2776157,No
2290270,LG,DLEX7200*,DLEX7200*,,1,Electric,,,7.3,40.19,27,28.94,3.94,607,58,Normal_Normal Dry,"Time remaining display,Wrinkle prevention option,Steam cycle,Sanitization cycle",Vented,No,,,,,No,,2/25/2017,2/8/2017,"United States, Canada",ES_1118034_DLEX7200*_02082017044347_70120957,No
2261844,LG,DLEX7600*,DLEX7600*,,1,Electric,,,7.3,40.19,27,28.94,3.94,607,69,Cotton/Normal_Normal Dry,"Time remaining display,Wrinkle prevention option,Steam cycle,Sanitization cycle",Vented,No,,,,,No,,3/13/2016,2/27/2016,"United States, Canada",ES_1118034_DLEX7600*_03072016122407_70065980,No
2269220,Speed Queen,LTEA5FSP173**04,LTEA5FSP173**04,,1,Electric,,,7,78.19,26.88,27.75,3.93,608,76,"Normal ECO, Low Temp, Near Dry Dryness",Time remaining display,Vented,No,,,,,No,,6/6/2016,6/9/2016,United States,ES_0087091_LTEA5FSP173**04_06092016112051_70080290,No
2261845,LG,DLEX7600*E,DLEX7600*E,,48231017077,Electric,,,7.3,40.19,27,28.94,3.94,607,69,Cotton/Normal_Normal Dry,"Time remaining display,Wrinkle prevention option,Steam cycle,Sanitization cycle",Vented,No,,,,,No,,3/13/2016,2/27/2016,"United States, Canada",ES_1118034_DLEX7600*E_03072016122407_70065980,No
2225225,LG,DLEY1701*E,DLEY1701*E,,48231014601,Electric,,,7.3,40.19,27,28.94,3.94,607,67,Cotton/Normal_Normal Dry,"Drum light,Time remaining display,Wrinkle prevention option,Steam cycle",Vented,No,,,,,No,,11/21/2014,11/17/2014,"United States, Canada",ES_0015649_DLEY1701*E_11172014020527_2776157,No
2290269,LG,DLEY1901*E,DLEY1901*E,,1,Electric,,,7.3,40.19,27,28.94,3.94,607,58,Normal_Normal Dry,"Time remaining display,Wrinkle prevention option,Steam cycle,Sanitization cycle",Vented,No,,,,,No,,2/25/2017,2/8/2017,"United States, Canada",ES_1118034_DLEY1901*E_02082017044347_70120957,No
2245582,LG,DLG1502*,DLG1502*,,1,Gas,,,7.4,42.75,27,28.33,3.49,685,57,Normal_Normal Dry,"Time remaining display,Wrinkle prevention option,Steam cycle,Sanitization cycle",Vented,No,,,,,No,,8/13/2015,8/12/2015,"United States, Canada",ES_1118034_DLG1502*_08132015060749_70041561,No
2245583,LG,DLG1502*E,DLG1502*E,,1,Gas,,,7.4,42.75,27,28.33,3.49,685,57,Normal_Normal Dry,"Time remaining display,Wrinkle prevention option,Steam cycle,Sanitization cycle",Vented,No,,,,,No,,8/13/2015,8/12/2015,"United States, Canada",ES_1118034_DLG1502*E_08132015060749_70041561,No
2216962,LG,DLG3171*,DLG3171*,,48231014755,Gas,,,7.4,42.75,27,28.33,3.49,685,57,Cotton/Normal_Normal Dry,"Time remaining display,Wrinkle prevention option,Steam cycle,Sanitization cycle",Vented,No,,,,,No,,8/22/2014,7/31/2014,"United States, Canada",ES_1118034_DLGX3171*_08012014043834_2751151,No
2294650,LG,DLG3181*,DLG3181*,,1,Gas,,,7.4,40.19,27,28.94,3.49,685,57,Cotton/Normal_Normal Dry,"Time remaining display,Wrinkle prevention option",Vented,No,,,,,No,,4/13/2017,4/13/2017,"United States, Canada",ES_1118034_DLG3181*_04202017041626_70132177,No
2294649,LG,DLG7051*,DLG7051*,,1,Gas,,,7.3,40.19,27,28.94,3.49,685,70,Normal_Normal Dry,"Time remaining display,Wrinkle prevention option,Steam cycle,Sanitization cycle",Vented,No,,,,,No,,4/13/2017,4/13/2017,"United States, Canada",ES_1118034_DLG7051*_04202017041626_70132177,No
2286906,LG,DLG7201*E,DLG7201*E,,1,Gas,,,7.3,40.19,27,28.94,3.49,685,70,Cotton/Normal_Normal Dry,"Time remaining display,Wrinkle prevention option,Steam cycle,Sanitization cycle",Vented,No,,,,,,,12/4/2016,12/13/2016,"United States, Canada",ES_1118034_DLG7201*E_12222016065418_70112790,No
2216961,LG,DLGX3371*,DLGX3371*,,"48,231,014,816,048,200,000,000,000,000,000,000",Gas,,,7.4,42.75,27,28.33,3.49,685,57,Normal_Normal Dry,"Time remaining display,Wrinkle prevention option,Steam cycle,Sanitization cycle",Vented,No,,,,,No,,8/22/2014,7/31/2014,"United States, Canada",ES_1118034_DLGX3371*_08012014043834_2751151,No
2216963,LG,DLGX4271*,DLGX4271*,,"48,231,014,472,048,200,000,000",Gas,,,7.4,38.69,27,30,3.49,685,57,Cotton/Normal_Normal Dry,"Drum light,Time remaining display,Wrinkle prevention option,Steam cycle",Vented,No,,,,,No,,8/22/2014,7/31/2014,"United States, Canada",ES_1118034_DLGX4271*_08012014043834_2751151,No
2260147,Electrolux,EFMG617****,EFMG617****,,1,Gas,,,8,38,27.13,31.25,3.48,687,54,NORMAL / NORMAL TEMP / NORMAL DRY / ECO,"Drum light,Time remaining display,Wrinkle prevention option,Other,Steam cycle,Energy monitor/indicator,Filter cleaning indicator,Sanitization cycle",Vented,No,,,,,Yes,EFLS617***,2/9/2016,2/19/2016,"United States, Canada",ES_1021080_EFMG617****_02152016205232_9552616,No
2281224,GE,GFD49E**K***,GFD49E**K***,",GFD48E**K***,; ,GFD48ESPKDG,; ,GFD48ESPKRR,; ,GFD48ESSKWW,; ,GFD49ERPKDG,; ,GFD49ERPKRR,; ,GFD49ERSKWW,"," 08469182033, 08469182037, 08469182032, 08469182034,08469182035, 08469182036",Electric,,,8.3,47,28,34.38,3.93,608,77,"COTTONS CYCLE WITH THE DEFAULT EDRY ON, WHICH INCLUDES LOW TEMPERATURE SETTING AND DRY DRYNESS SETTING","Drum light,Time remaining display,Steam cycle,Other",Vented,No,,,,,Yes,GFW490R*K*** and GFW480S*K***,10/13/2016,10/12/2016,United States,ES_1123206_GFD49E**K***_10122016194625_1585797,No
2281076,GE,GFD49G**K***,GFD49G**K***,",GFD48G**K***,; ,GFD48GSPKDG,; ,GFD48GSPKRR,; ,GFD48GSSKWW,; ,GFD49GRPKDG,; ,GFD49GRPKRR,; ,GFD49GRSKWW,"," 08469182046, 08469182043, 08469182044,08469182045, 08469182047, 08469182042",Gas,,,8.3,47,28,34.38,3.48,687,69,"COTTONS CYCLE WITH THE DEFAULT EDRY ON, WHICH INCLUDES LOW TEMPERATURE SETTING AND DRY DRYNESS SETTING","Drum light,Time remaining display,Steam cycle,Other",Vented,No,,,,,Yes,"GFW490R*K***, GFW480S*K***",10/11/2016,10/11/2016,United States,ES_1123206_GFD49G**K***_10112016171924_6364021,No
2246396,GE,GTD65EB*J***,GTD65EB*J***,,8,Electric,,,7.4,43.7,26.96,30.48,3.93,608,60,COTTONS/LOW TEMP CYCLE WITH DEFAULT DRYNESS SETTING OF DRY AND DEFAULT EDRY ON,"Drum light,Time remaining display,Energy monitor/indicator,Sanitization cycle",Vented,No,,,,,Yes,ES_1123206_GTW680BSJ***_07162015225809_7489368,9/1/2015,8/23/2015,"United States, Canada",ES_1123206_GTD65EB*J***_08242015154618_1178596,No
2274066,GE,GTD65EB*K***,GTD65EB*K***,,7.58E+11,Electric,,,7.4,43.7,26.96,30.48,3.93,608,59,COTTONS/LOW TEMP CYCLE WITH DEFAULT DRYNESS SETTING OF DRY AND DEFAULT EDRY ON,"Drum light,Time remaining display,Energy monitor/indicator,Sanitization cycle",Vented,No,,,,,Yes,2243432,10/3/2016,8/3/2016,Canada,ES_1123206_GTD65EB*K***_08032016202124_5684267,No
2297023,GE,GTD65EBSJ0WS,GTD65EB*L***,,84691825111,Electric,,,7.4,43.7,26.96,30.48,3.93,608,60,"COTTONS CYCLE, LOW TEMP WITH THE DEFAULT DRYNESS SETTING OF DRY AND DEFAULT EDRY ON","Drum light,Time remaining display",Vented,No,,,,,Yes,2243432,6/5/2017,6/5/2017,United States,ES_1123206_GTD65EB*L***_06052017120810_4490815,No
2246397,GE,GTD65GB*J***,GTD65GB*J***,,8,Gas,,,7.4,43.7,26.96,30.48,3.48,687,76,COTTONS/LOW TEMP CYCLE WITH DEFAULT DRYNESS SETTING OF DRY AND DEFAULT EDRY ON,"Drum light,Time remaining display,Energy monitor/indicator,Sanitization cycle",Vented,No,,,,,Yes,ES_1123206_GTW680BSJ***_07162015225809_7489368,9/1/2015,8/23/2015,"United States, Canada",ES_1123206_GTD65GB*J***_08242015155701_1821764,No
2274065,GE,GTD65GB*K***,GTD65GB*K***,,7.58E+11,Gas,,,7.4,43.7,26.96,30.48,3.48,687,77,COTTONS/LOW TEMP CYCLE WITH DEFAULT DRYNESS SETTING OF DRY AND DEFAULT EDRY ON,"Drum light,Time remaining display,Energy monitor/indicator,Sanitization cycle",Vented,No,,,,,Yes,2243432,10/3/2016,8/3/2016,"United States, Canada",ES_1123206_GTD65GB*K***_08032016202149_5709741,No
2297024,GE,GTD65GBSJ0WS,GTD65GB*L***,,84691825128,Gas,,,7.4,43.7,26.96,30.48,3.48,687,77,"COTTONS CYCLE, LOW TEMP WITH THE DEFAULT DRYNESS SETTING OF DRY AND DEFAULT EDRY ON","Drum light,Time remaining display",Vented,No,,,,,Yes,2243432,6/5/2017,6/5/2017,United States,ES_1123206_GTD65GB*L***_06052017123211_5931413,No
2299202,GE,GTD75ECML***,GTD75ECML***,,7.58E+11,Electric,,,7.4,43.7,26.96,30.48,3.93,608,59,COTTONS CYCLE / LOW TEMP WITH THE DEFAULT DRYNESS SETTING OF DRY AND DEFAULT EDRY ON,"Drum light,Time remaining display",Vented,No,,,,,Yes,ES_1123206_GTW750C*L***_05242017160757_2077084,7/1/2017,7/6/2017,Canada,ES_1123206_GTD75ECML***_07062017170010_0410417,No
2296977,GE,M74E_1_L,GTD75ECPL***,",GTD75ECPLDG,",84691825098,Electric,,,7.4,43.7,26.96,30.48,3.93,608,59,COTTONS CYCLE / LOW TEMP / WITH THE DEFAULT DRYNESS SETTING OF DRY AND DEFAULT EDRY ON,"Drum light,Time remaining display",Vented,No,,,,,Yes,ES_1123206_GTW750C*L***_05242017160757_2077084084691825098,6/5/2017,6/2/2017,United States,ES_1123206_GTD75ECPL***_06022017183849_8729939,No
2296978,GE,M74E_1_L,GTD75ECSL***,",GTD75ECSLWS,",84691824121,Electric,,,7.4,43.7,26.96,30.48,3.93,608,59,COTTONS CYCLE / LOW TEMP / WITH THE DEFAULT DRYNESS SETTING OF DRY AND DEFAULT EDRY ON,"Drum light,Time remaining display",Vented,No,,,,,Yes,ES_1123206_GTW750C*L***_05242017160757_2077084,6/5/2017,6/2/2017,United States,ES_1123206_GTD75ECSL***_06022017183522_8522094,No
2299203,GE,GTD75GCML***,GTD75GCML***,,7.58E+11,Gas,,,7.4,43.7,26.96,30.48,3.48,687,75,COTTONS CYCLE / LOW TEMP WITH THE DEFAULT DRYNESS SETTING OF DRY AND DEFAULT EDRY ON,"Drum light,Time remaining display",Vented,No,,,,,Yes,ES_1123206_GTW750C*L***_05242017160757_2077084,7/1/2017,7/6/2017,Canada,ES_1123206_GTD75GCML***_07062017170144_0504053,No
2297011,GE,M74G_4_L,GTD75GCPL***,",GTD75GCPL0DG,",84691825104,Gas,,,7.4,43.7,26.96,30.48,3.48,687,75,COTTONS CYCLE / LOW TEMP / WITH THE DEFAULT DRYNESS SETTING OF DRY AND DEFAULT EDRY ON,"Drum light,Time remaining display",Vented,No,,,,,Yes,ES_1123206_GTW750C*L***_05242017160757_2077084,6/5/2017,6/2/2017,United States,ES_1123206_GTD75GCPL***_06022017200011_3611781,No
2297012,GE,M74G_4_L,GTD75GCSL***,",GTD75GCSLWS,",84691824268,Gas,,,7.4,43.7,26.96,30.48,3.48,687,75,COTTONS CYCLE / LOW TEMP / WITH THE DEFAULT DRYNESS SETTING OF DRY AND DEFAULT EDRY ON,"Drum light,Time remaining display",Vented,No,,,,,Yes,ES_1123206_GTW750C*L***_05242017160757_2077084,6/5/2017,6/2/2017,United States,ES_1123206_GTD75GCSL***_06022017195146_3106632,No
2267736,GE,GTD81ESPJ2MC,GTD81ESPJ2MC,,8469181040,Electric,,,7.8,44.5,28,31.9,3.93,608,69,"COTTONS CYCLE WITH DEFAULT DRYNESS SETTING OF DRY AND DEFAULT EDRY ON, WHICH INCLUDES LOW TEMPERATURE SETTING","Drum light,Time remaining display,Steam cycle,Energy monitor/indicator",Vented,No,,,,,Yes,ES_1123206_GTW810S*J***_04302015180548_7148523,12/21/2015,5/13/2016,United States,ES_1123206_GTD81ESPJ2MC_05132016163118_7078773,No
2267737,GE,GTD81ESSJ2WS,GTD81ESSJ2WS,,8469181039,Electric,,,7.8,44.5,28,31.9,3.93,608,69,"COTTONS CYCLE WITH DEFAULT DRYNESS SETTING OF DRY AND DEFAULT EDRY ON, WHICH INCLUDES LOW TEMPERATURE SETTING","Drum light,Time remaining display,Steam cycle,Energy monitor/indicator",Vented,No,,,,,Yes,ES_1123206_GTW810S*J***_04302015180548_7148523,12/21/2015,5/13/2016,United States,ES_1123206_GTD81ESSJ2WS_05132016163147_7107967,No
2238688,GE,GTD81GS*J***,GTD81GS*J***,,84691810445,Gas,,,7.8,44.5,28,31.9,3.48,687,68,COTTONS CYCLE/ LOW TEMP WITH THE DEFAULT DRYNESS SETTING OF DRY AND DEFAULT EDRY ON,"Drum light,Time remaining display,Steam cycle,Energy monitor/indicator,Sanitization cycle",Vented,No,,,,,Yes,ES_1123206_GTW810S*J***_04302015180548_7148523,5/1/2015,4/15/2015,United States,ES_1123206_GTD81GS*J***_05042015175359_2039033,No
2238690,GE,GTD86ES*J***,GTD86ES*J***,,8,Electric,,,7.8,44.5,28,31.9,3.93,608,69,COTTONS CYCLE/ LOW TEMP WITH THE DEFAULT DRYNESS SETTING OF DRY AND DEFAULT EDRY ON,"Drum light,Time remaining display,Steam cycle,Energy monitor/indicator,Sanitization cycle",Vented,No,,,,,Yes,ES_1123206_GTW860S*J***_04302015175921_6761983,5/1/2015,4/15/2015,United States,ES_1123206_GTD86ES*J***_04172015164445_9085180,No
2238689,GE,GTD86GS*J***,GTD86GS*J***,,8,Gas,,,7.8,44.5,28,31.9,3.48,687,68,COTTONS CYCLE/ LOW TEMP WITH THE DEFAULT DRYNESS SETTING OF DRY AND DEFAULT EDRY ON,"Drum light,Time remaining display,Steam cycle,Energy monitor/indicator,Sanitization cycle",Vented,No,,,,,Yes,ES_1123206_GTW860S*J***_04302015175921_6761983,5/1/2015,4/15/2015,United States,ES_1123206_GTD86GS*J***_05042015175141_1901305,No
2252704,GE,GTX65EB*J***,GTX65EB*J***,,8,Electric,,,6.2,43.7,26.96,26.75,3.93,608,59,"COTTONS CYCLE WITH DEFAULT DRYNESS SETTING OF DRY, LOW TEMP, AND DEFAULT EDRY ON","Drum light,Time remaining display,Wrinkle prevention option,Sanitization cycle",Vented,No,,,,,Yes,GTW680BSJ***,11/20/2015,11/16/2015,United States,ES_1123206_GTX65EB*J***_11162015221610_2170044,No
2253651,GE,GTX65GB*J***,GTX65GB*J***,,8,Gas,,,6.2,43.7,26.96,26.75,3.48,687,77,"COTTONS CYCLE WITH DEFAULT DRYNESS SETTING OF DRY, LOW TEMP, AND DEFAULT EDRY ON.","Drum light,Time remaining display,Wrinkle prevention option,Sanitization cycle",Vented,No,,,,,Yes,ES_1123206_GTW680BSJ***_07162015225809_7489368,11/27/2015,11/25/2015,United States,ES_1123206_GTX65GB*J***_11252015204623_4383686,No
2305183,Insignia,Clothe Dryers,NS-FDRE77WH8B,",NS-FDRE77WH8B-C,",6.01E+11,Electric,,,7.5,45.8,27,31.1,3.93,608,62,1,"Drum light,Steam cycle",Vented,No,,,,,,,9/29/2017,10/16/2017,"United States, Canada",ES_1059185_NS-FDRE77WH8B_10172017032106_0466687,No
2257207,Kenmore,592-8966*,592-8966*,,8.87E+11,Electric,,,7.5,39,27,32.4,3.94,607,65,"Normal cycle, Eco Dry, Automatic Termination, Medium temp, Normal Dry dryness level","Drum light,Time remaining display,Wrinkle prevention option,Steam cycle,Filter cleaning indicator",Vented,No,,,,,,,1/24/2016,1/13/2016,"United States, Canada",ES_1023593_592-8966*_01112016051621_70059693,No
2257206,Kenmore,592-8967*,592-8967*,,8.87E+11,Electric,,,7.5,39,27,32.4,3.94,607,65,"Normal cycle, Eco Dry, Automatic Termination, Medium temp, Normal Dry dryness level","Drum light,Time remaining display,Wrinkle prevention option,Steam cycle,Filter cleaning indicator",Vented,No,,,,,,,1/24/2016,1/13/2016,"United States, Canada",ES_1023593_592-8967*_01112016051621_70059693,No
2257205,Kenmore,592-8968*,592-8968*,,8.87E+11,Electric,,,7.5,39,27,32.4,3.94,607,65,"Normal cycle, Eco Dry, Automatic Termination, Medium temp, Normal Dry dryness level","Drum light,Time remaining display,Wrinkle prevention option,Steam cycle,Filter cleaning indicator",Vented,No,,,,,,,1/24/2016,1/13/2016,"United States, Canada",ES_1023593_592-8968*_01112016051621_70059693,No
2257204,Kenmore,592-8969*,592-8969*,,8.87E+11,Electric,,,7.5,39,27,32.4,3.94,607,65,"Normal cycle, Eco Dry, Automatic Termination, Medium temp, Normal Dry dryness level","Drum light,Time remaining display,Wrinkle prevention option,Steam cycle,Filter cleaning indicator",Vented,No,,,,,,,1/24/2016,1/13/2016,"United States, Canada",ES_1023593_592-8969*_01112016051621_70059693,No
2257208,Kenmore,592-9969*,592-9969*,,8.87E+11,Gas,,,7.5,39,27,32.4,3.49,685,64,"Normal cycle, Eco Dry, Automatic Termination, Medium temp, Normal Dry dryness level","Drum light,Time remaining display,Wrinkle prevention option,Steam cycle,Filter cleaning indicator",Vented,No,,,,,,,1/24/2016,1/13/2016,"United States, Canada",ES_1023593_592-9969*_01112016051621_70059693,No
2261846,Kenmore,6142#,6142#,,7.19E+14,Electric,,,7.3,40.19,27,29,3.94,607,67,Cotton/Normal_Normal Dry,"Time remaining display,Wrinkle prevention option,Steam cycle,Sanitization cycle",Vented,No,,,,,No,,3/4/2016,2/27/2016,"United States, Canada",ES_1118034_6142#_03072016122407_70065980,No
2216958,Kenmore,6142####,6142####,,"719,192,224,162,719,000,000,000",Electric,,,7.3,40.19,27,29,3.94,607,67,Cotton/Normal_Normal Dry,"Time remaining display,Wrinkle prevention option,Steam cycle,Sanitization cycle",Vented,No,,,,,No,,8/22/2014,7/21/2014,"United States, Canada",ES_1118034_6142####_08012014035936_2749997,No
2261847,Kenmore,6146#,6146#,,7.19E+14,Electric,,,7.3,40.19,27,29,3.94,607,67,Cotton/Normal_Normal Dry,"Time remaining display,Wrinkle prevention option,Steam cycle,Sanitization cycle",Vented,No,,,,,No,,3/4/2016,2/27/2016,"United States, Canada",ES_1118034_6146#_03072016122407_70065980,No
2216959,Kenmore,6146####,6146####,,"719,192,364,165,719,000,000,000",Electric,,,7.3,40.19,27,29,3.94,607,67,Cotton/Normal_Normal Dry,"Time remaining display,Wrinkle prevention option,Steam cycle,Sanitization cycle",Vented,No,,,,,No,,8/22/2014,7/21/2014,"United States, Canada",ES_1118034_6146####_08012014035936_2749997,No
2268424,Kenmore,6155#,6155#,,1,Electric,,,7.3,40.19,27,28.94,3.94,607,69,Normal_Medium Dry,"Time remaining display,Wrinkle prevention option,Steam cycle,Sanitization cycle",Vented,No,,,,,No,,6/23/2016,5/31/2016,"United States, Canada",ES_15649_6155#_06012016024614_70082029,No
2265506,Kenmore,61632610,6163261*,,8.83E+11,Electric,,,9.2,41,29,33,3.93,608,74,"ENERGY SAVER, NORMAL CYCLE, AUTOMATIC TERMINATION, HIGH HEAT, NORMAL DRYNESS LEVEL.","Drum light,Time remaining display,Wrinkle prevention option,Steam cycle,Other,Energy monitor/indicator,Sanitization cycle,Filter cleaning indicator",Vented,No,,,,,Yes,ES_0022856_3163*61*_01192016111058_70060810,12/1/2015,10/27/2016,United States,ES_15649_6163261*_04282016163247_1167684,No
2265507,Kenmore,61633610,6163361*,,8.83E+11,Electric,,,9.2,41,29,33,3.93,608,74,"ENERGY SAVER, NORMAL CYCLE, AUTOMATIC TERMINATION, HIGH HEAT, NORMAL DRYNESS LEVEL.","Drum light,Time remaining display,Wrinkle prevention option,Steam cycle,Other,Energy monitor/indicator,Sanitization cycle,Filter cleaning indicator",Vented,No,,,,,Yes,ES_0022856_3163*61*_01192016111059_70060810,12/1/2015,10/27/2016,United States,ES_15649_6163361*_04282016163503_1303970,No
2265508,Kenmore,6813*41+,6813*41+,,8,Electric,,,8.8,45,29,32,3.93,608,64,"ENERGY SAVER, NORMAL CYCLE, AUTOMATIC TERMINATION, HIGH HEAT, NORMAL DRYNESS LEVEL.","Drum light,Time remaining display,Wrinkle prevention option,Steam cycle,Other,Energy monitor/indicator,Sanitization cycle,Filter cleaning indicator",Vented,No,,,,,Yes,ES_0022856_2813*41+_01312015020022_70021972,6/1/2016,4/28/2016,United States,ES_15649_6813*41+_04282016170119_2879299,No
2265509,Kenmore,6913*41+,6913*41+,,8,Electric,,,8.8,45,29,32,3.93,608,64,"ENERGY SAVER, NORMAL CYCLE, AUTOMATIC TERMINATION, HIGH HEAT, NORMAL DRYNESS LEVEL.","Drum light,Time remaining display,Wrinkle prevention option,Steam cycle,Other,Energy monitor/indicator,Sanitization cycle,Filter cleaning indicator",Vented,No,,,,,Yes,ES_0022856_2913*41+_01312015020022_70021972,6/1/2016,4/28/2016,United States,ES_15649_6913*41+_04282016170147_2907607,No
2261848,Kenmore,7142#,7142#,,7.19E+14,Gas,,,7.3,40.19,27,29,3.49,685,57,Cotton/Normal_Normal Dry,"Time remaining display,Wrinkle prevention option,Steam cycle,Sanitization cycle",Vented,No,,,,,No,,3/4/2016,2/27/2016,"United States, Canada",ES_1118034_7142#_03072016122407_70065980,No
2216964,Kenmore,7142####,7142####,,"719,192,224,179,719,000,000,000",Gas,,,7.3,40.19,27,29,3.49,685,57,Cotton/Normal_Normal Dry,"Time remaining display,Wrinkle prevention option,Steam cycle,Sanitization cycle",Vented,No,,,,,No,,8/22/2014,7/31/2014,"United States, Canada",ES_1118034_7142####_08012014043834_2751151,No
2261849,Kenmore,7146#,7146#,,7.19E+14,Gas,,,7.3,40.19,27,29,3.49,685,57,Cotton/Normal_Normal Dry,"Time remaining display,Wrinkle prevention option,Steam cycle,Sanitization cycle",Vented,No,,,,,No,,3/4/2016,2/27/2016,"United States, Canada",ES_1118034_7146#_03072016122407_70065980,No
2216965,Kenmore,7146####,7146####,,"719,192,264,175,719,000,000,000",Gas,,,7.3,40.19,27,29,3.49,685,57,Cotton/Normal_Normal Dry,"Time remaining display,Wrinkle prevention option,Steam cycle,Sanitization cycle",Vented,No,,,,,No,,8/22/2014,7/31/2014,"United States, Canada",ES_1118034_7146####_08012014043834_2751151,No
2268425,Kenmore,7155#,7155#,,1,Gas,,,7.3,40.19,27,28.94,3.49,685,70,Normal_Medium Dry,"Time remaining display,Wrinkle prevention option,Steam cycle,Sanitization cycle",Vented,No,,,,,No,,6/23/2016,5/31/2016,"United States, Canada",ES_15649_7155#_06012016024614_70082029,No
2265512,Kenmore,71632610,7163261*,,8.83E+11,Gas,,,9.2,41,29,33,3.48,687,60,"ENERGY SAVER, NORMAL CYCLE, AUTOMATIC TERMINATION, HIGH HEAT, NORMAL DRYNESS LEVEL.","Drum light,Time remaining display,Wrinkle prevention option,Steam cycle,Other,Energy monitor/indicator,Sanitization cycle,Filter cleaning indicator",Vented,No,,,,,Yes,ES_0022856_3163*61*_01192016111058_70060810,12/1/2015,10/27/2016,United States,ES_15649_7163261*_04282016172629_4389962,No
2265513,Kenmore,71633610,7163361*,,8.83E+11,Gas,,,9.2,41,29,33,3.48,687,60,"ENERGY SAVER, NORMAL CYCLE, AUTOMATIC TERMINATION, HIGH HEAT, NORMAL DRYNESS LEVEL.","Drum light,Time remaining display,Wrinkle prevention option,Steam cycle,Other,Energy monitor/indicator,Sanitization cycle,Filter cleaning indicator",Vented,No,,,,,Yes,ES_0022856_3163*61*_01192016111058_70060810,12/1/2015,10/27/2016,United States,ES_15649_7163361*_04282016172657_4417630,No
2274693,Kenmore,8139#,8139#,,1,Electric,,,7.4,38.69,27,30,3.94,607,68,Normal_Normal Dry,"Time remaining display,Wrinkle prevention option,Steam cycle,Sanitization cycle,Filter cleaning indicator",Vented,No,,,,,No,,8/23/2016,8/11/2016,"United States, Canada",ES_1118034_8139#_08112016123245_70093199,No
2261850,Kenmore,8158#,8158#,,7.19E+14,Electric,,,7.4,38,27,28.69,3.94,607,67,Cotton/Normal_Normal Dry,"Time remaining display,Wrinkle prevention option,Steam cycle,Sanitization cycle",Vented,No,,,,,No,,3/4/2016,2/27/2016,"United States, Canada",ES_1118034_8158#_03072016122407_70065980,No
2216960,Kenmore,8158####,8158####,,"719,192,385,184,719,000,000,000",Electric,,,7.4,38,27,28.69,3.94,607,67,Cotton/Normal_Normal Dry,"Drum light,Time remaining display,Wrinkle prevention option,Steam cycle",Vented,No,,,,,No,,8/22/2014,7/21/2014,"United States, Canada",ES_1118034_8158####_08012014035936_2749997,No
2261851,Kenmore,8159#,8159#,,7.19E+11,Electric,,,7.3,38.69,27,30,3.94,607,57,Normal_Normal Dry,"Drum light,Time remaining display,Wrinkle prevention option,Steam cycle,Sanitization cycle",Vented,No,,,,,No,,3/4/2016,2/27/2016,"United States, Canada",ES_1118034_8159#_03072016122407_70065980,No
2225224,Kenmore,8159####,8159####,,7.19E+11,Electric,,,7.3,38.69,27,30,4.3,556,57,Normal_Normal Dry,"Drum light,Time remaining display,Wrinkle prevention option,Steam cycle,Sanitization cycle",Vented,No,,,,,No,,11/21/2014,11/17/2014,"United States, Canada",ES_0015649_8159####_11172014020527_2776157,No
2274694,Kenmore,9139#,9139#,,1,Gas,,,7.4,38.69,27,30,3.49,685,63,Normal_Normal Dry,"Time remaining display,Wrinkle prevention option,Steam cycle,Sanitization cycle",Vented,No,,,,,No,,8/23/2016,8/11/2016,"United States, Canada",ES_1118034_9139#_08112016123245_70093199,No
2261852,Kenmore,9158#,9158#,,7.19E+14,Gas,,,7.4,38,27,28.69,3.49,685,57,Cotton/Normal_Normal Dry,"Time remaining display,Wrinkle prevention option,Steam cycle,Sanitization cycle",Vented,No,,,,,No,,3/4/2016,2/27/2016,"United States, Canada",ES_1118034_9158#_03072016122407_70065980,No
2216966,Kenmore,9158####,9158####,,"719,192,385,191,719,000,000,000",Gas,,,7.4,38,27,28.69,3.49,685,57,Cotton/Normal_Normal Dry,"Drum light,Time remaining display,Wrinkle prevention option,Steam cycle",Vented,No,,,,,No,,8/22/2014,7/31/2014,"United States, Canada",ES_1118034_9158####_08012014043834_2751151,No
2282543,Kenmore,C6163361*,C6163*61*,,8.83E+11,Electric,,,9.2,41,29,33,3.93,608,74,"ENERGY SAVER, NORMAL CYCLE, AUTOMATIC TERMINATION, HIGH HEAT, NORMAL DRYNESS LEVEL.","Wrinkle prevention option,Sanitization cycle",Vented,No,,,,,Yes,ES_0022856_3163*61*_01192016111059_70060810,7/6/2016,10/27/2016,Canada,ES_1129244_C6163*61*_10272016155643_3803596,No
2282544,Kenmore,C6813241*,C6813*41*,,8.83E+11,Electric,,,8.8,45,29,32,3.93,608,64,"ENERGY SAVER, NORMAL CYCLE, AUTOMATIC TERMINATION, HIGH HEAT, NORMAL DRYNESS LEVEL.","Drum light,Time remaining display,Wrinkle prevention option,Other,Filter cleaning indicator,Sanitization cycle",Vented,No,,,,,Yes,ES_0022856_2913*41+_01312015020022_70021972,7/6/2016,10/27/2016,Canada,ES_22856_C6813*41*_10272016162210_5330389,No
2282545,Kenmore,C6913341*,C6913*41*,,8.83E+11,Electric,,,8.8,45,29,32,3.93,608,64,"ENERGY SAVER, NORMAL CYCLE, AUTOMATIC TERMINATION, HIGH HEAT, NORMAL DRYNESS LEVEL.","Drum light,Time remaining display,Wrinkle prevention option,Other,Filter cleaning indicator,Sanitization cycle",Vented,No,,,,,Yes,ES_0022856_2813*41+_01312015020022_70021972,7/6/2016,10/27/2016,Canada,ES_22856_C6913*41*_10272016162308_5388846,No
2245580,LG,DLE1501*,DLE1501*,,1,Electric,,,7.4,42.75,27,28.33,3.94,607,67,Cotton/Normal_Normal Dry,"Time remaining display,Wrinkle prevention option,Steam cycle,Sanitization cycle",Vented,No,,,,,No,,8/13/2015,8/12/2015,"United States, Canada",ES_1118034_DLE1501*_08132015060749_70041561,No
2245581,LG,DLE1501*E,DLE1501*E,,1,Electric,,,7.4,42.75,27,28.33,3.94,607,67,Cotton/Normal_Normal Dry,"Time remaining display,Wrinkle prevention option,Steam cycle,Sanitization cycle",Vented,No,,,,,No,,8/13/2015,8/12/2015,"United States, Canada",ES_1118034_DLE1501*E_08132015060749_70041561,No
2268423,LG,DLE3075*,DLE3075*,,1,Electric,,,7.4,40.19,27,28.94,3.94,607,67,Cotton/Normal_Normal Dry,"Time remaining display,Wrinkle prevention option,Steam cycle,Sanitization cycle",Vented,No,,,,,No,,6/23/2016,5/31/2016,"United States, Canada",ES_1118034_DLE3075*_06012016024614_70082029,No
2278428,Whirlpool,WHD3090G**,WHD3090G**,,8,Electric,,240,4.3,34,24,25,3.71,229,66,"NORMAL CYCLE, AUTOMATIC TERMINATION, NORMAL / DRY - DRYNESS LEVEL","Time remaining display,Steam cycle,Other",Ventless,No,,,,,Yes,2276477,8/26/2016,9/2/2016,United States,ES_22856_WHD3090G**_09022016222102_4862252,No
2278396,Whirlpool,WHD5090G**,WHD5090G**,,8,Electric,,240,4.3,34,24,25,3.71,229,64,"NORMAL CYCLE, AUTOMATIC TERMINATION, NORMAL / DRY - DRYNESS LEVEL","Time remaining display,Steam cycle,Other",Ventless,No,,,,,Yes,WFW5090G**,8/26/2016,9/2/2016,United States,ES_1129244_WHD5090G**_09022016215434_3274685,No
2266017,Whirlpool,YWED72HED*+,YWED72HED*+,,8,Electric,,,7.3,38,27,30,3.93,608,66,"ECO NORMAL CYCLE, AUTOMATIC TERMINATION, MEDIUM HEAT, NORMAL DRYNESS LEVEL","Drum light,Time remaining display,Wrinkle prevention option,Other,Steam cycle,Energy monitor/indicator,Filter cleaning indicator,Sanitization cycle",Vented,No,,,,,Yes,ES_0022856_WFW72HED*+_02102015015120_70023227,6/1/2016,4/28/2016,Canada,ES_22856_YWED72HED*+_05032016201647_6607835,No
2266042,Whirlpool,YWED7505FW*,YWED7505FW*,,8,Electric,,,7.4,38,27,31,3.93,608,73,"ECO NORMAL CYCLE, AUTOMATIC TERMINATION, MEDIUM HEAT, NORMAL DRYNESS LEVEL","Drum light,Time remaining display,Wrinkle prevention option,Other,Steam cycle,Energy monitor/indicator,Filter cleaning indicator,Sanitization cycle",Vented,No,,,,,No,,6/1/2016,4/28/2016,Canada,ES_22856_YWED7505FW*_05032016223143_4703163,No
2266052,Whirlpool,YWED7505FW*,YWED7505FW*,,8,Electric,,,7.4,38,27,31,3.93,608,73,"ECO NORMAL CYCLE, AUTOMATIC TERMINATION, MEDIUM HEAT, NORMAL DRYNESS LEVEL","Drum light,Time remaining display,Wrinkle prevention option,Other,Steam cycle,Energy monitor/indicator,Filter cleaning indicator,Sanitization cycle",Vented,No,,,,,No,,6/1/2016,4/28/2016,Canada,ES_22856_YWED7505FW*_05032016225146_5906874,No
2266043,Whirlpool,YWED7540FW*,YWED7540FW*,,8,Electric,,,7.4,38,27,31,3.93,608,73,"ECO NORMAL CYCLE, AUTOMATIC TERMINATION, MEDIUM HEAT, NORMAL DRYNESS LEVEL","Drum light,Time remaining display,Wrinkle prevention option,Other,Steam cycle,Energy monitor/indicator,Filter cleaning indicator,Sanitization cycle",Vented,No,,,,,No,,6/1/2016,4/28/2016,Canada,ES_22856_YWED7540FW*_05032016223313_4793810,No
2266044,Whirlpool,YWED75HEFW*,YWED75HEFW*,,8,Electric,,,7.4,38,27,31,3.93,608,73,"ECO NORMAL CYCLE, AUTOMATIC TERMINATION, MEDIUM HEAT, NORMAL DRYNESS LEVEL","Drum light,Time remaining display,Wrinkle prevention option,Other,Steam cycle,Energy monitor/indicator,Filter cleaning indicator,Sanitization cycle",Vented,No,,,,,No,,6/1/2016,4/28/2016,Canada,ES_22856_YWED75HEFW*_05032016223515_4915607,No
2266024,Whirlpool,YWED7990FW*,YWED7990FW*,,8.83E+11,Electric,Hybrid Heat Pump,,7.4,38,27,31,4.5,531,75,"NORMAL CYCLE, AUTOMATIC TERMINATION, MEDIUM HEAT, NORMAL DRYNESS LEVEL, ECO","Drum light,Supplementary Drying System,Time remaining display,Wrinkle prevention option,Other,Filter cleaning indicator,Sanitization cycle",Vented,No,,,,4.44,Yes,2265441,11/1/2015,4/28/2016,Canada,ES_22856_YWED7990FW*_05032016211346_0026661,Yes
2266095,Whirlpool,YWED8000D*+,YWED8000D*+,",YWED8500D*+,",8,Electric,,,8.8,42,29,32,3.93,608,69,"ECOBOOST NORMAL CYCLE, AUTOMATIC TERMINATION, MEDIUM HEAT, NORMAL DRYNESS LEVEL","Drum light,Time remaining display,Wrinkle prevention option,Other,Steam cycle,Energy monitor/indicator,Filter cleaning indicator,Sanitization cycle",Vented,No,,,,,No,,6/1/2016,4/28/2016,Canada,ES_22856_YWED8000D*+_05042016160321_7801856,No
2266018,Whirlpool,YWED81HED*+,YWED81HED*+,,8,Electric,,,7.3,38,27,30,3.93,608,66,"ECO NORMAL CYCLE, AUTOMATIC TERMINATION, MEDIUM HEAT, NORMAL DRYNESS LEVEL","Drum light,Time remaining display,Wrinkle prevention option,Other,Steam cycle,Energy monitor/indicator,Filter cleaning indicator,Sanitization cycle",Vented,No,,,No,,Yes,ES_0022856_WFW81HED*+_03252014114010_2713436,6/1/2016,4/28/2016,Canada,ES_22856_YWED81HED*+_05032016194850_4930655,No
2282566,Whirlpool,YWED8540FW*,YWED8540FW*,,8.83E+11,Electric,,,7.4,38,27,31,3.93,608,73,"ECO NORMAL CYCLE, AUTOMATIC TERMINATION, MEDIUM HEAT, NORMAL DRYNESS LEVEL.","Drum light,Time remaining display,Wrinkle prevention option,Other,Steam cycle,Energy monitor/indicator,Filter cleaning indicator,Sanitization cycle",Vented,No,,,,,Yes,WFW8540FW0,3/8/2016,10/27/2016,Canada,ES_22856_YWED8540FW*_10272016175919_1159465,No
2282567,Whirlpool,YWED85HEFBL*,YWED85HEFBL*,,8.83E+11,Electric,,,7.4,38,27,31,3.93,608,73,"ECO NORMAL CYCLE, AUTOMATIC TERMINATION, MEDIUM HEAT, NORMAL DRYNESS LEVEL.","Drum light,Time remaining display,Wrinkle prevention option,Other,Steam cycle,Energy monitor/indicator,Filter cleaning indicator,Sanitization cycle",Vented,No,,,,,Yes,WFW85HEFBL0,3/8/2016,10/27/2016,Canada,ES_22856_YWED85HEFBL*_10272016175205_0725892,No
2282568,Whirlpool,YWED85HEFC*,YWED85HEFC*,,8.83E+11,Electric,,,7.4,38,27,31,3.93,608,73,"ECO NORMAL CYCLE, AUTOMATIC TERMINATION, MEDIUM HEAT, NORMAL DRYNESS LEVEL.","Drum light,Time remaining display,Wrinkle prevention option,Other,Steam cycle,Energy monitor/indicator,Filter cleaning indicator,Sanitization cycle",Vented,No,,,,,Yes,WFW85HEFC0,3/8/2016,10/27/2016,Canada,ES_22856_YWED85HEFC*_10272016175101_0661959,No
2282569,Whirlpool,YWED85HEFW*,YWED85HEFW*,,8.83E+11,Electric,,,7.4,38,27,31,3.93,608,73,"ECO NORMAL CYCLE, AUTOMATIC TERMINATION, MEDIUM HEAT, NORMAL DRYNESS LEVEL.","Drum light,Time remaining display,Wrinkle prevention option,Other,Steam cycle,Energy monitor/indicator,Filter cleaning indicator,Sanitization cycle",Vented,No,,,,,Yes,WFW85HEFW0,3/8/2016,10/27/2016,Canada,ES_22856_YWED85HEFW*_10272016174958_0598407,No
2266019,Whirlpool,YWED87HED*+,YWED87HED*+,,8,Electric,,,7.3,38,27,30,3.93,608,66,"ECO NORMAL CYCLE, AUTOMATIC TERMINATION, MEDIUM HEAT, NORMAL DRYNESS LEVEL","Drum light,Time remaining display,Wrinkle prevention option,Other,Steam cycle,Energy monitor/indicator,Filter cleaning indicator,Sanitization cycle",Vented,No,,,,,Yes,ES_0022856_WFW87HED*+_02102015015120_70023227,6/1/2016,4/28/2016,Canada,ES_22856_YWED87HED*+_05032016195410_5250875,No
2266045,Whirlpool,YWED90HEFC*,YWED90HEFC*,,8,Electric,,,7.4,38,27,31,3.93,608,73,"ECO NORMAL CYCLE, AUTOMATIC TERMINATION, MEDIUM HEAT, NORMAL DRYNESS LEVEL","Drum light,Time remaining display,Wrinkle prevention option,Other,Steam cycle,Energy monitor/indicator,Filter cleaning indicator,Sanitization cycle",Vented,No,,,,,Yes,ES_0022856_WFW90HEF**_C_12072015113037_70054797,6/1/2016,4/28/2016,Canada,ES_22856_YWED90HEFC*_05032016213023_1023083,No
2266046,Whirlpool,YWED90HEFW*,YWED90HEFW*,,8,Electric,,,7.4,38,27,31,3.93,608,73,"ECO NORMAL CYCLE, AUTOMATIC TERMINATION, MEDIUM HEAT, NORMAL DRYNESS LEVEL","Drum light,Time remaining display,Wrinkle prevention option,Other,Steam cycle,Energy monitor/indicator,Filter cleaning indicator,Sanitization cycle",Vented,No,,,,,Yes,ES_0022856_WFW90HEF**_12072015113037_70054797,6/1/2016,4/28/2016,Canada,ES_22856_YWED90HEFW*_05032016213538_1338993,No
2274692,LG,DLGX4371*,DLGX4371*,,1,Gas,,,7.4,38.69,27,30,3.49,685,57,Cotton/Normal_Normal Dry,"Time remaining display,Wrinkle prevention option,Steam cycle,Sanitization cycle",Vented,No,,,,,No,,8/23/2016,8/11/2016,"United States, Canada",ES_1118034_DLGX4371*_08112016123245_70093199,No
2256236,LG,DLGX5001*,DLGX5001*,,48231015332,Gas,,,7.4,38.69,27,30,3.49,685,73,Cotton/Normal_Normal Dry,"Time remaining display,Wrinkle prevention option,Steam cycle,Sanitization cycle",Vented,No,,,,,,,12/17/2015,12/17/2015,"United States, Canada",ES_1118034_DLGX5001*_01072016065849_70059098,No
2295779,LG,DLGX5006*,DLGX5006*,,1,Gas,,,7.4,38.69,27,30,3.49,685,63,Normal_Normal Dry,"Time remaining display,Wrinkle prevention option,Steam cycle,Sanitization cycle",Vented,No,,,,,No,,5/24/2017,5/10/2017,"United States, Canada",ES_1118034_DLGX5006*_05112017113153_70137001,No
2256237,LG,DLGX5011*,DLGX5011*,,1,Gas,,,7.4,38.69,27,30,3.49,685,73,Cotton/Normal_Normal Dry,"Time remaining display,Wrinkle prevention option,Steam cycle,Sanitization cycle",Vented,No,,,,,,,12/17/2015,12/17/2015,"United States, Canada",ES_1118034_DLGX5011*_01072016065849_70059098,No
2225228,LG,DLGX5781*E,DLGX5781*E,,48231015578,Gas,,,7.3,45.44,27,28.94,3.49,685,57,Cotton/Normal_Normal Dry,"Drum light,Time remaining display,Wrinkle prevention option,Steam cycle",Vented,No,,,,,No,,11/21/2014,11/17/2014,"United States, Canada",ES_0015649_DLGX5781*E_11172014020527_2776157,No
2263531,LG,DLGX7601*,DLGX7601*,,1,Gas,,,7.3,40.19,27,28.94,3.49,685,70,Cotton/Normal_Normal Dry,"Time remaining display,Wrinkle prevention option,Steam cycle,Sanitization cycle",Vented,No,,,,,No,,4/3/2016,3/31/2016,"United States, Canada",ES_1118034_DLGX7601*03312016023947_70071708,No
2263532,LG,DLGX7601*E,DLGX7601*E,,1,Gas,,,7.3,40.19,27,28.94,3.49,685,70,Cotton/Normal_Normal Dry,"Time remaining display,Wrinkle prevention option,Steam cycle,Sanitization cycle",Vented,No,,,,,,,12/4/2016,12/13/2016,"United States, Canada",ES_1118034_DLGX7601*E03312016023947_70071708,No
2225226,LG,DLGY1702*E,DLGY1702*E,,48231014618,Gas,,,7.3,40.19,27,28.94,3.49,685,57,Cotton/Normal_Normal Dry,"Drum light,Time remaining display,Wrinkle prevention option,Steam cycle",Vented,No,,,,,No,,11/21/2014,11/17/2014,"United States, Canada",ES_0015649_DLGY1702*E_11172014020527_2776157,No
2297396,LG,DLGY1902*E,DLGY1902*E,,1,Gas,,,7.3,40.19,27,28.94,3.49,685,70,Normal_Normal Dry,"Time remaining display,Wrinkle prevention option,Steam cycle",Vented,No,,,,,No,,1/20/2017,1/20/2017,"United States, Canada",ES_1118034_DLGY1902*E_01232017115209_70118391,No
2216729,LG,DLHX4072*,DLHX4072*,,"48,231,013,758,048,200,000,000",Electric,,,7.3,38.69,27,30,4.3,556,58,Normal_Normal Dry,"Drum light,Time remaining display,Wrinkle prevention option,Steam cycle,Sanitization cycle",Vented,No,,,,4.43,No,,8/22/2014,7/28/2014,"United States, Canada",ES_1118034_DLHX4072*_07292014020602_DLHX4072*_2750024,Yes
2289158,LG,DLHX4372*,DLHX4372*,,1,Electric,,,7.3,38.69,27,30,4.3,556,57,Cotton/Normal_Normal Dry,"Drum light,Time remaining display,Wrinkle prevention option,Steam cycle,Sanitization cycle",Vented,No,,,,,No,,2/5/2017,1/20/2017,"United States, Canada",ES_1118034_DLHX4372*_01232017115209_70118391,No
2265515,Maytag,MED3100D*+,MED3100D*+,,8,Electric,,,7.3,38,27,30,3.93,608,65,"NORMAL CYCLE, ENERGY SAVER, AUTOMATIC TERMINATION, MEDIUM HEAT, NORMAL DRYNESS LEVEL.","Drum light,Time remaining display,Wrinkle prevention option,Steam cycle,Other,Energy monitor/indicator,Sanitization cycle,Filter cleaning indicator",Vented,No,,,,,Yes,ES_0022856_MHW3100D*+_02102015015120_70023227,6/1/2016,4/28/2016,United States,ES_22856_MED3100D*+_04282016175229_5949749,No
2265529,Maytag,MED3500FW*,MED3500FW*,,8,Electric,,,7.4,38,27,31,3.93,608,72,"NORMAL CYCLE, ENERGY SAVER, AUTOMATIC TERMINATION, MEDIUM HEAT, NORMAL DRYNESS LEVEL.","Drum light,Time remaining display,Wrinkle prevention option,Steam cycle,Other,Energy monitor/indicator,Sanitization cycle,Filter cleaning indicator",Vented,No,,,,,Yes,ES_0022856_MHW3500F**_12072015113037_70054797,6/1/2016,4/28/2016,United States,ES_22856_MED3500FW*_04282016181802_7482117,No
2265516,Maytag,MED4100D*+,MED4100D*+,,8,Electric,,,7.3,38,27,30,3.93,608,65,"NORMAL CYCLE, ENERGY SAVER, AUTOMATIC TERMINATION, MEDIUM HEAT, NORMAL DRYNESS LEVEL.","Drum light,Time remaining display,Wrinkle prevention option,Steam cycle,Other,Energy monitor/indicator,Sanitization cycle,Filter cleaning indicator",Vented,No,,,,,Yes,ES_0022856_MHW4100D*+_02102015015120_70023227,6/1/2016,4/28/2016,United States,ES_22856_MED4100D*+_04282016175250_5970613,No
2265517,Maytag,MED5100D*+,MED5100D*+,,8,Electric,,,7.3,38,27,30,3.93,608,66,"NORMAL CYCLE, ENERGY SAVER, AUTOMATIC TERMINATION, MEDIUM HEAT, NORMAL DRYNESS LEVEL.","Drum light,Time remaining display,Wrinkle prevention option,Steam cycle,Other,Energy monitor/indicator,Sanitization cycle,Filter cleaning indicator",Vented,No,,,,,Yes,ES_0022856_MHW5100D*+_02102015015120_70023227,6/1/2016,4/28/2016,United States,ES_22856_MED5100D*+_04282016175323_6003096,No
2265532,Maytag,MED5500FC*,MED5500FC*,,8,Electric,,,7.4,38,27,31,3.93,608,72,"NORMAL CYCLE, ENERGY SAVER, AUTOMATIC TERMINATION, MEDIUM HEAT, NORMAL DRYNESS LEVEL.","Drum light,Time remaining display,Wrinkle prevention option,Steam cycle,Other,Energy monitor/indicator,Sanitization cycle,Filter cleaning indicator",Vented,No,,,,,No,,6/1/2016,4/28/2016,United States,ES_22856_MED5500FC*_04282016181817_7497728,No
2265533,Maytag,MED5500FW*,MED5500FW*,,8,Electric,,,7.4,38,27,31,3.93,608,72,"NORMAL CYCLE, ENERGY SAVER, AUTOMATIC TERMINATION, MEDIUM HEAT, NORMAL DRYNESS LEVEL.","Drum light,Time remaining display,Wrinkle prevention option,Steam cycle,Other,Energy monitor/indicator,Sanitization cycle,Filter cleaning indicator",Vented,No,,,,,No,,6/1/2016,4/28/2016,United States,ES_22856_MED5500FW*_04282016181839_7519329,No
2265521,Maytag,MED7100D*+,MED7100D*+,,8,Electric,,,7.3,38,27,30,3.93,608,66,"NORMAL CYCLE, ENERGY SAVER, AUTOMATIC TERMINATION, MEDIUM HEAT, NORMAL DRYNESS LEVEL.","Drum light,Time remaining display,Wrinkle prevention option,Steam cycle,Other,Energy monitor/indicator,Sanitization cycle,Filter cleaning indicator",Vented,No,,,,,Yes,ES_0022856_MHW7100D*+_02102015015120_70023227,6/1/2016,4/28/2016,United States,ES_22856_MED7100D*+_04282016180104_6464679,No
2265522,Maytag,MED8100D*+,MED8100D*+,,8,Electric,,,7.3,38,27,30,3.93,608,66,"NORMAL CYCLE, ENERGY SAVER, AUTOMATIC TERMINATION, MEDIUM HEAT, NORMAL DRYNESS LEVEL.","Drum light,Time remaining display,Wrinkle prevention option,Steam cycle,Other,Energy monitor/indicator,Sanitization cycle,Filter cleaning indicator",Vented,No,,,,,Yes,ES_0022856_MHW8100D*+_02102015015120_70023227,6/1/2016,4/28/2016,United States,ES_22856_MED8100D*+_04282016180248_6568644,No
2265526,Maytag,MED8150EC*,MED8150EC*,,8,Electric,,,7.3,38,27,30,3.93,608,75,"NORMAL CYCLE, ENERGY SAVER, AUTOMATIC TERMINATION, MEDIUM HEAT, NORMAL DRYNESS LEVEL.","Drum light,Time remaining display,Wrinkle prevention option,Steam cycle,Other,Energy monitor/indicator,Sanitization cycle,Filter cleaning indicator",Vented,No,,,,,Yes,ES_0022856_MHW8150E**_08262015122737_8888888,6/1/2016,4/28/2016,United States,ES_22856_MED8150EC*_04282016181030_7030145,No
2265527,Maytag,MED8150EW*,MED8150EW*,,8,Electric,,,7.3,38,27,30,3.93,608,75,"NORMAL CYCLE, ENERGY SAVER, AUTOMATIC TERMINATION, MEDIUM HEAT, NORMAL DRYNESS LEVEL.","Drum light,Time remaining display,Wrinkle prevention option,Steam cycle,Other,Energy monitor/indicator,Sanitization cycle,Filter cleaning indicator",Vented,No,,,,,Yes,ES_0022856_MHW8150E**_08262015122737_8888888,6/1/2016,4/28/2016,United States,ES_22856_MED8150EW*_04282016181045_7045337,No
2265534,Maytag,MED8200FC*,MED8200FC*,,8,Electric,,,7.4,38,27,31,3.93,608,72,"NORMAL CYCLE, ENERGY SAVER, AUTOMATIC TERMINATION, MEDIUM HEAT, NORMAL DRYNESS LEVEL.","Drum light,Time remaining display,Wrinkle prevention option,Steam cycle,Other,Energy monitor/indicator,Sanitization cycle,Filter cleaning indicator",Vented,No,,,,,No,,6/1/2016,4/28/2016,United States,ES_22856_MED8200FC*_04282016181857_7537735,No
2265535,Maytag,MED8200FW*,MED8200FW*,,8,Electric,,,7.4,38,27,31,3.93,608,72,"NORMAL CYCLE, ENERGY SAVER, AUTOMATIC TERMINATION, MEDIUM HEAT, NORMAL DRYNESS LEVEL.","Drum light,Time remaining display,Wrinkle prevention option,Steam cycle,Other,Energy monitor/indicator,Sanitization cycle,Filter cleaning indicator",Vented,No,,,,,No,,6/1/2016,4/28/2016,United States,ES_22856_MED8200FW*_04282016181916_7556540,No
2265539,Maytag,MEDB835D*+,MEDB835D*+,,8,Electric,,,8.8,45,29,32,3.93,608,66,"ENERGY SAVER, NORMAL CYCLE, AUTOMATIC TERMINATION, HIGH HEAT, NORMAL DRYNESS LEVEL.","Drum light,Time remaining display,Wrinkle prevention option,Steam cycle,Other,Energy monitor/indicator,Sanitization cycle,Filter cleaning indicator",Vented,No,,,,,Yes,ES_0022856_MVWB835D*+_02102015015120_70023227,6/1/2016,4/28/2016,United States,ES_22856_MEDB835D*+_04282016182641_8001700,No
2265540,Maytag,MEDB855D*+,MEDB855D*+,,8,Electric,,,8.8,45,29,32,3.93,608,67,"ENERGY SAVER, NORMAL CYCLE, AUTOMATIC TERMINATION, HIGH HEAT, NORMAL DRYNESS LEVEL.","Drum light,Time remaining display,Wrinkle prevention option,Steam cycle,Other,Energy monitor/indicator,Sanitization cycle,Filter cleaning indicator",Vented,No,,,,,Yes,ES_0022856_MVWB855D*+_02102015015120_70023227,6/1/2016,4/28/2016,United States,ES_22856_MEDB855D*+_04282016182853_8133719,No
2282546,Maytag,MEDB955FC*,MEDB955FC*,,8.83E+11,Electric,,,9.2,41,29,33,3.93,608,76,"ENERGY SAVER, NORMAL CYCLE, AUTOMATIC TERMINATION, HIGH HEAT, NORMAL DRYNESS LEVEL.","Wrinkle prevention option,Steam cycle,Sanitization cycle",Vented,No,,,,,Yes,MVWB955FC0,4/25/2016,10/27/2016,United States,ES_22856_MEDB955FC*_10272016163804_6284667,No
2282547,Maytag,MEDB955FS*,MEDB955FS*,,8.83E+11,Electric,,,9.2,41,29,33,3.93,608,76,"ENERGY SAVER, NORMAL CYCLE, AUTOMATIC TERMINATION, HIGH HEAT, NORMAL DRYNESS LEVEL.","Wrinkle prevention option,Steam cycle,Sanitization cycle",Vented,No,,,,,Yes,MVWB955FS0,4/25/2016,10/27/2016,United States,ES_22856_MEDB955FS*_10272016164112_6472963,No
2282548,Maytag,MEDB955FW*,MEDB955FW*,,8.83E+11,Electric,,,9.2,41,29,33,3.93,608,76,"ENERGY SAVER, NORMAL CYCLE, AUTOMATIC TERMINATION, HIGH HEAT, NORMAL DRYNESS LEVEL.","Wrinkle prevention option,Steam cycle,Sanitization cycle",Vented,No,,,,,Yes,MVWB955FW0,4/25/2016,10/27/2016,United States,ES_22856_MEDB955FW*_10272016170521_7921256,No
2282557,Maytag,MGDB955FC*,MGDB955FC*,,8.83E+11,Gas,,,9.2,41,29,33,3.48,687,61,"ENERGY SAVER, NORMAL CYCLE, AUTOMATIC TERMINATION, HIGH HEAT, NORMAL DRYNESS LEVEL.","Wrinkle prevention option,Steam cycle,Sanitization cycle",Vented,No,,,,,Yes,MVWB955FC0,4/25/2016,10/27/2016,United States,ES_22856_MGDB955FC*_10272016172204_8924063,No
2282558,Maytag,MGDB955FS*,MGDB955FS*,,8.83E+11,Gas,,,9.2,41,29,33,3.48,687,60,"ENERGY SAVER, NORMAL CYCLE, AUTOMATIC TERMINATION, HIGH HEAT, NORMAL DRYNESS LEVEL.","Wrinkle prevention option,Steam cycle,Sanitization cycle",Vented,No,,,,,Yes,MVWB955FS0,4/25/2016,10/27/2016,United States,ES_22856_MGDB955FS*_10272016172337_9017668,No
2282559,Maytag,MGDB955FW*,MGDB955FW*,,8.83E+11,Gas,,,9.2,41,29,33,3.48,687,60,"ENERGY SAVER, NORMAL CYCLE, AUTOMATIC TERMINATION, HIGH HEAT, NORMAL DRYNESS LEVEL.","Wrinkle prevention option,Steam cycle,Sanitization cycle",Vented,No,,,,,Yes,MVWB955FW0,4/25/2016,10/27/2016,United States,ES_22856_MGDB955FW*_10272016172601_9161671,No
2265518,Maytag,YMED3100D*+,YMED3100D*+,,8,Electric,,,7.3,38,27,30,3.93,608,65,"NORMAL CYCLE, ENERGY SAVER, AUTOMATIC TERMINATION, MEDIUM HEAT, NORMAL DRYNESS LEVEL.","Drum light,Time remaining display,Wrinkle prevention option,Steam cycle,Other,Energy monitor/indicator,Sanitization cycle,Filter cleaning indicator",Vented,No,,,,,Yes,ES_0022856_MHW3100D*+_02102015015120_70023227,6/1/2016,4/28/2016,Canada,ES_22856_YMED3100D*+_04282016175038_5838636,No
2265536,Maytag,YMED3500FW*,YMED3500FW*,,8,Electric,,,7.4,38,27,31,3.93,608,72,"NORMAL CYCLE, ENERGY SAVER, AUTOMATIC TERMINATION, MEDIUM HEAT, NORMAL DRYNESS LEVEL.","Drum light,Time remaining display,Wrinkle prevention option,Steam cycle,Other,Energy monitor/indicator,Sanitization cycle,Filter cleaning indicator",Vented,No,,,,,No,,6/1/2016,4/28/2016,Canada,ES_22856_YMED3500FW*_04282016181945_7585499,No
2265519,Maytag,YMED4100D*+,YMED4100D*+,,8,Electric,,,7.3,38,27,30,3.93,608,65,"NORMAL CYCLE, ENERGY SAVER, AUTOMATIC TERMINATION, MEDIUM HEAT, NORMAL DRYNESS LEVEL.","Drum light,Time remaining display,Wrinkle prevention option,Steam cycle,Other,Energy monitor/indicator,Sanitization cycle,Filter cleaning indicator",Vented,No,,,,,Yes,ES_0022856_MHW4100D*+_02102015015120_70023227,6/1/2016,4/28/2016,Canada,ES_22856_YMED4100D*+_04282016175137_5897632,No
2265520,Maytag,YMED5100D*+,YMED5100D*+,,8,Electric,,,7.3,38,27,30,3.93,608,66,"NORMAL CYCLE, ENERGY SAVER, AUTOMATIC TERMINATION, MEDIUM HEAT, NORMAL DRYNESS LEVEL.","Drum light,Time remaining display,Wrinkle prevention option,Steam cycle,Other,Energy monitor/indicator,Sanitization cycle,Filter cleaning indicator",Vented,No,,,,,Yes,ES_0022856_MHW5100D*+_02102015015120_70023227,6/1/2016,4/28/2016,Canada,ES_22856_YMED5100D*+_04282016175207_5927841,No
2265537,Maytag,YMED5500FC*,YMED5500FC*,,8,Electric,,,7.4,38,27,31,3.93,608,72,"NORMAL CYCLE, ENERGY SAVER, AUTOMATIC TERMINATION, MEDIUM HEAT, NORMAL DRYNESS LEVEL.","Drum light,Time remaining display,Wrinkle prevention option,Steam cycle,Other,Energy monitor/indicator,Sanitization cycle,Filter cleaning indicator",Vented,No,,,,,No,,6/1/2016,4/28/2016,Canada,ES_22856_YMED5500FC*_04282016182002_7602079,No
2265538,Maytag,YMED5500FW*,YMED5500FW*,,8,Electric,,,7.4,38,27,31,3.93,608,72,"NORMAL CYCLE, ENERGY SAVER, AUTOMATIC TERMINATION, MEDIUM HEAT, NORMAL DRYNESS LEVEL.","Drum light,Time remaining display,Wrinkle prevention option,Steam cycle,Other,Energy monitor/indicator,Sanitization cycle,Filter cleaning indicator",Vented,No,,,,,No,,6/1/2016,4/28/2016,Canada,ES_22856_YMED5500FW*_04282016182024_7624866,No
2265523,Maytag,YMED7100D*+,YMED7100D*+,,8,Electric,,,7.3,38,27,30,3.93,608,66,"NORMAL CYCLE, ENERGY SAVER, AUTOMATIC TERMINATION, MEDIUM HEAT, NORMAL DRYNESS LEVEL.","Drum light,Time remaining display,Wrinkle prevention option,Steam cycle,Other,Energy monitor/indicator,Sanitization cycle,Filter cleaning indicator",Vented,No,,,,,Yes,ES_0022856_MHW7100D*+_02102015015120_70023227,6/1/2016,4/28/2016,Canada,ES_22856_YMED7100D*+_04282016180302_6582812,No
2255006,Samsung,DV45K76**G*,DV45K76**G*,,8.87E+11,Gas,,,7.4,46,27,30,3.49,685,65,"Normal cycle, Eco Dry, Automatic Termination, Medium temp, Normal Dry dryness level","Drum light,Time remaining display,Wrinkle prevention option,Steam cycle,Filter cleaning indicator",Vented,No,,,,,No,,12/20/2015,12/11/2015,"United States, Canada",ES_1023593_DV45K76**G*_12112015082742_70056672,No
2265524,Maytag,YMED8100D*+,YMED8100D*+,,8,Electric,,,7.3,38,27,30,3.93,608,66,"NORMAL CYCLE, ENERGY SAVER, AUTOMATIC TERMINATION, MEDIUM HEAT, NORMAL DRYNESS LEVEL.","Drum light,Time remaining display,Wrinkle prevention option,Steam cycle,Other,Energy monitor/indicator,Sanitization cycle,Filter cleaning indicator",Vented,No,,,,,Yes,ES_0022856_MHW8100D*+_02102015015120_70023227,6/1/2016,4/28/2016,Canada,ES_22856_YMED8100D*+_04282016180318_6598724,No
2265530,Maytag,YMED8200FC*,YMED8200FC*,,8,Electric,,,7.4,38,27,31,3.93,608,72,"NORMAL CYCLE, ENERGY SAVER, AUTOMATIC TERMINATION, MEDIUM HEAT, NORMAL DRYNESS LEVEL.","Drum light,Time remaining display,Wrinkle prevention option,Steam cycle,Other,Energy monitor/indicator,Sanitization cycle,Filter cleaning indicator",Vented,No,,,,,No,,6/1/2016,4/28/2016,Canada,ES_22856_YMED8200FC*_04282016182040_7640638,No
2265531,Maytag,YMED8200FW*,YMED8200FW*,,8,Electric,,,7.4,38,27,31,3.93,608,72,"NORMAL CYCLE, ENERGY SAVER, AUTOMATIC TERMINATION, MEDIUM HEAT, NORMAL DRYNESS LEVEL.","Drum light,Time remaining display,Wrinkle prevention option,Steam cycle,Other,Energy monitor/indicator,Sanitization cycle,Filter cleaning indicator",Vented,No,,,,,No,,6/1/2016,4/28/2016,Canada,ES_22856_YMED8200FW*_04282016182054_7654622,No
2265541,Maytag,YMEDB835D*+,YMEDB835D*+,,8,Electric,,,8.8,45,29,32,3.93,608,66,"ENERGY SAVER, NORMAL CYCLE, AUTOMATIC TERMINATION, HIGH HEAT, NORMAL DRYNESS LEVEL.","Drum light,Time remaining display,Wrinkle prevention option,Steam cycle,Other,Energy monitor/indicator,Sanitization cycle,Filter cleaning indicator",Vented,No,,,,,Yes,ES_0022856_MVWB835D*+_02102015015120_70023227,6/1/2016,4/28/2016,Canada,ES_22856_YMEDB835D*+_04282016182916_8156414,No
2265542,Maytag,YMEDB855D*+,YMEDB855D*+,,8,Electric,,,8.8,45,29,32,3.93,608,67,"ENERGY SAVER, NORMAL CYCLE, AUTOMATIC TERMINATION, HIGH HEAT, NORMAL DRYNESS LEVEL.","Drum light,Time remaining display,Wrinkle prevention option,Steam cycle,Other,Energy monitor/indicator,Sanitization cycle,Filter cleaning indicator",Vented,No,,,,,Yes,ES_0022856_MVWB855D*+_02102015015120_70023227,6/1/2016,4/28/2016,Canada,ES_22856_YMEDB855D*+_04282016182933_8173338,No
2282549,Maytag,YMEDB955FC*,YMEDB955FC*,,8.83E+11,Electric,,,9.2,41,29,33,3.93,608,76,"ENERGY SAVER, NORMAL CYCLE, AUTOMATIC TERMINATION, HIGH HEAT, NORMAL DRYNESS LEVEL.","Wrinkle prevention option,Steam cycle,Sanitization cycle",Vented,No,,,,,Yes,MVWB955FC0,4/25/2016,10/27/2016,Canada,ES_22856_YMEDB955FC*_10272016170647_8007708,No
2282550,Maytag,YMEDB955FS*,YMEDB955FS*,,8.83E+11,Electric,,,9.2,41,29,33,3.93,608,76,"ENERGY SAVER, NORMAL CYCLE, AUTOMATIC TERMINATION, HIGH HEAT, NORMAL DRYNESS LEVEL.","Wrinkle prevention option,Steam cycle,Sanitization cycle",Vented,No,,,,,Yes,MVWB955FS0,4/25/2016,10/27/2016,Canada,ES_22856_YMEDB955FS*_10272016170753_8073933,No
2282551,Maytag,YMEDB955FW*,YMEDB955FW*,,8.83E+11,Electric,,,9.2,41,29,33,3.93,608,76,"ENERGY SAVER, NORMAL CYCLE, AUTOMATIC TERMINATION, HIGH HEAT, NORMAL DRYNESS LEVEL.","Wrinkle prevention option,Steam cycle,Sanitization cycle",Vented,No,,,,,Yes,MVWB955FW0,4/25/2016,10/27/2016,Canada,ES_22856_YMEDB955FW*_10272016170916_8156123,No
2257200,Samsung,DV45K62**E*,DV45K62**E*,,8.87E+11,Electric,,,7.5,38.7,27,32.6,3.94,607,65,"Normal cycle, Eco Dry, Automatic Termination, Medium temp, Normal Dry dryness level","Drum light,Time remaining display,Wrinkle prevention option,Steam cycle,Filter cleaning indicator",Vented,No,,,,,,,1/24/2016,1/13/2016,"United States, Canada",ES_1023593_DV45K62**E*_01112016051621_70059693,No
2257203,Samsung,DV45K62**G*,DV45K62**G*,,8.87E+11,Gas,,,7.5,38.7,27,32.6,3.49,685,64,"Normal cycle, Eco Dry, Automatic Termination, Medium temp, Normal Dry dryness level","Drum light,Time remaining display,Wrinkle prevention option,Steam cycle,Filter cleaning indicator",Vented,No,,,,,,,1/24/2016,1/13/2016,"United States, Canada",ES_1023593_DV45K62**G*_01112016051621_70059693,No
2257199,Samsung,DV45K65**E*,DV45K65**E*,,8.87E+11,Electric,,,7.5,38.7,27,32.6,3.94,607,65,"Normal cycle, Eco Dry, Automatic Termination, Medium temp, Normal Dry dryness level","Drum light,Time remaining display,Wrinkle prevention option,Steam cycle,Filter cleaning indicator",Vented,No,,,,,,,1/24/2016,1/13/2016,"United States, Canada",ES_1023593_DV45K65**E*_01112016051621_70059693,No
2257202,Samsung,DV45K65**G*,DV45K65**G*,,8.87E+11,Gas,,,7.5,38.7,27,32.6,3.49,685,64,"Normal cycle, Eco Dry, Automatic Termination, Medium temp, Normal Dry dryness level","Drum light,Time remaining display,Wrinkle prevention option,Steam cycle,Filter cleaning indicator",Vented,No,,,,,,,1/24/2016,1/13/2016,"United States, Canada",ES_1023593_DV45K65**G*_01112016051621_70059693,No
2271286,Samsung,DV45K71**E*,DV45K71**E*,,8.87E+11,Electric,,,7.4,38.7,27,32.6,3.94,607,65,"Normal cycle, Eco Dry, Automatic Termination, Medium temp, Normal Dry dryness level","Drum light,Time remaining display,Wrinkle prevention option,Steam cycle,Filter cleaning indicator",Vented,No,,,,,,,7/22/2016,6/30/2016,"United States, Canada",ES_1023593_DV45K71**E*_06302016024435_70086546,No
2271287,Samsung,DV45K71**G*,DV45K71**G*,,8.87E+11,Gas,,,7.4,38.7,27,32.6,3.49,685,65,"Normal cycle, Eco Dry, Automatic Termination, Medium temp, Normal Dry dryness level","Drum light,Time remaining display,Wrinkle prevention option,Steam cycle,Filter cleaning indicator",Vented,No,,,,,,,7/22/2016,6/30/2016,"United States, Canada",ES_1023593_DV45K71**G*_06302016024435_70086546,No
2255003,Samsung,DV45K76**E*,DV45K76**E*,,8.87E+11,Electric,,,7.4,46,27,30,3.94,607,65,"Normal cycle, Eco Dry, Automatic Termination, Medium temp, Normal Dry dryness level","Drum light,Time remaining display,Wrinkle prevention option,Steam cycle,Filter cleaning indicator",Vented,No,,,,,No,,12/20/2015,12/9/2015,"United States, Canada",ES_1023593_DV45K76**E*_12072015123900_70055766,No
2231132,Samsung,DV48J770*E*,DV48J770*E*,,8.87E+11,Electric,,,7.4,44.2,27,30,3.94,607,63,"Normal cycle, Eco Dry, Automatic Termination, Medium temp, Normal Dry dryness level","Drum light,Time remaining display,Wrinkle prevention option,Steam cycle,Filter cleaning indicator",Vented,No,,,,,Yes,ES_1023593_WA48J770*A*_02112015043656_7002369,3/10/2015,1/9/2015,"United States, Canada",ES_1023593_DV48J770*E*_01102015074101_70019623,No
2231175,Samsung,DV48J770*G*,DV48J770*G*,,8.87E+11,Gas,,,7.4,44.2,27,30,3.49,685,63,"Normal cycle, Eco Dry, Automatic Termination, Medium temp, Normal Dry dryness level","Drum light,Time remaining display,Wrinkle prevention option,Steam cycle,Filter cleaning indicator",Vented,No,,,,,Yes,ES_1023593_WA48J770*A*_02112015043656_7002369,3/10/2015,1/10/2015,"United States, Canada",ES_1023593_DV48J770*G*_01102015074124_70019625,No
2231131,Samsung,DV48J777*E*,DV48J777*E*,,8.87E+11,Electric,,,7.4,44.2,27,30,3.94,607,63,"Normal cycle, Eco Dry, Automatic Termination, Medium temp, Normal Dry dryness level","Drum light,Time remaining display,Wrinkle prevention option,Steam cycle,Filter cleaning indicator",Vented,No,,,,,Yes,ES_1023593_WA48J777*A*_02112015043656_7002369,3/10/2015,1/9/2015,"United States, Canada",ES_1023593_DV48J777*E*_01102015074101_70019623,No
2231174,Samsung,DV48J777*G*,DV48J777*G*,,8.87E+11,Gas,,,7.4,44.2,27,30,3.49,685,63,"Normal cycle, Eco Dry, Automatic Termination, Medium temp, Normal Dry dryness level","Drum light,Time remaining display,Wrinkle prevention option,Steam cycle,Filter cleaning indicator",Vented,No,,,,,Yes,ES_1023593_WA48J777*A*_02112015043656_7002369,3/10/2015,1/10/2015,"United States, Canada",ES_1023593_DV48J777*G*_01102015074124_70019625,No
2257198,Samsung,DV50K75**E*,DV50K75**E*,,8.87E+11,Electric,,,7.5,38.7,27,32.6,3.94,607,65,"Normal cycle, Eco Dry, Automatic Termination, Medium temp, Normal Dry dryness level","Drum light,Time remaining display,Wrinkle prevention option,Steam cycle,Filter cleaning indicator",Vented,No,,,,,,,1/24/2016,1/13/2016,"United States, Canada",ES_1023593_DV50K75**E*_01112016051621_70059693,No
2257201,Samsung,DV50K75**G*,DV50K75**G*,,8.87E+11,Gas,,,7.5,38.7,27,32.6,3.49,685,64,"Normal cycle, Eco Dry, Automatic Termination, Medium temp, Normal Dry dryness level","Drum light,Time remaining display,Wrinkle prevention option,Steam cycle,Filter cleaning indicator",Vented,No,,,,,,,1/24/2016,1/13/2016,"United States, Canada",ES_1023593_DV50K75**G*_01112016051621_70059693,No
2255002,Samsung,DV50K86**E*,DV50K86**E*,,8.87E+11,Electric,,,7.4,46,27,30,3.94,607,65,"Normal cycle, Eco Dry, Automatic Termination, Medium temp, Normal Dry dryness level","Drum light,Time remaining display,Wrinkle prevention option,Steam cycle,Filter cleaning indicator",Vented,No,,,,,No,,12/20/2015,12/9/2015,"United States, Canada",ES_1023593_DV50K86**E*_12072015123900_70055766,No
2255005,Samsung,DV50K86**G*,DV50K86**G*,,8.87E+11,Gas,,,7.4,46,27,30,3.49,685,65,"Normal cycle, Eco Dry, Automatic Termination, Medium temp, Normal Dry dryness level","Drum light,Time remaining display,Wrinkle prevention option,Steam cycle,Filter cleaning indicator",Vented,No,,,,,No,,12/20/2015,12/11/2015,"United States, Canada",ES_1023593_DV50K86**G*_12112015082742_70056672,No
2231130,Samsung,DV52J806*E*,DV52J806*E*,,8.87E+11,Electric,,,7.4,46,27,30,3.94,607,63,"Normal cycle, Eco Dry, Automatic Termination, Medium temp, Normal Dry dryness level","Drum light,Time remaining display,Wrinkle prevention option,Steam cycle,Filter cleaning indicator",Vented,No,,,,,Yes,ES_1023593_WA52J806*A*_01102015074039_70019619,2/15/2015,1/9/2015,"United States, Canada",ES_1023593_DV52J806*E*_01102015074101_70019623,No
2231173,Samsung,DV52J806*G*,DV52J806*G*,,8.87E+11,Gas,,,7.4,46,27,30,3.49,685,63,"Normal cycle, Eco Dry, Automatic Termination, Medium temp, Normal Dry dryness level","Drum light,Time remaining display,Wrinkle prevention option,Steam cycle,Filter cleaning indicator",Vented,No,,,,,Yes,ES_1023593_WA52J806*A*_01102015074039_70019619,2/15/2015,1/10/2015,"United States, Canada",ES_1023593_DV52J806*G*_01102015074124_70019625,No
2231129,Samsung,DV52J870*E*,DV52J870*E*,,8.87E+11,Electric,,,7.4,46,27,30,3.94,607,63,"Normal cycle, Eco Dry, Automatic Termination, Medium temp, Normal Dry dryness level","Drum light,Time remaining display,Wrinkle prevention option,Steam cycle,Filter cleaning indicator",Vented,No,,,,,Yes,ES_1023593_WA52J870*A*_02092015034438_70022387,3/10/2015,1/9/2015,"United States, Canada",ES_1023593_DV52J870*E*_01102015074101_70019623,No
2231172,Samsung,DV52J870*G*,DV52J870*G*,,8.87E+11,Gas,,,7.4,46,27,30,3.49,685,63,"Normal cycle, Eco Dry, Automatic Termination, Medium temp, Normal Dry dryness level","Drum light,Time remaining display,Wrinkle prevention option,Steam cycle,Filter cleaning indicator",Vented,No,,,,,Yes,ES_1023593_WA52J870*A*_02092015034438_70022387,3/10/2015,1/10/2015,"United States, Canada",ES_1023593_DV52J870*G*_01102015074124_70019625,No
2290026,Samsung,DVE45M55***,DVE45M55***,,8.87E+11,Electric,,,7.5,38.7,27,32,3.94,607,65,"Normal cycle, Eco Dry, Automatic Termination, Medium temp, Normal Dry dryness level","Drum light,Time remaining display,Wrinkle prevention option,Steam cycle,Filter cleaning indicator",Vented,No,,,,,Yes,ES_1023593_WF45M55**A*_11242016052047_70108499,1/30/2017,1/17/2017,"United States, Canada",ES_1023593_DVE45M55***_02032017114750_70117713,No
2290031,Samsung,DVE52M77***,DVE52M77***,,8.87E+11,Electric,,,7.4,42.4,27,30.2,3.94,607,65,"Normal cycle, Eco Dry, Automatic Termination, Medium temp, Normal Dry dryness level","Drum light,Time remaining display,Wrinkle prevention option,Steam cycle,Filter cleaning indicator",Vented,No,,,,,Yes,ES_1023593_WA54M87**A*_01122017122713_70115961,1/30/2017,1/19/2017,"United States, Canada",ES_1023593_DVE52M77***_02032017114750_70117710,No
2290030,Samsung,DVE52M86***,DVE52M86***,,8.87E+11,Electric,,,7.4,42.4,27,30.2,3.94,607,65,"Normal cycle, Eco Dry, Automatic Termination, Medium temp, Normal Dry dryness level","Drum light,Time remaining display,Wrinkle prevention option,Steam cycle,Filter cleaning indicator",Vented,No,,,,,Yes,ES_1023593_WA54M87**A*_01122017122713_70115961,1/30/2017,1/19/2017,"United States, Canada",ES_1023593_DVE52M86***_02032017114750_70117710,No
2290029,Samsung,DVE54M87***,DVE54M87***,,8.87E+11,Electric,,,7.4,42.4,27,30.2,3.94,607,65,"Normal cycle, Eco Dry, Automatic Termination, Medium temp, Normal Dry dryness level","Drum light,Time remaining display,Wrinkle prevention option,Steam cycle,Filter cleaning indicator",Vented,No,,,,,Yes,ES_1023593_WA54M87**A*_01122017122713_70115961,1/30/2017,1/19/2017,"United States, Canada",ES_1023593_DVE54M87***_02032017114750_70117710,No
2290028,Samsung,DVE55M96***,DVE55M96***,,8.87E+11,Electric,,,7.5,38.7,27,32,3.94,607,65,"Normal cycle, Eco Dry, Automatic Termination, Medium temp, Normal Dry dryness level","Drum light,Time remaining display,Wrinkle prevention option,Steam cycle,Filter cleaning indicator",Vented,No,,,,,Yes,ES_1023593_WF45M55**A*_11242016052047_70108499,1/30/2017,1/17/2017,"United States, Canada",ES_1023593_DVE55M96***_02032017114750_70117713,No
2290027,Samsung,DVE60M99***,DVE60M99***,,8.87E+11,Electric,,,7.5,38.7,27,32,3.94,607,65,"Normal cycle, Eco Dry, Automatic Termination, Medium temp, Normal Dry dryness level","Drum light,Time remaining display,Wrinkle prevention option,Steam cycle,Filter cleaning indicator",Vented,No,,,,,Yes,ES_1023593_WF45M55**A*_11242016052047_70108499,1/30/2017,1/17/2017,"United States, Canada",ES_1023593_DVE60M99***_02032017114750_70117713,No
2290032,Samsung,DVG45M55***,DVG45M55***,,8.87E+11,Gas,,,7.5,38.7,27,32,3.49,685,64,"Normal cycle, Eco Dry, Automatic Termination, Medium temp, Normal Dry dryness level","Drum light,Time remaining display,Wrinkle prevention option,Steam cycle,Filter cleaning indicator",Vented,No,,,,,Yes,ES_1023593_WF45M55**A*_11242016052047_70108499,1/30/2017,1/17/2017,"United States, Canada",ES_1023593_DVG45M55***_02032017114750_70117715,No
2290037,Samsung,DVG52M77***,DVG52M77***,,8.87E+11,Gas,,,7.4,42.4,27,30.2,3.49,685,65,"Normal cycle, Eco Dry, Automatic Termination, Medium temp, Normal Dry dryness level","Drum light,Time remaining display,Wrinkle prevention option,Steam cycle,Filter cleaning indicator",Vented,No,,,,,Yes,ES_1023593_WA54M87**A*_01122017122713_70115961,1/30/2017,1/19/2017,"United States, Canada",ES_1023593_DVG52M77***_02032017114750_70117717,No
2290036,Samsung,DVG52M86***,DVG52M86***,,8.87E+11,Gas,,,7.4,42.4,27,30.2,3.49,685,65,"Normal cycle, Eco Dry, Automatic Termination, Medium temp, Normal Dry dryness level","Drum light,Time remaining display,Wrinkle prevention option,Steam cycle,Filter cleaning indicator",Vented,No,,,,,Yes,ES_1023593_WA54M87**A*_01122017122713_70115961,1/30/2017,1/19/2017,"United States, Canada",ES_1023593_DVG52M86***_02032017114750_70117717,No
2290035,Samsung,DVG54M87***,DVG54M87***,,8.87E+11,Gas,,,7.4,42.4,27,30.2,3.49,685,65,"Normal cycle, Eco Dry, Automatic Termination, Medium temp, Normal Dry dryness level","Drum light,Time remaining display,Wrinkle prevention option,Steam cycle,Filter cleaning indicator",Vented,No,,,,,Yes,ES_1023593_WA54M87**A*_01122017122713_70115961,1/30/2017,1/19/2017,"United States, Canada",ES_1023593_DVG54M87***_02032017114750_70117717,No
2290034,Samsung,DVG55M96***,DVG55M96***,,8.87E+11,Gas,,,7.5,38.7,27,32,3.49,685,64,"Normal cycle, Eco Dry, Automatic Termination, Medium temp, Normal Dry dryness level","Drum light,Time remaining display,Wrinkle prevention option,Steam cycle,Filter cleaning indicator",Vented,No,,,,,Yes,ES_1023593_WF45M55**A*_11242016052047_70108499,1/30/2017,1/17/2017,"United States, Canada",ES_1023593_DVG55M96***_02032017114750_70117715,No
2290033,Samsung,DVG60M99***,DVG60M99***,,8.87E+11,Gas,,,7.5,38.7,27,32,3.49,685,64,"Normal cycle, Eco Dry, Automatic Termination, Medium temp, Normal Dry dryness level","Drum light,Time remaining display,Wrinkle prevention option,Steam cycle,Filter cleaning indicator",Vented,No,,,,,Yes,ES_1023593_WF45M55**A*_11242016052047_70108499,1/30/2017,1/17/2017,"United States, Canada",ES_1023593_DVG60M99***_02032017114750_70117715,No
2269217,Speed Queen,LDEA5RGS173**04,LDEA5RGS173**04,,1,Electric,,,7,43,26.88,28,3.93,608,76,"Normal ECO, Low Temp, Near Dry Dryness",Time remaining display,Vented,No,,,,,No,,6/6/2016,6/9/2016,United States,ES_0087091_LDEA5RGS173**04_06092016112051_70080290,No
2248024,Speed Queen,LDGA5RGS113+,LDGA5RGS113+,,1,Gas,,,7,43,26.88,28,3.48,687,76,"Normal ECO, Low Temp, Near Dry Dryness",Time remaining display,Vented,No,,,,,No,,9/1/2015,9/11/2015,United States,ES_1105877_LDGA5RGS113+_09152015015723_70043533,No
2269219,Speed Queen,LSEA5FGS153**04,LSEA5FGS153**04,,1,Electric,,,7,78.19,26.88,28,3.93,608,76,"Normal ECO, Low Temp, Near Dry Dryness",Time remaining display,Vented,No,,,,,No,,6/6/2016,6/9/2016,United States,ES_0087091_LSEA5FGS153**04_06092016112051_70080290,No
2269218,Speed Queen,LSEA5FGS173**04,LSEA5FGS173**04,,1,Electric,,,7,78.19,26.88,28,3.93,608,76,"Normal ECO, Low Temp, Near Dry Dryness",Time remaining display,Vented,No,,,,,No,,6/6/2016,6/9/2016,United States,ES_0087091_LSEA5FGS173**04_06092016112051_70080290,No
2248025,Speed Queen,LSGA5FGS113+,LSGA5FGS113+,,1,Gas,,,7,78.19,26.88,28,3.48,687,76,"Normal ECO, Low Temp, Near Dry Dryness",Time remaining display,Vented,No,,,,,No,,9/1/2015,9/11/2015,United States,ES_1105877_LSGA5FGS113+_09152015015723_70043533,No
2269221,Speed Queen,LTEA5FSP153**04,LTEA5FSP153**04,,1,Electric,,,7,78.19,26.88,27.75,3.93,608,76,"Normal ECO, Low Temp, Near Dry Dryness",Time remaining display,Vented,No,,,,,No,,6/6/2016,6/9/2016,United States,ES_0087091_LTEA5FSP153**04_06092016112051_70080290,No
2266013,Whirlpool,WED72HED*+,WED72HED*+,,8,Electric,,,7.3,38,27,30,3.93,608,66,"ECO NORMAL CYCLE, AUTOMATIC TERMINATION, MEDIUM HEAT, NORMAL DRYNESS LEVEL","Drum light,Time remaining display,Wrinkle prevention option,Other,Steam cycle,Energy monitor/indicator,Filter cleaning indicator,Sanitization cycle",Vented,No,,,,,Yes,ES_0022856_WFW72HED*+_02102015015120_70023227,6/1/2016,4/28/2016,United States,ES_22856_WED72HED*+_05032016195723_5443561,No
2266033,Whirlpool,WED7505FW*,WED7505FW*,,8,Electric,,,7.4,38,27,31,3.93,608,73,"ECO NORMAL CYCLE, AUTOMATIC TERMINATION, MEDIUM HEAT, NORMAL DRYNESS LEVEL","Drum light,Time remaining display,Wrinkle prevention option,Other,Steam cycle,Energy monitor/indicator,Filter cleaning indicator,Sanitization cycle",Vented,No,,,,,No,,6/1/2016,4/28/2016,United States,ES_22856_WED7505FW*_05032016215118_2278543,No
2266034,Whirlpool,WED7540FW*,WED7540FW*,,8,Electric,,,7.4,38,27,31,3.93,608,73,"ECO NORMAL CYCLE, AUTOMATIC TERMINATION, MEDIUM HEAT, NORMAL DRYNESS LEVEL","Drum light,Time remaining display,Wrinkle prevention option,Other,Steam cycle,Energy monitor/indicator,Filter cleaning indicator,Sanitization cycle",Vented,No,,,,,No,,6/1/2016,4/28/2016,United States,ES_22856_WED7540FW*_05032016215308_2388863,No
2266006,Whirlpool,WED7590FW*,WED7590FW*,,8,Electric,,,7.4,38,27,31,3.93,608,69,"ECO NORMAL CYCLE, AUTOMATIC TERMINATION, MEDIUM HEAT, NORMAL DRYNESS LEVEL.","Drum light,Time remaining display,Wrinkle prevention option,Other,Steam cycle,Energy monitor/indicator,Filter cleaning indicator,Sanitization cycle",Vented,No,,,,,Yes,ES_0022856_WFW7590F**_11062015014728_70052530,6/1/2016,4/28/2016,United States,ES_22856_WED7590FW*_05032016181633_9393419,No
2266035,Whirlpool,WED75HEFW*,WED75HEFW*,,8,Electric,,,7.4,38,27,31,3.93,608,73,"ECO NORMAL CYCLE, AUTOMATIC TERMINATION, MEDIUM HEAT, NORMAL DRYNESS LEVEL","Drum light,Time remaining display,Wrinkle prevention option,Other,Steam cycle,Energy monitor/indicator,Filter cleaning indicator,Sanitization cycle",Vented,No,,,,,No,,6/1/2016,4/28/2016,United States,ES_22856_WED75HEFW*_05032016215846_2726787,No
2266021,Whirlpool,WED7990FW*,WED7990FW*,,8.83E+11,Electric,Hybrid Heat Pump,,7.4,38,27,31,4.5,531,75,"NORMAL CYCLE, AUTOMATIC TERMINATION, MEDIUM HEAT, NORMAL DRYNESS LEVEL, ECO","Drum light,Supplementary Drying System,Time remaining display,Wrinkle prevention option,Other,Filter cleaning indicator,Sanitization cycle",Ventless,No,,,,4.44,Yes,2265441,11/1/2015,4/28/2016,United States,ES_22856_WED7990FW*_05032016210548_9548975,Yes
2266007,Whirlpool,WED8000D*+,WED8000D*+,,8,Electric,,,8.8,42,29,32,3.93,608,64,"ECOBOOST NORMAL CYCLE, AUTOMATIC TERMINATION, MEDIUM HEAT, NORMAL DRYNESS LEVEL","Drum light,Time remaining display,Wrinkle prevention option,Other,Steam cycle,Energy monitor/indicator,Filter cleaning indicator,Sanitization cycle",Vented,No,,,,,Yes,ES_0022856_WTW8000D*+_10032014035931_2767884,6/1/2016,4/28/2016,United States,ES_22856_WED8000D*+_05032016182429_9869058,No
2266014,Whirlpool,WED81HED*+,WED81HED*+,,8,Electric,,,7.3,38,27,30,3.93,608,66,"ECO NORMAL CYCLE, AUTOMATIC TERMINATION, MEDIUM HEAT, NORMAL DRYNESS LEVEL","Drum light,Time remaining display,Wrinkle prevention option,Other,Steam cycle,Energy monitor/indicator,Filter cleaning indicator,Sanitization cycle",Vented,No,,,,,Yes,ES_0022856_WFW81HED*+_02102015015120_70023227,6/1/2016,4/28/2016,United States,ES_22856_WED81HED*+_05032016195950_5590102,No
2266008,Whirlpool,WED8500D*+,WED8500D*+,,8,Electric,,,8.8,42,29,32,3.93,608,64,"ECOBOOST NORMAL CYCLE, AUTOMATIC TERMINATION, MEDIUM HEAT, NORMAL DRYNESS LEVEL","Drum light,Time remaining display,Wrinkle prevention option,Other,Steam cycle,Energy monitor/indicator,Filter cleaning indicator,Sanitization cycle",Vented,No,,,,,Yes,ES_0022856_WTW8500D*+_10032014035931_2767884,6/1/2016,4/28/2016,United States,ES_22856_WED8500D*+_05032016182742_0062788,No
2282560,Whirlpool,WED8510FW*,WED8510FW*,,8.83E+11,Electric,,,8.8,45,29,32,3.93,608,67,"MIXED, NORMAL CYCLE, ECOBOOST, AUTOMATIC TERMINATION, HIGH HEAT, MID-POINT DRYNESS LEVEL.","Drum light,Time remaining display,Wrinkle prevention option,Other,Steam cycle,Filter cleaning indicator,Sanitization cycle",Vented,No,,,,,Yes,MVWB855DW0,3/8/2016,10/27/2016,United States,ES_22856_WED8510FW*_10272016173353_9633607,No
2282562,Whirlpool,WED8540FW*,WED8540FW*,,8.83E+11,Electric,,,7.4,38,27,31,3.93,608,73,"ECO NORMAL CYCLE, AUTOMATIC TERMINATION, MEDIUM HEAT, NORMAL DRYNESS LEVEL.","Drum light,Time remaining display,Wrinkle prevention option,Other,Steam cycle,Energy monitor/indicator,Filter cleaning indicator,Sanitization cycle",Vented,No,,,,,Yes,WFW8540FW0,3/8/2016,10/27/2016,United States,ES_22856_WED8540FW*_10272016175833_1113446,No
2282563,Whirlpool,WED85HEFBL*,WED85HEFBL*,,8.83E+11,Electric,,,7.4,38,27,31,3.93,608,73,"ECO NORMAL CYCLE, AUTOMATIC TERMINATION, MEDIUM HEAT, NORMAL DRYNESS LEVEL.","Drum light,Time remaining display,Wrinkle prevention option,Other,Energy monitor/indicator,Filter cleaning indicator,Sanitization cycle",Vented,No,,,,,Yes,WFW85HEBL0,3/8/2016,10/27/2016,United States,ES_22856_WED85HEFBL*_10272016174848_0528075,No
2282564,Whirlpool,WED85HEFC*,WED85HEFC*,,8.83E+11,Electric,,,7.4,38,27,31,3.93,608,73,"ECO NORMAL CYCLE, AUTOMATIC TERMINATION, MEDIUM HEAT, NORMAL DRYNESS LEVEL.","Drum light,Time remaining display,Wrinkle prevention option,Other,Steam cycle,Energy monitor/indicator,Filter cleaning indicator,Sanitization cycle",Vented,No,,,,,Yes,WFW85HEFC0,3/8/2016,10/27/2016,United States,ES_22856_WED85HEFC*_10272016174641_0401920,No
2282565,Whirlpool,WED85HEFW*,WED85HEFW*,,8.83E+11,Electric,,,7.4,38,27,31,3.93,608,73,"ECO NORMAL CYCLE, AUTOMATIC TERMINATION, MEDIUM HEAT, NORMAL DRYNESS LEVEL.","Drum light,Time remaining display,Wrinkle prevention option,Other,Steam cycle,Energy monitor/indicator,Sanitization cycle",Vented,No,,,,,Yes,WFW85HEFW0,3/8/2016,10/27/2016,United States,ES_22856_WED85HEFW*_10272016174516_0316219,No
2266012,Whirlpool,WED8700E**,WED8700E**,,8,Electric,,,8.8,42,29,32,3.93,608,64,"ECOBOOST, NORMAL CYCLE, AUTOMATIC TERMINATION, MEDIUM HEAT, NORMAL DRYNESS LEVEL","Drum light,Time remaining display,Wrinkle prevention option,Other,Steam cycle,Energy monitor/indicator,Filter cleaning indicator,Sanitization cycle",Vented,Yes,Wi-Fi,Other,No,,Yes,ES_0022856_WTW8700E**_04012015081728_70027607,6/1/2016,4/28/2016,United States,ES_22856_WED8700E**_05032016193738_4258822,No
2266015,Whirlpool,WED8740D*+,WED8740D*+,,8,Electric,,,7.3,38,27,30,3.93,608,66,"ECO NORMAL CYCLE, AUTOMATIC TERMINATION, MEDIUM HEAT, NORMAL DRYNESS LEVEL","Drum light,Time remaining display,Wrinkle prevention option,Other,Steam cycle,Energy monitor/indicator,Filter cleaning indicator,Sanitization cycle",Vented,No,,,,,Yes,ES_0022856_WFW8740D*+_02102015015120_70023227,6/1/2016,4/28/2016,United States,ES_22856_WED8740D*+_05032016200233_5753921,No
2266016,Whirlpool,WED87HED*+,WED87HED*+,,8,Electric,,,7.3,38,27,30,3.93,608,66,"ECO NORMAL CYCLE, AUTOMATIC TERMINATION, MEDIUM HEAT, NORMAL DRYNESS LEVEL","Drum light,Time remaining display,Wrinkle prevention option,Other,Steam cycle,Energy monitor/indicator,Filter cleaning indicator,Sanitization cycle",Vented,No,,,,,Yes,ES_0022856_WFW87HED*+_02102015015120_70023227,6/1/2016,4/28/2016,United States,ES_22856_WED87HED*+_05032016201405_6445211,No
2266020,Whirlpool,WED87HED*+,WED87HED*+,,8,Electric,,,7.3,38,27,30,3.93,608,66,"ECO NORMAL CYCLE, AUTOMATIC TERMINATION, MEDIUM HEAT, NORMAL DRYNESS LEVEL","Drum light,Time remaining display,Wrinkle prevention option,Other,Steam cycle,Energy monitor/indicator,Filter cleaning indicator,Sanitization cycle",Vented,No,,,,,Yes,ES_0022856_WFW87HED*+_02102015015120_70023227,6/1/2016,4/28/2016,United States,ES_22856_WED87HED*+_05032016204014_8014653,No
2266036,Whirlpool,WED90HEFC*,WED90HEFC*,,8,Electric,,,7.4,38,27,31,3.93,608,73,"ECO NORMAL CYCLE, AUTOMATIC TERMINATION, MEDIUM HEAT, NORMAL DRYNESS LEVEL","Drum light,Time remaining display,Wrinkle prevention option,Other,Steam cycle,Energy monitor/indicator,Filter cleaning indicator,Sanitization cycle",Vented,No,,,,,Yes,ES_0022856_WFW90HEF**_C_12072015113037_70054797,6/1/2016,4/28/2016,United States,ES_22856_WED90HEFC*_05032016220929_3369874,No
2266037,Whirlpool,WED90HEFW*,WED90HEFW*,,8,Electric,,,7.4,38,27,31,3.93,608,73,"ECO NORMAL CYCLE, AUTOMATIC TERMINATION, MEDIUM HEAT, NORMAL DRYNESS LEVEL","Drum light,Time remaining display,Wrinkle prevention option,Other,Steam cycle,Energy monitor/indicator,Filter cleaning indicator,Sanitization cycle",Vented,No,,,,,Yes,ES_0022856_WFW90HEF**_12072015113037_70054797,6/1/2016,4/28/2016,United States,ES_22856_WED90HEFW*_05032016221206_3526236,No
2266022,Whirlpool,WED9290FC*,WED9290FC*,,8.83E+11,Electric,Hybrid Heat Pump,,7.4,38,27,31,4.5,531,75,"NORMAL CYCLE, AUTOMATIC TERMINATION, MEDIUM HEAT, NORMAL DRYNESS LEVEL, ECO","Drum light,Supplementary Drying System,Time remaining display,Wrinkle prevention option,Other,Filter cleaning indicator,Sanitization cycle",Ventless,No,,,,4.43,Yes,2265445,11/1/2015,4/28/2016,United States,ES_22856_WED9290FC*_05032016210958_9798020,Yes
2266023,Whirlpool,WED9290FW*,WED9290FW*,,8.83E+11,Electric,Hybrid Heat Pump,,7.4,38,27,31,4.5,531,75,"NORMAL CYCLE, AUTOMATIC TERMINATION, MEDIUM HEAT, NORMAL DRYNESS LEVEL, ECO","Drum light,Supplementary Drying System,Time remaining display,Wrinkle prevention option,Other,Filter cleaning indicator,Sanitization cycle",Ventless,No,,,,4.43,Yes,2265445,11/1/2015,4/28/2016,United States,ES_22856_WED9290FW*_05032016211140_9900631,Yes
2266038,Whirlpool,WED92HEFBD*,WED92HEFBD*,,8,Electric,,,7.4,38,27,31,3.93,608,73,"ECO NORMAL CYCLE, AUTOMATIC TERMINATION, MEDIUM HEAT, NORMAL DRYNESS LEVEL","Drum light,Time remaining display,Wrinkle prevention option,Other,Steam cycle,Energy monitor/indicator,Filter cleaning indicator,Sanitization cycle",Vented,No,,,,,Yes,ES_0022856_WFW92HEF**_BD_12072015113037_70054797,6/1/2016,4/28/2016,United States,ES_22856_WED92HEFBD*_05032016222042_4042682,No
2266039,Whirlpool,WED92HEFBD*,WED92HEFC*,,8,Electric,,,7.4,38,27,31,3.93,608,73,"ECO NORMAL CYCLE, AUTOMATIC TERMINATION, MEDIUM HEAT, NORMAL DRYNESS LEVEL","Drum light,Time remaining display,Wrinkle prevention option,Other,Steam cycle,Energy monitor/indicator,Filter cleaning indicator,Sanitization cycle",Vented,No,,,,,Yes,ES_0022856_WFW92HEF**_C_12072015113037_70054797,6/1/2016,4/28/2016,United States,ES_22856_WED92HEFC*_05032016222409_4249606,No
2266040,Whirlpool,WED92HEFU*,WED92HEFU*,,8,Electric,,,7.4,38,27,31,3.93,608,73,"ECO NORMAL CYCLE, AUTOMATIC TERMINATION, MEDIUM HEAT, NORMAL DRYNESS LEVEL","Drum light,Time remaining display,Wrinkle prevention option,Other,Steam cycle,Energy monitor/indicator,Filter cleaning indicator,Sanitization cycle",Vented,No,,,,,Yes,ES_0022856_WFW92HEF**_U_12072015113037_70054797,6/1/2016,4/28/2016,United States,ES_22856_WED92HEFU*_05032016222642_4402019,No
2266041,Whirlpool,WED92HEFW*,WED92HEFW*,,8,Electric,,,7.4,38,27,31,3.93,608,73,"ECO NORMAL CYCLE, AUTOMATIC TERMINATION, MEDIUM HEAT, NORMAL DRYNESS LEVEL","Drum light,Time remaining display,Wrinkle prevention option,Other,Steam cycle,Energy monitor/indicator,Filter cleaning indicator,Sanitization cycle",Vented,No,,,,,Yes,ES_0022856_WFW92HEF**_12072015113037_70054797,6/1/2016,4/28/2016,United States,ES_22856_WED92HEFW*_05032016222946_4586388,No
2266053,Whirlpool,WED9500EC*,WED9500EC*,,8,Electric,,,9.2,41,29,33,3.93,608,74,"ECOBOOST, MIXED + NORMAL CYCLE, AUTOMATIC TERMINATION, HIGH HEAT, MID-POINT DRYNESS LEVEL.","Drum light,Time remaining display,Wrinkle prevention option,Other,Steam cycle,Energy monitor/indicator,Filter cleaning indicator,Sanitization cycle",Vented,No,,,,,No,,6/1/2016,4/28/2016,United States,ES_22856_WED9500EC*_05032016230924_6964395,No
2266054,Whirlpool,WED9500EW*,WED9500EW*,,8,Electric,,,9.2,41,29,33,3.93,608,74,"ECOBOOST, MIXED + NORMAL CYCLE, AUTOMATIC TERMINATION, HIGH HEAT, MID-POINT DRYNESS LEVEL.","Drum light,Time remaining display,Wrinkle prevention option,Other,Steam cycle,Energy monitor/indicator,Filter cleaning indicator,Sanitization cycle",Vented,No,,,,,No,,6/1/2016,4/28/2016,United States,ES_22856_WED9500EW*_05032016231046_7046045,No
2266091,Whirlpool,WED95HED*+,WED95HED*+,,8,Electric,,,7.3,38,27,30,3.93,608,65,"ECO NORMAL CYCLE, AUTOMATIC TERMINATION, MEDIUM HEAT, NORMAL DRYNESS LEVEL","Drum light,Time remaining display,Wrinkle prevention option,Other,Steam cycle,Energy monitor/indicator,Filter cleaning indicator,Sanitization cycle",Vented,No,,,,,Yes,ES_0022856_WFW95HED*+_03252014114036_2713436,6/1/2016,4/28/2016,United States,ES_22856_WED95HED*+_05042016154050_6450915,No
2266005,Whirlpool,WED9750EW*,WED9750EW*,,8.83E+11,Electric,,,7.3,38,27,30,3.93,608,75,"NORMAL CYCLE, ENERGY SAVER, AUTOMATIC TERMINATION, MEDIUM HEAT, NORMAL DRYNESS LEVEL.","Drum light,Time remaining display,Wrinkle prevention option,Steam cycle,Other,Energy monitor/indicator,Sanitization cycle,Filter cleaning indicator",Vented,No,,,,,No,,12/2/2015,10/27/2016,United States,ES_22856_WED9750EW*_05032016180201_8521916,No
2266092,Whirlpool,WED97HED*+,WED97HED*+,,8,Electric,,,7.3,38,27,30,3.93,608,65,"ECO NORMAL CYCLE, AUTOMATIC TERMINATION, MEDIUM HEAT, NORMAL DRYNESS LEVEL","Drum light,Time remaining display,Wrinkle prevention option,Other,Steam cycle,Energy monitor/indicator,Filter cleaning indicator,Sanitization cycle",Vented,No,,,,,Yes,ES_0022856_WFW97HED*+_05212ES_0022856_WFW95HED*+_03252014114036_2713436,6/1/2016,4/28/2016,United States,ES_22856_WED97HED*+_05042016154848_6928419,No
2266096,Whirlpool,WED99HED*+,WED99HED*+,,8,Electric,,,7.3,38,27,30,4.5,531,71,"ECO, NORMAL CYCLE, AUTOMATIC TERMINATION, MEDIUM HEAT, NORMAL DRYNESS LEVEL",Other,Vented,No,,,,,No,,6/1/2016,4/28/2016,United States,ES_22856_WED99HED*+_05042016162312_8992754,No
2265545,Whirlpool,WGD9500EC*,WGD9500EC*,,8,Gas,,,8.2,41,29,33,3.48,687,61,"ECOBOOST, MIXED + NORMAL CYCLE, AUTOMATIC TERMINATION, HIGH HEAT, MID-POINT DRYNESS LEVEL.","Drum light,Time remaining display,Wrinkle prevention option,Steam cycle,Other,Energy monitor/indicator,Sanitization cycle,Filter cleaning indicator",Vented,No,,,,,No,,6/1/2016,4/28/2016,United States,ES_22856_WGD9500EC*_04282016200554_3954361,No
2265546,Whirlpool,WGD9500EW*,WGD9500EW*,,8,Gas,,,8.2,41,29,33,3.48,687,61,"ECOBOOST, MIXED + NORMAL CYCLE, AUTOMATIC TERMINATION, HIGH HEAT, MID-POINT DRYNESS LEVEL.","Drum light,Time remaining display,Wrinkle prevention option,Steam cycle,Other,Energy monitor/indicator,Sanitization cycle,Filter cleaning indicator",Vented,No,,,,,No,,6/1/2016,4/28/2016,United States,ES_22856_WGD9500EW*_04282016200744_4064326,No
2266025,Whirlpool,YWED9290FC*,YWED9290FC*,,8.83E+11,Electric,Hybrid Heat Pump,,7.4,38,27,31,4.5,531,75,"NORMAL CYCLE, AUTOMATIC TERMINATION, MEDIUM HEAT, NORMAL DRYNESS LEVEL, ECO","Drum light,Supplementary Drying System,Time remaining display,Wrinkle prevention option,Other,Filter cleaning indicator,Sanitization cycle",Vented,No,,,,4.43,Yes,2265445,11/1/2015,4/28/2016,Canada,ES_22856_YWED9290FC*_05032016205935_9175921,Yes
2266026,Whirlpool,YWED9290FW*,YWED9290FW*,,8.83E+11,Electric,Hybrid Heat Pump,,7.4,38,27,31,4.5,531,75,"NORMAL CYCLE, AUTOMATIC TERMINATION, MEDIUM HEAT, NORMAL DRYNESS LEVEL, ECO","Drum light,Supplementary Drying System,Time remaining display,Wrinkle prevention option,Other,Filter cleaning indicator,Sanitization cycle",Vented,No,,,,4.43,Yes,2265445,11/1/2015,4/28/2016,Canada,ES_22856_YWED9290FW*_05032016210322_9402003,Yes
2266047,Whirlpool,YWED92HEFBD*,YWED92HEFBD*,,8,Electric,,,7.4,38,27,31,3.93,608,73,"ECO NORMAL CYCLE, AUTOMATIC TERMINATION, MEDIUM HEAT, NORMAL DRYNESS LEVEL","Drum light,Time remaining display,Wrinkle prevention option,Other,Steam cycle,Energy monitor/indicator,Filter cleaning indicator,Sanitization cycle",Vented,No,,,,,Yes,ES_0022856_WFW92HEF**_BD_12072015113037_70054797,6/1/2016,4/28/2016,Canada,ES_22856_YWED92HEFBD*_05032016213738_1458621,No
2266048,Whirlpool,YWED92HEFC*,YWED92HEFC*,,8,Electric,,,7.4,38,27,31,3.93,608,73,"ECO NORMAL CYCLE, AUTOMATIC TERMINATION, MEDIUM HEAT, NORMAL DRYNESS LEVEL","Drum light,Time remaining display,Wrinkle prevention option,Other,Steam cycle,Energy monitor/indicator,Filter cleaning indicator,Sanitization cycle",Vented,No,,,,,Yes,ES_0022856_WFW92HEF**_C_12072015113037_70054797,6/1/2016,4/28/2016,Canada,ES_22856_YWED92HEFC*_05032016213948_1588459,No
2266049,Whirlpool,YWED92HEFU*,YWED92HEFU*,,8,Electric,,,7.4,38,27,31,3.93,608,73,"ECO NORMAL CYCLE, AUTOMATIC TERMINATION, MEDIUM HEAT, NORMAL DRYNESS LEVEL","Drum light,Time remaining display,Wrinkle prevention option,Other,Steam cycle,Energy monitor/indicator,Filter cleaning indicator,Sanitization cycle",Vented,No,,,,,Yes,ES_0022856_WFW92HEF**_U_12072015113037_70054797,6/1/2016,4/28/2016,Canada,ES_22856_YWED92HEFU*_05032016214232_1752405,No
2266050,Whirlpool,YWED92HEFW*,YWED92HEFW*,,8,Electric,,,7.4,38,27,31,3.93,608,73,"ECO NORMAL CYCLE, AUTOMATIC TERMINATION, MEDIUM HEAT, NORMAL DRYNESS LEVEL","Drum light,Time remaining display,Wrinkle prevention option,Other,Steam cycle,Energy monitor/indicator,Filter cleaning indicator,Sanitization cycle",Vented,No,,,,,Yes,ES_0022856_WFW92HEF**_12072015113037_70054797,6/1/2016,4/28/2016,Canada,ES_22856_YWED92HEFW*_05032016214652_2012327,No
2266055,Whirlpool,YWED9500EC*,YWED9500EC*,,8,Electric,,,9.2,41,29,33,3.93,608,74,"ECOBOOST, MIXED + NORMAL CYCLE, AUTOMATIC TERMINATION, HIGH HEAT, MID-POINT DRYNESS LEVEL.","Drum light,Time remaining display,Wrinkle prevention option,Other,Steam cycle,Energy monitor/indicator,Filter cleaning indicator,Sanitization cycle",Vented,No,,,,,No,,6/1/2016,4/28/2016,Canada,ES_22856_YWED9500EC*_05032016230317_6597731,No
2266057,Whirlpool,YWED9500EC*,YWED9500EC*,,8,Electric,,,9.2,41,29,33,3.93,608,74,"ECOBOOST, MIXED + NORMAL CYCLE, AUTOMATIC TERMINATION, HIGH HEAT, MID-POINT DRYNESS LEVEL.","Drum light,Time remaining display,Wrinkle prevention option,Other,Steam cycle,Energy monitor/indicator,Filter cleaning indicator,Sanitization cycle",Vented,No,,,,,No,,6/1/2016,4/28/2016,Canada,ES_22856_YWED9500EC*_05032016231750_7470657,No
2266056,Whirlpool,YWED9500EW*,YWED9500EW*,,8,Electric,,,9.2,41,29,33,3.93,608,74,"ECOBOOST, MIXED + NORMAL CYCLE, AUTOMATIC TERMINATION, HIGH HEAT, MID-POINT DRYNESS LEVEL.","Drum light,Time remaining display,Wrinkle prevention option,Other,Steam cycle,Energy monitor/indicator,Filter cleaning indicator,Sanitization cycle",Vented,No,,,,,No,,6/1/2016,4/28/2016,Canada,ES_22856_YWED9500EW*_05032016230704_6824616,No
2266093,Whirlpool,YWED95HED*+,YWED95HED*+,,8,Electric,,,7.3,38,27,30,3.93,608,65,"ECO NORMAL CYCLE, AUTOMATIC TERMINATION, MEDIUM HEAT, NORMAL DRYNESS LEVEL","Drum light,Time remaining display,Wrinkle prevention option,Other,Steam cycle,Energy monitor/indicator,Filter cleaning indicator,Sanitization cycle",Vented,No,,,,,Yes,ES_0022856_WFW95HED*+_03252014114036_2713436,6/1/2016,4/28/2016,Canada,ES_22856_YWED95HED*+_05042016152513_5513859,No
2266094,Whirlpool,YWED97HED*+,YWED97HED*+,,8,Electric,,,7.3,38,27,30,3.93,608,65,"ECO NORMAL CYCLE, AUTOMATIC TERMINATION, MEDIUM HEAT, NORMAL DRYNESS LEVEL","Drum light,Time remaining display,Wrinkle prevention option,Other,Steam cycle,Energy monitor/indicator,Filter cleaning indicator,Sanitization cycle",Vented,No,,,,,Yes,ES_0022856_WFW97HED*+_05212014112855_2728484,6/1/2016,4/28/2016,Canada,ES_22856_YWED97HED*+_05042016153710_6230752,No
2266097,Whirlpool,YWED99HED*+,YWED99HED*+,,8,Electric,,,7.3,38,27,30,4.5,531,71,"ECO, NORMAL CYCLE, AUTOMATIC TERMINATION, MEDIUM HEAT, NORMAL DRYNESS LEVEL",Other,Vented,No,,,,,No,,6/1/2016,4/28/2016,Canada,ES_22856_YWED99HED*+_05042016161734_8654607,No
2278429,Whirlpool,YWHD3090G**,YWHD3090G**,,8,Electric,,240,4.3,34,24,25,3.71,229,66,"NORMAL CYCLE, AUTOMATIC TERMINATION, NORMAL / DRY - DRYNESS LEVEL","Time remaining display,Steam cycle,Other",Ventless,No,,,,,Yes,2276477,8/26/2016,9/2/2016,Canada,ES_22856_YWHD3090G**_09022016222153_4913531,No
2278397,Whirlpool,YWHD5090G**,YWHD5090G**,,8,Electric,,240,4.3,34,24,25,3.71,229,64,"NORMAL CYCLE, AUTOMATIC TERMINATION, NORMAL / DRY - DRYNESS LEVEL","Time remaining display,Steam cycle,Other",Ventless,No,,,,,Yes,WFW5090G**,8/26/2016,9/2/2016,Canada,ES_1129244_YWHD5090G**_09022016215957_3597696,No
