ES_ID,Brand_Name,Model_Number,Additional_Model_Information,Cooling_Capacity_BTUperHour,Type,Reverse_Cycle,Casement_Window,Energy_Efficiency_Ratio,Combined_Energy_Efficiency_Ratio,Date_Available,Date_Certified,Markets,CB_Model_Identifier
2265982,Amana,AMAW061AW,,6000,Window,No,None,,12.1,3/5/2015,5/2/2016,United States,ES_1055302_AMAW061AW_05032016065341_8421889
2254738,Arctic King,AKSC08CR61,,8000,Window,No,Casement-slider,,11.4,12/1/2015,12/8/2015,"United States, Canada",ES_1030337_AKSC08CR61_12112015061839_4719346
2254740,Arctic King,AKTW08CR61,",AKTW08CR71E,",8000,Through the Wall,No,None,,10.6,12/1/2015,12/8/2015,"United States, Canada",ES_1030337_AKTW08CR61_12112015061954_4794819
2254739,Arctic King,AKTW10CR61,",AKTW10CR71E,",10000,Through the Wall,No,None,,10.6,12/1/2015,12/8/2015,"United States, Canada",ES_1030337_AKTW10CR61_12112015062007_4807765
2254741,Arctic King,AKTW10CR62,,10000,Through the Wall,No,None,,10.6,12/1/2015,12/8/2015,"United States, Canada",ES_1030337_AKTW10CR62_12112015062025_4825812
2254743,Arctic King,AKTW12CR61,",AKTW12CR71E,",12000,Through the Wall,No,None,,10.5,12/1/2015,12/8/2015,"United States, Canada",ES_1030337_AKTW12CR61_12112015062048_4848531
2254742,Arctic King,AKTW12CR62,,12000,Through the Wall,No,None,,10.5,12/1/2015,12/8/2015,"United States, Canada",ES_1030337_AKTW12CR62_12112015062102_4862002
2256680,Arctic King,AKW06CR61,,6000,Window,No,None,,12.1,12/3/2015,12/22/2015,United States,ES_1030337_AKW06CR61_12152015102246_1959802
2256962,Arctic King,AKW08CR61,,8000,Window,No,None,,12,12/3/2015,12/22/2015,United States,ES_1030337_AKW08CR61_12152015103059_6302148
2290128,Arctic King,AKW08CR71,",AKW08CR71E,",8000,Window,No,None,,12,2/6/2017,2/6/2017,"United States, Canada",ES_1138537_AKW08CR71_02072017071503_1703678
2256965,Arctic King,AKW10CR61,,10000,Window,No,None,,12,12/3/2015,12/22/2015,United States,ES_1030337_AKW10CR61_12152015104256_7851220
2290125,Arctic King,AKW10CR71,,10000,Window,No,None,,12,2/6/2017,2/6/2017,"United States, Canada",ES_1138537_AKW10CR71_02072017071514_1714954
2256967,Arctic King,AKW12CR61,,12000,Window,No,None,,12,12/3/2015,12/22/2015,United States,ES_1030337_AKW12CR61_12152015105304_3648492
2290124,Arctic King,AKW12CR71,,12000,Window,No,None,,12,2/6/2017,2/6/2017,"United States, Canada",ES_1138537_AKW12CR71_02072017071541_1741884
2256969,Arctic King,AKW15CR61,,15100,Window,No,None,,11.8,12/3/2015,12/22/2015,United States,ES_1030337_AKW15CR61_12152015110536_7748529
2290123,Arctic King,AKW15CR71,,15100,Window,No,None,,11.8,2/6/2017,2/6/2017,"United States, Canada",ES_1138537_AKW15CR71_02072017071554_1754638
2290122,Arctic King,AKW18CR72,,18000,Window,No,None,,11.8,2/6/2017,2/6/2017,"United States, Canada",ES_1138537_AKW18CR72_02072017071606_1766247
2255247,Arctic King,AKW25CR62,,25000,Window,No,None,,10.3,12/3/2015,12/22/2015,United States,ES_1030337_AKW25CR62_12152015112258_4698449
2293411,Arctic King,AKW25CR72E,,25000,Window,No,None,,10.3,3/31/2017,3/31/2017,"United States, Canada",ES_1030337_AKW25CR72E_03312017073152_5512898
2253145,Arctic King,MWEUK-08CRN1-BCL0,,8000,Window,No,None,,12,11/15/2015,11/20/2015,"United States, Canada",ES_1030337_MWEUK-08CRN1-BCL0_11202015233522_2522431
2253148,Arctic King,MWEUK-10CRN1-BCL0,,10000,Window,No,None,,12,11/15/2015,11/20/2015,"United States, Canada",ES_1030337_MWEUK-10CRN1-BCL0_11202015233559_2559567
2253151,Arctic King,MWEUK-12CRN1-BCL0,,12000,Window,No,None,,12,11/15/2015,11/20/2015,"United States, Canada",ES_1030337_MWEUK-12CRN1-BCL0_11202015233638_2598444
2253153,Arctic King,MWEUK-15CRN1-BCK8,,15100,Window,No,None,,11.8,11/15/2015,11/20/2015,"United States, Canada",ES_1030337_MWEUK-15CRN1-BCK8_11202015233726_2646507
2253154,Arctic King,MWEUW2-10CRN1-BCJ6,,10000,Through the Wall,No,None,,10.6,11/15/2015,11/20/2015,"United States, Canada",ES_1030337_MWEUW2-10CRN1-BCJ6_11202015233758_2678329
2282262,Arctic King,MWFUK-08CRN1-BCL0,,10000,Through the Wall,No,None,,12,10/25/2016,10/25/2016,"United States, Canada",ES_1030337_MWFUK-08CRN1-BCL0_10262016055710_1430934
2282263,Arctic King,WWK08CW71E,,10000,Through the Wall,No,None,,12,10/25/2016,10/25/2016,United States,ES_1030337_WWK08CW71E_10262016055638_1398185
2271030,Arctic Wind,AW10005E,,10000,Window,No,None,,12,6/25/2016,6/27/2016,"United States, Canada",ES_1137591_AW10005E_06282016070830_7710538
2271031,Arctic Wind,AW11505E,,12000,Window,No,None,,12,6/25/2016,6/27/2016,"United States, Canada",ES_1137591_AW11505E_06282016070848_7728276
2271024,Arctic Wind,AW6005E,,6000,Window,No,None,,12.1,6/25/2016,6/27/2016,"United States, Canada",ES_1137591_AW6005E_06282016070901_7741215
2271025,Arctic Wind,AW8005E,,8000,Window,No,None,,12,6/25/2016,6/27/2016,"United States, Canada",ES_1137591_AW8005E_06282016070914_7754957
2256960,Artic King,AKW18CR62,,18000,Window,No,None,,11.8,12/3/2015,12/3/2015,United States,ES_1030337_AKW18CR62_12152015111148_656854
2262622,Best Home,57H-ID0-05CRN1/BI7,,5000,Window,No,None,,12.1,3/15/2016,3/16/2016,"United States, Canada",ES_1127347_57H-ID0-05CRN1/BI7_03182016212104_6064723
2262624,Best Home,57H-ID0-10CRN1/BJ8,,10000,Window,No,None,,12,3/15/2016,3/16/2016,"United States, Canada",ES_1127347_57H-ID0-10CRN1/BJ8_03182016212155_6115147
2262626,Best Home,57H-ID0-12CRN1/BJ8,,12000,Window,No,None,,12,3/15/2016,3/16/2016,"United States, Canada",ES_1127347_57H-ID0-12CRN1/BJ8_03182016212237_6157530
2294270,BLACK DECKER,BWAC06WT,,6000,Window,No,None,,12.1,4/12/2017,4/12/2017,United States,ES_1126481_BWAC06WT_04132017080947_0987398
2294271,BLACK DECKER,BWAC08WT,,8000,Window,No,None,,12,4/12/2017,4/12/2017,United States,ES_1126481_BWAC08WT_04132017080959_0999674
2294272,BLACK DECKER,BWAC10WT,,10000,Window,No,None,,12,4/12/2017,4/12/2017,United States,ES_1126481_BWAC10WT_04132017081011_1011161
2294273,BLACK DECKER,BWAC12WT,,12000,Window,No,None,,12,4/12/2017,4/12/2017,United States,ES_1126481_BWAC12WT_04132017081021_1021858
2302523,Brothers Air conditioning,102087,,18000,Window,No,None,,11.8,8/23/2017,8/23/2017,"United States, Canada",ES_1139959_102087_08242017064325_7005535
2268161,CLASSIC,MWDUC24BR2,,22000,Window,No,None,,10.3,5/20/2016,5/31/2016,"United States, Canada",ES_1127196_MWDUC24BR2_05312016095132_8292972
2283355,Coast air,CEW061AS,,6000,Window,No,None,,12.1,10/30/2016,11/3/2016,"United States, Canada",ES_17771_CEW061AS_11042016042543_3543749
2283356,Coast air,CEW081AS,,8000,Window,No,None,,12,10/30/2016,11/3/2016,"United States, Canada",ES_17771_CEW081AS_11042016042555_3555429
2283357,Coast air,CEW101AS,,10000,Window,No,None,,12,10/30/2016,11/3/2016,"United States, Canada",ES_17771_CEW101AS_11042016042611_3571196
2283358,Coast air,CEW121AS,,12000,Window,No,None,,12,10/30/2016,11/3/2016,"United States, Canada",ES_17771_CEW121AS_11042016042622_3582339
2293781,Coast air,CEW151AS,,15000,Window,No,None,,11.8,3/30/2017,3/31/2017,"United States, Canada",ES_17771_CEW151AS_04012017094034_9634663
2306790,Frigidaire,FFRE2233U2E,",FFRE2233U2,",22000,Window,No,None,,10.3,11/15/2017,11/24/2017,"United States, Canada",ES_1021080_FFRE2233U2E_11242017102602_9162738
2251268,Frigidaire,FFRE2533S2,",FFRE25L3S2,",25000,Window,No,None,,10.3,10/26/2015,10/27/2015,United States,ES_1021080_FFRE2533S2_10262015160826_5894433
2306781,Frigidaire,FFRE2533U2E,",FFRE2533U2,",25000,Window,No,None,,10.3,11/15/2017,11/24/2017,"United States, Canada",ES_1021080_FFRE2533U2E_11242017102616_9176181
2251269,Frigidaire,FFTA0833S1,,8000,Through the Wall,No,None,,10.6,10/26/2015,10/26/2015,"United States, Canada",ES_1021080_FFTA0833S1_10262015161152_9118615
2251270,Frigidaire,FFTA1033S1,,10000,Through the Wall,No,None,,10.6,10/19/2015,10/27/2015,"United States, Canada",ES_1021080_FFTA1033S1_10262015161520_2370111
2251272,Frigidaire,FFTA1033S2,,10000,Through the Wall,No,None,,10.6,10/26/2015,10/27/2015,"United States, Canada",ES_1021080_FFTA1033S2_10262015162310_1397973
2251271,Frigidaire,FFTA1233S1,,12000,Through the Wall,No,None,,10.5,10/26/2015,10/27/2015,"United States, Canada",ES_1021080_FFTA1233S1_10262015161842_4359399
2251273,Frigidaire,FFTA1233S2,,12000,Through the Wall,No,None,,10.5,10/26/2015,10/27/2015,"United States, Canada",ES_1021080_FFTA1233S2_10262015162946_1724664
2305437,Frigidaire,FGRC0644U1,,6000,Window,No,None,,12.1,10/15/2017,10/23/2017,"United States, Canada",ES_1021080_FGRC0644U1_10242017064851_7731731
2251499,Frigidaire,FGRC0844S1,,8000,Window,No,None,,12,10/19/2015,10/29/2015,"United States, Canada",ES_1021080_FGRC0844S1_10302015150743_9114190
2305436,Frigidaire,FGRC0844U1,,8000,Window,No,None,,12,10/15/2017,10/23/2017,"United States, Canada",ES_1021080_FGRC0844U1_10242017065019_7819995
2303245,Frigidaire,FGRQ0633T1,,6000,Window,No,None,,12.1,9/6/2017,9/6/2017,"United States, Canada",ES_1021080_FGRQ0633T1_09072017023004_1404935
2284803,Frigidaire,FGRQ06L3T1,",FGRQ0633U1,",6000,Window,No,None,,12.1,11/22/2016,11/24/2016,"United States, Canada",ES_1021080_FGRQ06L3T1_11242016102615_3175097
2303246,Frigidaire,FGRQ0833T1,,8000,Window,No,None,,12,9/6/2017,9/6/2017,"United States, Canada",ES_1021080_FGRQ0833T1_09072017023025_1425961
2284802,Frigidaire,FGRQ08L3T1,",FGRQ0833U1,",8000,Window,No,None,,12,11/22/2016,11/24/2016,"United States, Canada",ES_1021080_FGRQ08L3T1_11242016102638_3198591
2262289,Garrison,2498533,,6000,Window,No,None,,12.1,3/1/2016,3/10/2016,"United States, Canada",ES_1095007_2498533_03122016011310_5190300
2262290,Garrison,2498534,,8000,Window,No,None,,12,3/1/2016,3/10/2016,"United States, Canada",ES_1095007_2498534_03122016011332_5212651
2262291,Garrison,2498535,,10000,Window,No,None,,12,3/1/2016,3/10/2016,"United States, Canada",ES_1095007_2498535_03122016011342_5222664
2262292,Garrison,2498536,,12000,Window,No,None,,12,3/1/2016,3/10/2016,"United States, Canada",ES_1095007_2498536_03122016011357_5237033
2265158,Garrison,2498537,,15100,Window,No,None,,11.8,4/15/2016,4/21/2016,"United States, Canada",ES_1095007_2498537_04222016062011_6011302
2262293,Garrison,2498538,,18000,Window,No,None,,11.8,3/1/2016,3/10/2016,"United States, Canada",ES_1095007_2498538_03122016011410_5250657
2262294,Garrison,2498539,,25000,Window,No,None,,10.3,3/1/2016,3/10/2016,"United States, Canada",ES_1095007_2498539_03122016011424_5264841
2262295,Garrison,2498540,,8000,Through the Wall,No,None,,10.6,3/1/2016,3/10/2016,"United States, Canada",ES_1095007_2498540_03122016011438_5278377
2262296,Garrison,2498541,,10000,Through the Wall,No,None,,10.6,3/1/2016,3/10/2016,"United States, Canada",ES_1095007_2498541_03122016011451_5291681
2262297,Garrison,2498542,,10000,Through the Wall,No,None,,10.6,3/1/2016,3/10/2016,"United States, Canada",ES_1095007_2498542_03122016011504_5304294
2262298,Garrison,2498543,,12000,Through the Wall,No,None,,10.5,3/1/2016,3/10/2016,"United States, Canada",ES_1095007_2498543_03122016011519_5319112
2262299,Garrison,2498544,,12000,Through the Wall,No,None,,10.5,3/1/2016,3/10/2016,"United States, Canada",ES_1095007_2498544_03122016011536_5336244
2289417,GE,AEC08LW*#,,8000,Window,No,None,,12,1/23/2017,1/26/2017,United States,ES_1123206_AEC08LW*#_01242017140044_7221185
2306169,GE,AEC08LXL1,,8000,Window,No,None,,12,11/9/2017,11/9/2017,United States,ES_1123206_AEC08LXL1_11072017153957_9882318
2289416,GE,AEC10AW*#,,10200,Window,No,None,,12,1/23/2017,1/26/2017,United States,ES_1123206_AEC10AW*#_01242017135847_2421533
2306170,GE,AEC10AXL1,,10200,Window,No,None,,12,11/9/2017,11/9/2017,United States,ES_1123206_AEC10AXL1_11072017154138_5889856
2255244,GE,AEC12AV**,,12050,Window,No,None,,12,1/1/2016,12/22/2015,United States,ES_1123206_AEC12AV**_12212015170310_7492181
2289415,GE,AEC12AW*#,,12100,Window,No,None,,12,1/23/2017,1/26/2017,United States,ES_1123206_AEC12AW*#_01242017135650_2823449
2306172,GE,AEC12AXH1,,12100,Window,No,None,,12,11/9/2017,11/9/2017,United States,ES_1123206_AEC12AXH1_11082017182233_4758722
2254752,GE,AED08LV**,,8200,Window,No,None,,12.1,1/1/2016,12/11/2015,United States,ES_1123206_AED08LV**_12042015152538_4665490
2255243,GE,AED10AV**,,10000,Window,No,None,,12.1,1/1/2016,12/22/2015,United States,ES_1123206_AED10AV**_12212015165534_2458307
2306171,GE,AEH08LX*#,,8000,Window,No,None,,12,11/9/2017,11/9/2017,United States,ES_1123206_AEH08LX*#_11072017154423_3867608
2254744,GE,AEM05LV*#,",AEM05LX*#,",5200,Window,No,None,,12.1,1/1/2016,12/11/2015,United States,ES_1123206_AEM05LV**_11252015144754_7604486
2254746,GE,AEM06LV*#,",AEH06LV*#,; ,AEH06LX*#,; ,AEM06LX*#,",6050,Window,No,None,,12.1,1/1/2016,12/11/2015,United States,ES_1123206_AEM06LV**_11252015150023_4281885
2289411,GE,AEM08LV*#,",AEH08LV*#,; ,AEL08LV*#,",8000,Window,No,None,,12,1/23/2017,1/26/2017,United States,ES_1123206_AEM08LV*#_01242017134322_4840509
2306840,GE,AEM08LX*#,,8050,Window,No,None,,12,11/9/2017,11/20/2017,United States,ES_1123206_AEM08LX*#_11182017161246_1704065
2290339,GE,AEM10AV*#,",AEH10AX*#,; ,AEL10AV*#,; ,AEM10AX*#,",10000,Window,No,None,,12.1,1/23/2017,2/9/2017,United States,ES_1123206_AEM10AV*#_01242017134708_2400781
2290338,GE,AEM12AV*#,",AEH12AV*#,; ,AEH12AX*#,; ,AEL12AV*#,; ,AEM12AX*#,",12050,Window,No,None,,12,1/23/2017,2/9/2017,United States,ES_1123206_AEM12AV*#_01242017134858_4917566
2289412,GE,AEM14AV*#,",AEL14AV*#,; ,AEL14AX*#,; ,AEM14AX*#,; ,AHS14AX*#,",14300,Window,No,None,,11.8,1/23/2017,1/26/2017,United States,ES_1123206_AEM14AV*#_01242017135051_3957025
2289413,GE,AEM18DV*#,",AEH18DV*#,; ,AEH18DX*#,; ,AEL18DV*#,; ,AEL18DX*#,; ,AEM18DX*#,; ,AHS18DX*#,",18000,Window,No,None,,11.8,1/23/2017,1/26/2017,United States,ES_1123206_AEM18DV*#_01242017135242_773431
2293782,Coast air,CEW183AS,,18000,Window,No,None,,11.8,3/30/2017,3/31/2017,"United States, Canada",ES_17771_CEW183AS_04012017094052_9652451
2293780,Coast air,CEW243AS,,24000,Window,No,None,,10.3,3/30/2017,3/31/2017,"United States, Canada",ES_17771_CEW243AS_04012017094105_9665925
2254418,Comfort-Aire,BG-101P,,10000,Through the Wall,No,None,,10.6,12/1/2015,12/8/2015,"United States, Canada",ES_17771_BG-101P_12082015054251_3371109
2254414,Comfort-Aire,BG-103P,,10000,Through the Wall,No,None,,10.6,12/1/2015,12/8/2015,"United States, Canada",ES_17771_BG-103P_12082015054302_3382695
2254415,Comfort-Aire,BG-121P,,12000,Through the Wall,No,None,,10.5,12/1/2015,12/8/2015,"United States, Canada",ES_17771_BG-121P_12082015054314_3394225
2254417,Comfort-Aire,BG-123P,,12000,Through the Wall,No,None,,10.5,12/1/2015,12/8/2015,"United States, Canada",ES_17771_BG-123P_12082015054324_3404789
2254416,Comfort-Aire,BG-81P,,8000,Through the Wall,No,None,,10.6,12/1/2015,12/8/2015,"United States, Canada",ES_17771_BG-81P_12082015054338_3418471
2254430,Comfort-Aire,RADS-101P,,10000,Window,No,None,,12,12/1/2015,12/8/2015,"United States, Canada",ES_17771_RADS-101P_12082015054350_3430794
2254424,Comfort-Aire,RADS-121P,,12000,Window,No,None,,12,12/1/2015,12/8/2015,"United States, Canada",ES_17771_RADS-121P_12082015054406_3446965
2255161,Comfort-Aire,RADS-151P,,15100,Window,No,None,,11.8,12/1/2015,12/8/2015,"United States, Canada",ES_17771_RADS-151P_12082015054419_3459748
2254413,Comfort-Aire,RADS-183P,,18000,Window,No,None,,11.8,12/1/2015,12/8/2015,"United States, Canada",ES_17771_RADS-183P_12082015054433_3473722
2254412,Comfort-Aire,RADS-253P,,25000,Window,No,None,,10.3,12/1/2015,12/8/2015,"United States, Canada",ES_17771_RADS-253P_12082015054447_3487827
2254431,Comfort-Aire,RADS-51P,,5000,Window,No,None,,12.1,12/1/2015,12/8/2015,"United States, Canada",ES_17771_RADS-51P_12082015054500_3500524
2254420,Comfort-Aire,RADS-61P,,6000,Window,No,None,,12.1,12/1/2015,12/8/2015,"United States, Canada",ES_17771_RADS-61P_12082015054537_3537683
2254429,Comfort-Aire,RADS-81P,,8000,Window,No,None,,12,12/1/2015,12/8/2015,"United States, Canada",ES_17771_RADS-81P_12082015054550_3550069
2298994,Continental,CE-WAC108ES,,8000,Window,No,None,,12,7/5/2017,7/5/2017,United States,ES_1092528_CE-WAC108ES_07052017064211_6931309
2298995,Continental,CE-WAC110ES,,10000,Window,No,None,,12,7/5/2017,7/5/2017,United States,ES_1092528_CE-WAC110ES_07052017064138_6898199
2298996,Continental,CE-WAC121ES,",CE-WAC121ESW,",12000,Window,No,None,,12,7/5/2017,7/5/2017,United States,ES_1092528_CE-WAC121ES_07052017064106_6866586
2254433,Continental Electric,CE11085ES,,8000,Window,No,None,,12,12/7/2015,11/2/2015,United States,ES_1092528_CE11085ES_12072015113213_4963037
2283686,Continental Electric,CE11085ES,,8000,Window,No,None,,12,11/10/2016,11/10/2016,"United States, Canada",ES_1092528_CE11085ES_11102016074116_3676909
2254436,Continental Electric,CE11125ES,,12000,Window,No,None,,12,10/19/2015,11/2/2015,United States,ES_1092528_CE11125ES_12072015114314_3208429
2291796,Continental Electric,CE11155ES,,15100,Window,No,None,,11.8,3/1/2017,3/1/2017,"United States, Canada",ES_1092528_CE11155ES_03022017110045_2445800
2306872,Cool-living,CL-RAC06EWES,,6000,Window,No,None,,12.1,11/27/2017,11/27/2017,United States,ES_1131297_CL-RAC06EWES_11292017060454_5494970
2306873,Cool-living,CL-RAC08EWES,,8000,Window,No,None,,12,11/27/2017,11/27/2017,United States,ES_1131297_CL-RAC08EWES_11292017061419_6059317
2306878,Cool-living,CL-RAC10EWES,,10000,Window,No,None,,12,11/27/2017,11/27/2017,United States,ES_1131297_CL-RAC10EWES_11292017061549_6149105
2306877,Cool-living,CL-RAC12EWES,,12000,Window,No,None,,12,11/27/2017,11/27/2017,United States,ES_1131297_CL-RAC12EWES_11292017062106_6466301
2306876,Cool-living,CL-RAC15EWES,,15000,Window,No,None,,11.8,11/27/2017,11/27/2017,United States,ES_1131297_CL-RAC15EWES_11292017062226_6546333
2306875,Cool-living,CL-RAC18EWES,,18000,Window,No,None,,11.8,11/27/2017,11/27/2017,United States,ES_1131297_CL-RAC18EWES_11292017062307_6587387
2306880,Cool-living,CL-RAC24EWES,,24000,Window,No,None,,10.3,11/27/2017,11/27/2017,United States,ES_1131297_CL-RAC24EWES_11292017062408_6648574
2281620,COOL LIVING,CLYW-18C1A-G09AD,,6000,Window,No,None,,12.1,8/30/2016,10/17/2016,"United States, Canada",ES_1131297_CLYW-18C1A-G09AD_10182016053203_8723091
2281622,COOL LIVING,CLYW-23C1A-S09AD,,8000,Window,No,None,,12,8/30/2016,10/17/2016,"United States, Canada",ES_1131297_CLYW-23C1A-S09AD_10182016053245_8765467
2281627,COOL LIVING,CLYW-30C1A-H09AD,,10000,Window,No,None,,12,8/30/2016,10/17/2016,"United States, Canada",ES_1131297_CLYW-30C1A-H09AD_10182016053256_8776586
2281626,COOL LIVING,CLYW-35C1A-L09AD,,12000,Window,No,None,,12,8/30/2016,10/17/2016,"United States, Canada",ES_1131297_CLYW-35C1A-L09AD_10182016053315_8795969
2281625,COOL LIVING,CLYW-41C1A-L09AD,,15000,Window,No,None,,11.8,8/30/2016,10/17/2016,"United States, Canada",ES_1131297_CLYW-41C1A-L09AD_10182016053329_8809030
2281624,COOL LIVING,CLYW-53C2A-M09AD,,18000,Window,No,None,,11.8,8/30/2016,10/17/2016,"United States, Canada",ES_1131297_CLYW-53C2A-M09AD_10182016053341_8821633
2281623,COOL LIVING,CLYW-70C2A-M09AD,,24000,Window,No,None,,10.3,8/30/2016,10/17/2016,"United States, Canada",ES_1131297_CLYW-70C2A-M09AD_10182016053354_8834670
2253146,Coolworks,MWEUK-08CRN1-BCL0,,8000,Window,No,None,,12,11/15/2015,11/20/2015,Canada,ES_1129470_MWEUK-08CRN1-BCL0_11202015233542_2542213
2253149,Coolworks,MWEUK-10CRN1-BCL0,,10000,Window,No,None,,12,11/15/2015,11/20/2015,Canada,ES_1129470_MWEUK-10CRN1-BCL0_11202015233618_2578553
2253152,Coolworks,MWEUK-12CRN1-BCL0,,12000,Window,No,None,,12,11/15/2015,11/20/2015,Canada,ES_1129470_MWEUK-12CRN1-BCL0_11202015233658_2618628
2291081,Coolworks,MWFUK-08CRN1-BCL0,,8000,Through the Wall,No,None,,12,2/17/2017,2/17/2017,"United States, Canada",ES_1129470_MWFUK-08CRN1-BCL0_02212017034045_8445495
2272312,Crosley,CACS06B1,,6000,Window,No,None,,12.1,6/25/2016,7/11/2016,"United States, Canada",ES_92264_CACS06B1_07132016095705_3825739
2272313,Crosley,CACS08B1,,8000,Window,No,None,,12,6/25/2016,7/11/2016,"United States, Canada",ES_92264_CACS08B1_07132016095718_3838833
2272314,Crosley,CACS10B1,,10000,Window,No,None,,12,6/25/2016,7/11/2016,"United States, Canada",ES_92264_CACS10B1_07132016095740_3860775
2272315,Crosley,CACS12B1,,12000,Window,No,None,,12,6/25/2016,7/11/2016,"United States, Canada",ES_92264_CACS12B1_07132016095755_3875295
2272316,Crosley,CACS15B1,,15000,Window,No,None,,11.8,6/25/2016,7/11/2016,"United States, Canada",ES_92264_CACS15B1_07132016095809_3889541
2272317,Crosley,CACS18B2,,18000,Window,No,None,,11.8,6/25/2016,7/11/2016,"United States, Canada",ES_92264_CACS18B2_07132016095826_3906155
2272318,Crosley,CACS24B2,,24000,Window,No,None,,10.3,6/25/2016,7/11/2016,"United States, Canada",ES_92264_CACS24B2_07132016095840_3920269
2289126,Crosley,CTWMS10A1,,10000,Through the Wall,No,None,,10.6,1/21/2017,1/21/2017,"United States, Canada",ES_92264_CTWMS10A1_01232017084840_1320269
2289125,Crosley,CTWMS12A1,,12000,Through the Wall,No,None,,10.5,1/21/2017,1/21/2017,"United States, Canada",ES_92264_CTWMS12A1_01232017084852_1332941
2289128,Crosley,CTWMS12A2 (230V),,12000,Through the Wall,No,None,,10.5,1/21/2017,1/21/2017,"United States, Canada",ES_92264_CTWMS12A2 (230V)_01232017084917_1357634
2286958,Daewoo,DWC-F0868FRLE,,8000,Window,No,None,,12,12/20/2016,12/22/2016,United States,ES_1108205_DWC-F0868FRLE_12262016114103_2463793
2286959,Daewoo,DWC-F1068FRLE,,10000,Window,No,None,,12,12/20/2016,12/22/2016,United States,ES_1108205_DWC-F1068FRLE_12262016114317_2597441
2254421,Danby,DAC060EUB5*,",DAC060BBC*; DAC060BBU*; DAC060BEU*,; ,DAC060EUB7*,",6000,Window,No,None,,12.1,12/15/2015,12/4/2015,"United States, Canada",ES_31682_DAC060EUB5*_12052015034918_7358355
2254427,Danby,DAC080EUB6*,",DAC080BBC*; DAC080BBU*; DAC080BEU*,; ,DAC080ECB6*,; ,DAC080EUB7*,",8000,Window,No,None,,12,12/15/2015,12/4/2015,"United States, Canada",ES_31682_DAC080EUB6*_12052015034931_7371483
2254428,Danby,DAC100EUB4*,",DAC100ECB4*,; Room Air Conditioner,DAC100EUB4*,",10000,Window,No,None,,12,12/15/2015,12/4/2015,"United States, Canada",ES_31682_DAC100EUB4*_12052015034943_7383256
2255160,Danby,DAC120EUB6*,",DAC120BEU*,; ,DAC120ECB6*,; ,DAC120EUB7*,",12000,Window,No,None,,12,12/15/2015,12/4/2015,"United States, Canada",ES_31682_DAC120EUB6*_12052015034955_7395202
2254422,Danby,DAC150EUB2*,",DAC150BBC*; DAC150BBU*,; ,DAC150ECB2*,",15000,Window,No,None,,11.8,12/15/2015,12/4/2015,"United States, Canada",ES_31682_DAC150EUB2*_12052015035007_7407001
2287350,Danby,DAC180BBU*,,18000,Window,No,None,,11.8,12/1/2016,12/28/2016,"United States, Canada",ES_31682_DAC180BBU*_12292016090202_2122213
2287351,Danby,DAC250BBU*,,25000,Window,No,None,,10.3,12/1/2016,12/28/2016,"United States, Canada",ES_31682_DAC250BBU*_12292016090214_2134746
2286462,Emerson,EARC10RE1,,10000,Window,No,None,,12,10/30/2016,12/16/2016,United States,ES_1138039_EARC10RE1_12192016123046_0646680
2286461,Emerson,EARC12RE1,,12000,Window,No,None,,12,10/30/2016,12/16/2016,United States,ES_1138039_EARC12RE1_12192016123059_0659401
2286464,Emerson,EARC6RE1,,6000,Window,No,None,,12.1,10/30/2016,12/16/2016,United States,ES_1138039_EARC6RE1_12192016123111_0671707
2286463,Emerson,EARC8RE1,,8000,Window,No,None,,12,10/30/2016,12/16/2016,United States,ES_1138039_EARC8RE1_12192016123123_0683689
2294276,Emerson Quiet Kool,EBTC08RE1,,8000,Through the Wall,No,None,,10.6,4/12/2017,4/12/2017,"United States, Canada",ES_1138039_EBTC08RE1_04132017080901_0941722
2294275,Emerson Quiet Kool,EBTC10RE1,,10000,Through the Wall,No,None,,10.6,4/12/2017,4/12/2017,"United States, Canada",ES_1138039_EBTC10RE1_04132017080923_0963695
2307229,Emerson Quiet Kool,EBTC10RE2,,10000,Through the Wall,No,None,,10.6,12/4/2017,12/4/2017,United States,ES_1132648_EBTC10RE2_12042017115452_8492156
2294274,Emerson Quiet Kool,EBTC12RE1,,12000,Through the Wall,No,None,,10.5,4/12/2017,4/12/2017,"United States, Canada",ES_1138039_EBTC12RE1_04132017080935_0975239
2307228,Emerson Quiet Kool,EBTC12RE2,,12000,Through the Wall,No,None,,10.5,12/4/2017,12/4/2017,United States,ES_1132648_EBTC12RE2_12042017115512_8512685
2293320,Emerson Quiet Kool,E*RC10RE1,,10000,Window,No,None,,12,3/27/2017,3/27/2017,United States,ES_1138039_E*RC10RE1_03292017070658_1218927
2293319,Emerson Quiet Kool,E*RC12RE1,,12000,Window,No,None,,12,3/27/2017,3/27/2017,United States,ES_1138039_E*RC12RE1_03292017070710_1230541
2293318,Emerson Quiet Kool,E*RC15RE1,,15000,Window,No,None,,11.8,3/27/2017,3/27/2017,United States,ES_1138039_E*RC15RE1_03292017070723_1243911
2293317,Emerson Quiet Kool,E*RC18RE2,,18000,Window,No,None,,11.8,3/27/2017,3/27/2017,United States,ES_1138039_E*RC18RE2_03292017070737_1257587
2293316,Emerson Quiet Kool,E*RC22RE2,,22000,Window,No,None,,10.3,3/27/2017,3/27/2017,United States,ES_1138039_E*RC22RE2_03292017070753_1273851
2293315,Emerson Quiet Kool,E*RC24RE2,,24000,Window,No,None,,10.3,3/27/2017,3/27/2017,United States,ES_1138039_E*RC24RE2_03292017070805_1285673
2293314,Emerson Quiet Kool,E*RC6RE1,,6000,Window,No,None,,12.1,3/27/2017,3/27/2017,United States,ES_1138039_E*RC6RE1_03292017070818_1298279
2293321,Emerson Quiet Kool,E*RC8RE1,,8000,Window,No,None,,12,3/27/2017,3/27/2017,United States,ES_1138039_E*RC8RE1_03292017070830_1310051
2254410,Friedrich,CP06G10B,,6000,Window,No,None,,12.1,12/1/2015,12/3/2015,"United States, Canada",ES_31705_CP06G10B_12052015035026_7426136
2255618,Friedrich,CP08G10B,,8000,Window,No,None,,12,12/15/2015,12/29/2015,"United States, Canada",ES_31705_CP08G10B_12292015074921_5361962
2253961,Friedrich,CP10G10B,,10000,Window,No,None,,12,11/20/2015,11/25/2015,"United States, Canada",ES_31705_CP10G10B_11282015001814_9894258
2257818,Friedrich,CP12G10B,,12000,Window,No,None,,12,1/15/2016,2/3/2016,"United States, Canada",ES_31705_CP12G10B_02042016075006_2206357
2255619,Friedrich,CP15G10B,,15500,Window,No,None,,11.8,12/15/2015,12/29/2015,"United States, Canada",ES_31705_CP15G10B_12292015074904_5344046
2257820,Friedrich,CP18G30B,,19000,Window,No,None,,11.8,1/30/2016,2/3/2016,"United States, Canada",ES_31705_CP18G30B_02042016075017_2217901
2285744,Friedrich,CP18G30B-A(208V),,18600,Window,No,None,,11.8,12/20/2016,12/8/2016,"United States, Canada",ES_31705_CP18G30B-A(208V)_12092016070250_6970393
2285745,Friedrich,CP18G30B-A(230V),,19000,Window,No,None,,11.8,12/20/2016,12/8/2016,"United States, Canada",ES_31705_CP18G30B-A(230V)_12092016070308_6988940
2257819,Friedrich,CP24G30B,,24000,Window,No,None,,10.3,1/15/2016,2/3/2016,"United States, Canada",ES_31705_CP24G30B_02042016075029_2229363
2285746,Friedrich,CP24G30B-A(208V),,23500,Window,No,None,,10.3,12/20/2016,12/8/2016,"United States, Canada",ES_31705_CP24G30B-A(208V)_12092016070331_7011398
2285747,Friedrich,CP24G30B-A(230V),,24000,Window,No,None,,10.3,12/20/2016,12/8/2016,"United States, Canada",ES_31705_CP24G30B-A(230V)_12092016070347_7027301
2253526,Friedrich,SL24N30C,,24000,Window,No,None,,10.3,1/15/2016,11/25/2015,"United States, Canada",ES_31705_SL24N30C_11252015064120_3680355
2253527,Friedrich,SL28N30C,,28000,Window,No,None,,9.9,12/1/2015,11/25/2015,"United States, Canada",ES_31705_SL28N30C_11252015064135_3695663
2258001,Friedrich,SM14N10,,13700,Window,No,None,,12,2/1/2016,2/5/2016,"United States, Canada",ES_31705_SM14N10_02062016033159_9519392
2253528,Friedrich,SM14N30,,13800,Window,No,None,,12,2/15/2016,11/25/2015,"United States, Canada",ES_31705_SM14N30_11252015064153_3713478
2291422,Friedrich,SM18N30C,,20000,Window,No,None,,10.3,3/16/2017,2/24/2017,"United States, Canada",ES_31705_SM18N30C_02242017222336_5016929
2291421,Friedrich,SM21N30E,,21200,Window,No,None,,10.3,3/23/2017,2/24/2017,"United States, Canada",ES_31705_SM21N30E_02242017221631_4591450
2257994,Friedrich,SQ06N10C,,5800,Window,No,None,,12.1,2/1/2016,2/5/2016,"United States, Canada",ES_31705_SQ06N10C_02062016033216_9536222
2257993,Friedrich,SQ08N10D,,8000,Window,No,None,,12,2/1/2016,2/5/2016,"United States, Canada",ES_31705_SQ08N10D_02062016033229_9549725
2253529,Friedrich,SS08N10C,,8000,Window,No,None,,12,1/15/2016,11/25/2015,"United States, Canada",ES_31705_SS08N10C_11252015064215_3735251
2253530,Friedrich,SS10N10C,,10000,Window,No,None,,12,4/15/2016,11/25/2015,"United States, Canada",ES_31705_SS10N10C_11252015064228_3748407
2257999,Friedrich,SS12N10C,,11900,Window,No,None,,12,2/1/2016,2/5/2016,"United States, Canada",ES_31705_SS12N10C_02062016033246_9566519
2253531,Friedrich,SS12N30C,,12000,Window,No,None,,12,2/15/2016,11/25/2015,"United States, Canada",ES_31705_SS12N30C_11252015064241_3761358
2256389,Friedrich,US08D10C,,8000,Through the Wall,No,None,,10.6,12/15/2015,1/8/2016,"United States, Canada",ES_31705_US08D10C_01112016082511_0711865
2286973,Friedrich,US08D10C-A,,8000,Through the Wall,No,None,,10.6,1/30/2017,12/22/2016,"United States, Canada",ES_31705_US08D10C-A_12262016115212_3132974
2257824,Friedrich,US10D10C,,9800,Through the Wall,No,None,,10.6,1/30/2016,2/3/2016,"United States, Canada",ES_31705_US10D10C_02042016075111_2271139
2286971,Friedrich,US10D10C-A,,9800,Through the Wall,No,None,,10.6,1/30/2017,12/22/2016,"United States, Canada",ES_31705_US10D10C-A_12262016115224_3144769
2257822,Friedrich,US10D30C,,9800,Through the Wall,No,None,,10.6,1/30/2016,2/3/2016,"United States, Canada",ES_31705_US10D30C_02042016075132_2292854
2286968,Friedrich,US10D30C-A(208V),,9500,Through the Wall,No,None,,10.6,1/30/2017,12/22/2016,"United States, Canada",ES_31705_US10D30C-A(208V)_12262016115238_3158430
2286969,Friedrich,US10D30C-A(230V),,9800,Through the Wall,No,None,,10.6,1/30/2017,12/22/2016,"United States, Canada",ES_31705_US10D30C-A(230V)_12262016115251_3171786
2257998,Friedrich,US12D10C,,11800,Through the Wall,No,None,,10.5,1/30/2016,2/5/2016,"United States, Canada",ES_31705_US12D10C_02062016033348_9628201
2286965,Friedrich,US12D10C-A,,11800,Through the Wall,No,None,,10.5,1/30/2017,12/22/2016,"United States, Canada",ES_31705_US12D10C-A_12262016115302_3182867
2257996,Friedrich,US12D30C,,11800,Through the Wall,No,None,,10.5,1/30/2016,2/5/2016,"United States, Canada",ES_31705_US12D30C_02062016033412_9652967
2286962,Friedrich,US12D30C-A(208V),,11500,Through the Wall,No,None,,10.5,1/30/2017,12/22/2016,"United States, Canada",ES_31705_US12D30C-A(208V)_12262016115331_3211268
2286963,Friedrich,US12D30C-A(230V),,11800,Through the Wall,No,None,,10.5,1/30/2017,12/22/2016,"United States, Canada",ES_31705_US12D30C-A(230V)_12262016115342_3222515
2253532,Friedrich,WS08D10A,,8000,Through the Wall,No,None,,10.6,1/15/2016,11/25/2015,"United States, Canada",ES_31705_WS08D10A_11252015064253_3773526
2253533,Friedrich,WS10D30A,,10000,Through the Wall,No,None,,10.6,3/1/2016,11/25/2015,"United States, Canada",ES_31705_WS10D30A_11252015064346_3826956
2253534,Friedrich,YL24N35C,,24000,Window,Yes,None,,10.2,1/15/2016,11/25/2015,"United States, Canada",ES_31705_YL24N35C_11252015064357_3837679
2258000,Friedrich,YM18N34C,,18000,Window,Yes,None,,10.8,2/1/2016,2/5/2016,"United States, Canada",ES_31705_YM18N34C_02062016033302_9582016
2253535,Friedrich,YS10N10C,,10000,Window,Yes,None,,10.8,12/1/2015,11/25/2015,"United States, Canada",ES_31705_YS10N10C_11252015064410_3850385
2253536,Friedrich,YS12N33C,,12000,Window,Yes,None,,11,2/15/2016,11/25/2015,"United States, Canada",ES_31705_YS12N33C_11252015064420_3860853
2251274,Frigidaire,FFRE0533S1,",FFRE05W3S1,",5000,Window,No,None,,12.1,10/19/2015,10/19/2015,"United States, Canada",ES_1021080_FFRE0533S1_10232015144826_5782586
2306773,Frigidaire,FFRE0533U1E,",FFRE0533U1,",5200,Window,No,None,,12.1,11/15/2017,11/24/2017,"United States, Canada",ES_1021080_FFRE0533U1E_11242017102401_9041261
2251275,Frigidaire,FFRE0633S1,",FFRE06L3S1,; ,FFRE06W3S1,",6000,Window,No,None,,12.1,10/19/2015,10/19/2015,"United States, Canada",ES_1021080_FFRE0633S1_10232015145058_908166
2306791,Frigidaire,FFRE0633U1E,",FFRE0633U1,",6000,Window,No,None,,12.1,11/15/2017,11/24/2017,"United States, Canada",ES_1021080_FFRE0633U1E_11242017102428_9068895
2251276,Frigidaire,FFRE0833S1,",FFRE08L3S1,; ,FFRE08W3S1,",8000,Window,No,None,,12,10/19/2015,10/19/2015,"United States, Canada",ES_1021080_FFRE0833S1_10232015145312_8341485
2306774,Frigidaire,FFRE0833U1E,",FFRE0833U1,",8000,Window,No,None,,12,11/15/2017,11/24/2017,"United States, Canada",ES_1021080_FFRE0833U1E_11242017102448_9088551
2251277,Frigidaire,FFRE1033S1,",FFRE1033S1A,; ,FFRE10L3S1,; ,FFRE10W3S1,; ,FGRC1044T1,",10000,Window,No,None,,12,10/19/2015,10/19/2015,"United States, Canada",ES_1021080_FFRE1033S1_10232015145641_4173547
2306771,Frigidaire,FFRE1033U1E,",FFRE1033U1,",10200,Window,No,None,,12,11/15/2017,11/24/2017,"United States, Canada",ES_1021080_FFRE1033U1E_11242017102502_9102509
2251278,Frigidaire,FFRE1233S1,",FFRE1233S1A,; ,FFRE12L3S1,; ,FFRE12W3S1,; ,FGRC1244T1,",12000,Window,No,None,,12,10/19/2015,10/19/2015,"United States, Canada",ES_1021080_FFRE1233S1_10232015145833_5795556
2306792,Frigidaire,FFRE1233U1E,",FFRE1233U1,",12100,Window,No,None,,12,11/15/2017,11/24/2017,"United States, Canada",ES_1021080_FFRE1233U1E_11242017102521_9121763
2251259,Frigidaire,FFRE1533S1,",FFRE15L3S1,",15100,Window,No,None,,11.8,10/26/2015,10/27/2015,United States,ES_1021080_FFRE1533S1_10262015154007_7681848
2306785,Frigidaire,FFRE1533U1E,",FFRE1533U1,",15000,Window,No,None,,11.8,11/15/2017,11/24/2017,"United States, Canada",ES_1021080_FFRE1533U1E_11242017102534_9134567
2251266,Frigidaire,FFRE1833S2,",FFRE18L3S2,",18000,Window,No,None,,11.8,10/26/2015,10/27/2015,United States,ES_1021080_FFRE1833S2_10262015154919_6064264
2306780,Frigidaire,FFRE1833U2E,",FFRE1833U2,",18000,Window,No,None,,11.8,11/15/2017,11/24/2017,"United States, Canada",ES_1021080_FFRE1833U2E_11242017102547_9147622
2251267,Frigidaire,FFRE2233S2,,22000,Window,No,None,,10.3,10/26/2015,10/27/2015,United States,ES_1021080_FFRE2233S2_10262015160150_2154962
2289414,GE,AEM24DV*#,",AEH24DV*#,; ,AEH24DX*#,; ,AEL24DV*#,; ,AEL24DX*#,; ,AEM24DX*#,; ,AHS24DX*#,",24000,Window,No,None,,10.3,1/23/2017,1/26/2017,United States,ES_1123206_AEM24DV*#_01242017135441_897333
2287788,GE,AHH06LW*#,",AHM06LW*#,",6150,Window,No,None,,12.1,12/16/2016,1/5/2017,United States,ES_1123206_AHH06LW*#_11242016102431_9132501
2288970,GE,AHH08LW*#,",AHM08LW*#,; ,AHS08LX*#,",8000,Window,No,None,,12,1/9/2016,10/14/2016,United States,ES_1123206_AHH08LW*#_01122017135506_2652093
2287790,GE,AHH10AW*#,",AHM10AW*#,; ,AHS10AX*#,",10000,Window,No,None,,12,12/16/2016,1/1/2017,United States,ES_1123206_AHH10AW*#_12162016143858_4645349
2287792,GE,AHH12AW*#,",AHM12AW*#,; ,AHS12AX*#,",11600,Window,No,None,,12,12/16/2016,1/1/2017,United States,ES_1123206_AHH12AW*#_12162016144138_8417322
2287800,GE,AHH18DW*#,",AHM18DW*#,",18000,Window,No,None,,11.8,12/16/2016,1/5/2017,United States,ES_1123206_AHH18DW*#_12162016111529_8906823
2287802,GE,AHH24DW*#,",AHM24DW*#,",23500,Window,No,None,,10.3,12/16/2016,1/5/2017,United States,ES_1123206_AHH24DW*#_12162016111236_1010553
2287803,GE,AHM05LW*#,,5500,Window,No,None,,12.1,12/16/2016,1/5/2017,United States,ES_1123206_AHM05LW*#_12162016110308_7168924
2287799,GE,AHM15AW*#,,15000,Window,No,None,,11.8,12/16/2016,1/5/2017,United States,ES_1123206_AHM15AW*#_12162016111758_0410298
2263640,GE,AJCQ06LCG**,,6600,Through the Wall,No,None,,11,4/8/2016,3/29/2016,United States,ES_1123206_AJCQ06LCG**_03282016163611_7895776
2263641,GE,AJCQ08ACG**,",AJCM08ACG**,",8400,Through the Wall,No,None,,10.6,4/8/2016,3/29/2016,United States,ES_1123206_AJCQ08ACG**_03282016171427_5821954
2263642,GE,AJCQ09DCG**,,9400,Through the Wall,No,None,,10.6,4/8/2016,3/29/2016,United States,ES_1123206_AJCQ09DCG**_03292016101839_6748010
2263645,GE,AJCQ10ACG**,",AJCM10ACG**,",10200,Through the Wall,No,None,,10.6,4/8/2016,3/29/2016,United States,ES_1123206_AJCQ10ACG**_03292016110851_7454950
2263644,GE,AJCQ10DCG**,",AJCM10DCG**,",10100,Through the Wall,No,None,,10.6,4/8/2016,3/29/2016,United States,ES_1123206_AJCQ10DCG**_03292016105815_8072168
2263646,GE,AJCQ12ACG**,,12000,Through the Wall,No,None,,10.5,4/8/2016,3/29/2016,United States,ES_1123206_AJCQ12ACG**_03292016111430_7467462
2263643,GE,AJCQ12DCG**,",AJCM12DCG**,",12000,Through the Wall,No,None,,10.5,4/8/2016,3/29/2016,United States,ES_1123206_AJCQ12DCG**_03292016103303_4502679
2291788,Global Industrial,246540,,8000,Through the Wall,No,None,,10.6,2/22/2017,2/22/2017,"United States, Canada",ES_1131132_246540_06292015090825_8905979
2291789,Global Industrial,246541,,12000,Through the Wall,No,None,,10.5,2/22/2017,2/22/2017,"United States, Canada",ES_1131132_246541_06292015090900_8940758
2291790,Global Industrial,292458,,8000,Window,No,None,,12,2/22/2017,2/22/2017,"United States, Canada",ES_1131132_292458_06292015090634_8794810
2291787,Global Industrial,292459,,12000,Window,No,None,,12,2/22/2017,2/22/2017,"United States, Canada",ES_1131132_292459_06292015090707_8827496
2291791,Global Industrial,292461,,8000,Window,No,Casement-slider,,11.4,2/22/2017,2/22/2017,"United States, Canada",ES_1131132_292461_06292015090743_8863370
2286696,GREE,GJC05BK-A3NRND2C,,5200,Through the Wall,Yes,None,,12.1,12/25/2016,12/8/2016,"United States, Canada",ES_1105164_GJC05BK-A3NRND2C_12152016114925_70111505
2286697,GREE,GJC05BK-A3NRNE2C,,5200,Through the Wall,Yes,None,,12.1,12/25/2016,12/8/2016,"United States, Canada",ES_1105164_GJC05BK-A3NRNE2C_12152016114925_70111505
2282864,GREE,GJC05BK-A3NRNF2C,,5200,Through the Wall,Yes,None,,12.1,11/1/2016,10/31/2016,"United States, Canada",ES_1105164_GJC05BK-A3NRNF2C_11012016113711_70102620
2252891,GREE,GJC06BK-A3NRNE2L,",G16-6ESVWAC,; ,G17-6ESCWAC1,; ,GJC06BK-A3NRNC5L,; ,GJC06BK-A3NRND2L,; ,GJC06BK-A3NRNF2L,; ,GJC06BK-A3NRNH1M,",6050,Window,No,None,,12.1,11/15/2015,11/11/2015,"United States, Canada",ES_1105164_GJC06BK-A3NRNE2L_11122015061945_9185424
2281409,GREE,GJC06BK-A3NRNF2P,",G17-6ESCWAC,; ,GJC06BK-A3NRNC5P,; ,GJC06BK-A3NRND2P,; ,GJC06BK-A3NRNE2P,; ,GJC06BK-A3NRNH1A,",6050,Window,No,None,,12.1,10/1/2016,10/13/2016,"United States, Canada",ES_1105164_GJC06BK-A3NRNF2P_10132016094601_1961089
2306339,GREE,GJC06BK-A3NRNH2P,,6000,Window,No,None,,12.1,11/1/2017,11/13/2017,"United States, Canada",ES_1105164_GJC06BK-A3NRNH2P_11132017124550_7150347
2253985,GREE,GJC08BL-A3NRNF2N,,8200,Window,No,None,,12.1,11/30/2015,11/30/2015,"United States, Canada",ES_1105164_GJC08BL-A3NRNF2N_11302015092031_5231079
2252898,GREE,GJC08BS-A3NRNE2B,",G16-8ESVWAC,; ,G17-8ESCWAC1,; ,GJC08BS-A3NRNC5B,; ,GJC08BS-A3NRND2B,; ,GJC08BS-A3NRNF2B,; ,GJC08BS-A3NRNG2B,; ,GJC08BS-A3NRNH1C,",8000,Window,No,None,,12,11/15/2015,11/11/2015,"United States, Canada",ES_1105164_GJC08BS-A3NRNE2B_11122015062644_9604493
2281410,GREE,GJC08BS-A3NRNF2C,",G17-8ESCWAC,; ,GJC08BS-A3NRNC5C,; ,GJC08BS-A3NRND2C,; ,GJC08BS-A3NRNE2C,; ,GJC08BS-A3NRNG2C,; ,GJC08BS-A3NRNH1A,",8000,Window,No,None,,12,10/1/2016,10/13/2016,"United States, Canada",ES_1105164_GJC08BS-A3NRNF2C_10132016094613_1973996
2306337,GREE,GJC08BS-A3NRNH2C,,8000,Window,No,None,,12,11/1/2017,11/13/2017,"United States, Canada",ES_1105164_GJC08BS-A3NRNH2C_11132017124633_7193704
2253539,GREE,GJC10BR-A3NRNF2A,",GJC10BR-A3NRNC5A,; ,GJC10BR-A3NRND2A,; ,GJC10BR-A3NRNE2A,; ,GJC10BR-A3NRNG2A,; ,GJC10BR-A3NRNH1A,; Room Air Conditioner,GJC10BR-A3NRNF2A,",10000,Window,No,None,,12.1,11/15/2015,11/13/2015,"United States, Canada",ES_1105164_GJC10BR-A3NRNF2A_11132015091808_6288335
2253540,GREE,GJC10BR-A3NRNF2B,,10000,Window,No,None,,12.1,11/15/2015,11/13/2015,"United States, Canada",ES_1105164_GJC10BR-A3NRNF2B_11132015091826_6306280
2284559,GREE,GJC10BR-A3NRNF2C,",G17-10ESCWAC,; ,G17-10ESHWAC-CA,; ,GJC10BR-A3NRNC5C,; ,GJC10BR-A3NRND2C,; ,GJC10BR-A3NRNE2C,; ,GJC10BR-A3NRNG2C,; ,GJC10BR-A3NRNH1C,; ,GJC10BR-A3NRNH2C,; ,GJC10BR-A3NRNJ1C,",10200,Window,No,None,,12,11/15/2016,11/20/2016,"United States, Canada",ES_1105164_GJC10BR-A3NRNF2C_11212016075835_5115755
2283776,GREE,GJC10BR-A3NRNJ1A,,10000,Window,No,None,,12.1,11/1/2016,11/11/2016,"United States, Canada",ES_1105164_GJC10BR-A3NRNJ1A_11142016075316_9996163
2252992,GREE,GJC12BR-A3NRNF2A,",G17-12ESCWAC1,; ,GJC12BR-A3NRNC5A,; ,GJC12BR-A3NRND2A,; ,GJC12BR-A3NRNE2A,; ,GJC12BR-A3NRNG2A,",12050,Window,No,None,,12,11/15/2015,11/13/2015,"United States, Canada",ES_1105164_GJC12BR-A3NRNF2A_11132015091838_6318893
2284557,GREE,GJC12BR-A3NRNF2C,",G17-12ESCWAC,; ,G17-12ESHWAC,; ,GJC12BR-A3NRNC5C,; ,GJC12BR-A3NRND2C,; ,GJC12BR-A3NRNE2C,; ,GJC12BR-A3NRNG2C,; ,GJC12BR-A3NRNH1C,; ,GJC12BR-A3NRNH2C,; ,GJC12BR-A3NRNJ1C,",12100,Window,No,None,,12,11/15/2016,11/20/2016,"United States, Canada",ES_1105164_GJC12BR-A3NRNF2C_11212016075850_5130816
2283775,GREE,GJC12BR-A3NRNJ1A,,12000,Window,No,None,,12,11/1/2016,11/11/2016,"United States, Canada",ES_1105164_GJC12BR-A3NRNJ1A_11142016075336_0016205
2253515,GREE,GJC14BY-A3NRNF2A,",G17-14ESCWAC1,; ,GJC14BY-A3NRNC5A,; ,GJC14BY-A3NRND2A,; ,GJC14BY-A3NRNG2A,",14300,Window,No,None,,11.8,11/15/2015,11/24/2015,"United States, Canada",ES_1105164_GJC14BY-A3NRNF2A_11252015043954_6394682
2281411,GREE,GJC14BY-A3NRNF2B,",G17-14ESCWAC,; ,GJC14BY-A3NRNC5C,; ,GJC14BY-A3NRND2B,; ,GJC14BY-A3NRNE2C,; ,GJC14BY-A3NRNE3B,; ,GJC14BY-A3NRNG2B,; ,GJC14BY-A3NRNH1A,",14300,Window,No,None,,11.8,10/1/2016,10/13/2016,"United States, Canada",ES_1105164_GJC14BY-A3NRNF2B_10132016094625_1985062
2306338,GREE,GJC15BY-A3NRNH2A,,15000,Window,No,None,,11.8,11/1/2017,11/13/2017,"United States, Canada",ES_1105164_GJC15BY-A3NRNH2A_11132017124717_7237470
2253512,GREE,GJC18BY-D3NRNE2A,",GJC18BY-D3NRNC5A,; ,GJC18BY-D3NRND2A,; ,GJC18BY-D3NRNF2A,; ,GJC18BY-D3NRNG2A,; Room Air Conditioner,GJC18BY-D3NRNE2A,",18000,Window,No,None,,11.8,11/15/2015,11/24/2015,"United States, Canada",ES_1105164_GJC18BY-D3NRNE2A_11252015044022_6422379
2281408,GREE,GJC18BY-D3NRNE2B,",GJC18BY-D3NRNC5B,; ,GJC18BY-D3NRND2B,; ,GJC18BY-D3NRNE2C,; ,GJC18BY-D3NRNE3B,; ,GJC18BY-D3NRNF2B,; ,GJC18BY-D3NRNG2B,; ,GJC18BY-D3NRNH1A,; ,GJC18BY-D3NRNH2B,",18000,Window,No,None,,11.8,10/1/2016,10/13/2016,"United States, Canada",ES_1105164_GJC18BY-D3NRNE2B_10132016094641_2001379
2306770,GREE,GJC22BN-D3NRNH2N,,22000,Window,No,None,,10.3,11/15/2017,11/23/2017,"United States, Canada",ES_1105164_GJC22BN-D3NRNH2N_11242017051646_0606919
2252841,GREE,GJC24BN-D3NRNE2L,",GJC24BN-D3NRNC5L,; ,GJC24BN-D3NRND2L,; ,GJC24BN-D3NRNF2L,; ,GJC24BN-D3NRNG2L,; Room Air Conditioner,GJC24BN-D3NRNE2L,",24000,Window,No,None,,10.3,11/15/2015,11/5/2015,"United States, Canada",ES_1105164_GJC24BN-D3NRNE2L_11062015060154_9714547
2284558,GREE,GJC24BN-D3NRNF2M,",GJC24BN-D3NRNC5M,; ,GJC24BN-D3NRND2M,; ,GJC24BN-D3NRNE2M,; ,GJC24BN-D3NRNE3M,; ,GJC24BN-D3NRNG2M,; ,GJC24BN-D3NRNH1A,",24000,Window,No,None,,10.3,11/20/2016,11/20/2016,"United States, Canada",ES_1105164_GJC24BN-D3NRNF2M_11212016075903_5143417
2306772,GREE,GJC25BN-D3NRNH2N,,25000,Window,No,None,,10.3,11/15/2017,11/23/2017,"United States, Canada",ES_1105164_GJC25BN-D3NRNH2N_11242017051735_0655788
2253959,Haier,ESA405R,"Room Air Condirioner,ESA405R,; Room Air Condirioner,ESA405R-L,",5400,Window,No,None,,12.1,11/30/2015,11/30/2015,"United States, Canada",ES_31566_ESA405R_11302015091631_4991171
2252840,Haier,ESA406R,"Room Air Condirioner,ESA406R,; Room Air Condirioner,ESA406R-E,; Room Air Condirioner,ESA406R-L,; Room Air Condirioner,ESA406R-T,",6000,Window,No,None,,12.1,10/30/2015,10/16/2015,"United States, Canada",ES_31566_ESA406R_10272015061212_6332592
2256387,Haier,ESA408R,",ESA408R-E,; ,ESA408R-L,; ,ESA408R-T,; Room Air Condirioner,ESA408R,",8000,Window,No,None,,12,12/15/2015,1/8/2016,"United States, Canada",ES_31566_ESA408R_01112016082416_0656495
2257817,Haier,ESA410R,",ESA410R-L,; Room Air Condirioner,ESA410R,",10000,Window,No,None,,12,1/31/2016,2/3/2016,"United States, Canada",ES_31566_ESA410R_02042016074941_2181660
2257816,Haier,ESA412R,",ESA412R-L,; Room Air Condirioner,ESA412R,",12000,Window,No,None,,12,1/1/2016,2/2/2016,"United States, Canada",ES_31566_ESA412R_02042016074953_2193163
2264446,Haier,ESAQ406R,",ESAQ406T, ESAQ406T-H,",6000,Window,No,None,,12.1,4/1/2016,4/18/2016,"United States, Canada",ES_31566_ESAQ406R_04192016110049_3649188
2263820,IMPECCA,ITAC08-KS21,,8000,Through the Wall,No,None,,10.6,4/1/2016,4/6/2016,"United States, Canada",ES_1128884_ITAC08-KS21_04082016082408_3848684
2263816,IMPECCA,ITAC10-KSA21,,10000,Through the Wall,No,None,,10.6,4/1/2016,4/6/2016,"United States, Canada",ES_1128884_ITAC10-KSA21_04082016082433_3873065
2263817,IMPECCA,ITAC10-KSB21,,10000,Through the Wall,No,None,,10.6,4/1/2016,4/6/2016,"United States, Canada",ES_1128884_ITAC10-KSB21_04082016082450_3890016
2263818,IMPECCA,ITAC12-KSA21,,12000,Through the Wall,No,None,,10.5,4/1/2016,4/6/2016,"United States, Canada",ES_1128884_ITAC12-KSA21_04082016082516_3916844
2263819,IMPECCA,ITAC12-KSB21,,12000,Through the Wall,No,None,,10.5,4/1/2016,4/6/2016,"United States, Canada",ES_1128884_ITAC12-KSB21_04082016082534_3934309
2293298,IMPECCA,IWA06-KS30,,6000,Window,No,None,,12.1,3/27/2017,3/27/2017,"United States, Canada",ES_1128884_IWA06-KS30_03292017070511_1111516
2293309,IMPECCA,IWA08-KS30,,8000,Window,No,None,,12,3/27/2017,3/27/2017,"United States, Canada",ES_1128884_IWA08-KS30_03292017070525_1125720
2293306,IMPECCA,IWA10-KS30,,10000,Window,No,None,,12,3/27/2017,3/27/2017,"United States, Canada",ES_1128884_IWA10-KS30_03292017070540_1140311
2293303,IMPECCA,IWA12-KS30,,12000,Window,No,None,,12,3/27/2017,3/27/2017,"United States, Canada",ES_1128884_IWA12-KS30_03292017070555_1155732
2293301,IMPECCA,IWA15-KS30,,15000,Window,No,None,,11.8,3/27/2017,3/27/2017,"United States, Canada",ES_1128884_IWA15-KS30_03292017070617_1177832
2293300,IMPECCA,IWA18-KS30,,18000,Window,No,None,,11.8,3/27/2017,3/27/2017,"United States, Canada",ES_1128884_IWA18-KS30_03292017070633_1193904
2293299,IMPECCA,IWA25-KS30,,25000,Window,No,None,,10.3,3/27/2017,3/27/2017,"United States, Canada",ES_1128884_IWA25-KS30_03292017070647_1207031
2253897,Kenmore,253.7706,,6000,Window,No,None,,12.1,11/19/2015,10/19/2015,"United States, Canada",ES_15649_253.77060_11202015105425_4731561
2253898,Kenmore,253.7708,,8000,Window,No,None,,12,10/19/2015,10/19/2015,"United States, Canada",ES_15649_253.77080_11202015110104_1018335
2253899,Kenmore,253.7711,,10000,Window,No,None,,12,10/19/2015,10/19/2015,"United States, Canada",ES_15649_253.77110_11202015132437_451471
2253900,Kenmore,253.7712,,12000,Window,No,None,,12,10/19/2015,10/19/2015,"United States, Canada",ES_15649_253.77120_11202015132941_3105432
2257607,Kenmore,861.10057,,6000,Window,No,None,,12.1,2/1/2016,2/1/2016,"United States, Canada",ES_15649_861.10057_02022016030033_2033313
2257606,Kenmore,861.10058,,8000,Window,No,None,,12,2/1/2016,2/1/2016,"United States, Canada",ES_15649_861.10058_02022016030311_2191561
2257604,Kenmore,861.10059,,12000,Window,No,None,,12,2/1/2016,2/1/2016,"United States, Canada",ES_15649_861.10059_02022016030347_2227663
2257605,Kenmore,861.10063,,10000,Window,No,None,,12,2/1/2016,2/1/2016,"United States, Canada",ES_15649_861.10063_02022016030913_2553684
2254532,Kenmore Elite,253.77062,,6000,Window,No,None,,12.1,11/18/2015,11/23/2015,United States,ES_15649_253.77062_11182015162341_9950219
2253901,Kenmore Elite,253.77082,,8000,Window,No,None,,12,10/29/2015,10/29/2015,"United States, Canada",ES_15649_253.77082_11202015133415_3200494
2253895,Kenmore Elite,253.77085,,8000,Through the Wall,No,None,,10.6,10/26/2015,10/26/2015,"United States, Canada",ES_15649_253.77085_11202015154158_2762567
2253896,Kenmore Elite,253.77135,,12000,Through the Wall,No,None,,10.5,10/26/2015,10/27/2015,"United States, Canada",ES_15649_253.77135_11202015155040_8536645
2253159,Kenmore Elite,253.7715,,15100,Window,No,None,,11.8,11/19/2015,10/27/2015,United States,ES_15649_253.77150_11192015171557_4422265
2253892,Kenmore Elite,253.7718,,18000,Window,No,None,,11.8,11/20/2015,10/27/2015,United States,ES_15649_253.77180_11202015152745_3094903
2253894,Kenmore Elite,253.7725,,25000,Window,No,None,,10.3,11/20/2015,10/27/2015,United States,ES_15649_253.77250_11202015153613_272790
2291094,Kenmore Elite,580.7708771,",77087,",8000,Window,No,None,,12,2/17/2017,2/16/2017,United States,ES_15649_580.7708771_02212017051850_4330637
2291093,Kenmore Elite,580.7710771,",77107,",10000,Window,No,None,,12,2/17/2017,2/16/2017,United States,ES_15649_580.7710771_02212017052246_4566184
2291092,Kenmore Elite,580.7712771,",77127,",12000,Window,No,None,,12,2/17/2017,2/16/2017,United States,ES_15649_580.7712771_02212017052321_4601317
2291091,Kenmore Elite,580.7715771,",77157,",15000,Window,No,None,,11.8,2/17/2017,2/16/2017,United States,ES_15649_580.7715771_02212017052350_4630286
2291087,Kenmore Elite,580.77187710 208V,",77187 208V,",17500,Window,No,None,,11.8,2/17/2017,2/16/2017,United States,ES_15649_580.77187710 208V_02212017052507_4707282
2291088,Kenmore Elite,580.77187710 230V,",77187 230V,",18000,Window,No,None,,11.8,2/17/2017,2/16/2017,United States,ES_15649_580.77187710 230V_02212017052622_4782555
2291089,Kenmore Elite,580.77247710 208V,",77247 208V,",24000,Window,No,None,,10.3,2/17/2017,2/16/2017,United States,ES_15649_580.77247710 208V_02212017052655_4815545
2291090,Kenmore Elite,580.77247710 230V,",77247 230V,",24500,Window,No,None,,10.3,2/17/2017,2/16/2017,United States,ES_15649_580.77247710 230V_02212017052724_4844653
2263997,Keystone,KSTAT08-1C,,8000,Through the Wall,No,None,,10.6,4/10/2016,4/12/2016,"United States, Canada",ES_1055302_KSTAT08-1C_04132016123938_1178536
2264001,Keystone,KSTAT10-1C ,,10000,Through the Wall,No,None,,10.6,4/10/2016,4/12/2016,"United States, Canada",ES_1055302_KSTAT10-1C _04132016123958_1198715
2263989,Keystone,KSTAT10-2C,,10000,Through the Wall,No,None,,10.6,4/10/2016,4/12/2016,"United States, Canada",ES_1055302_KSTAT10-2C_04132016124012_1212702
2263990,Keystone,KSTAT12-1C,,12000,Through the Wall,No,None,,10.5,4/10/2016,4/12/2016,"United States, Canada",ES_1055302_KSTAT12-1C_04132016124026_1226357
2263991,Keystone,KSTAT12-2C,,12000,Through the Wall,No,None,,10.5,4/10/2016,4/12/2016,"United States, Canada",ES_1055302_KSTAT12-2C_04132016124038_1238787
2263998,Keystone,KSTAW05C,,5000,Window,No,None,,12.1,4/10/2016,4/12/2016,"United States, Canada",ES_1055302_KSTAW05C_04132016124053_1253663
2263999,Keystone,KSTAW06C ,,6000,Window,No,None,,12.1,4/10/2016,4/12/2016,"United States, Canada",ES_1055302_KSTAW06C _04132016124107_1267478
2301056,Keystone,KSTAW08C,,8000,Window,No,None,,12,8/1/2017,8/1/2017,United States,ES_1055302_KSTAW08C_08012017100106_1666660
2301055,Keystone,KSTAW10C,,10000,Window,No,None,,12,8/1/2017,8/1/2017,United States,ES_1055302_KSTAW10C_08012017100041_1641041
2264000,Keystone,KSTAW12C,,12000,Window,No,None,,12,4/10/2016,4/12/2016,"United States, Canada",ES_1055302_KSTAW12C_04132016124120_1280958
2263350,Koldfront,WAC10002WCO,,10000,Window,No,None,,12,3/25/2016,3/27/2016,"United States, Canada",ES_1074063_WAC10002WCO_03282016073517_0517950
2263352,Koldfront,WAC12002WCO,,12000,Window,No,None,,12,3/25/2016,3/27/2016,"United States, Canada",ES_1074063_WAC12002WCO_03282016073529_0529071
2263351,Koldfront,WAC8002WCO,,8000,Window,No,None,,12,3/25/2016,3/27/2016,"United States, Canada",ES_1074063_WAC8002WCO_03282016073541_0541222
2290131,Koldfront,WTC10002WCO115V,,10000,Through the Wall,No,None,,10.6,2/3/2017,2/3/2017,"United States, Canada",ES_1074063_WTC10002WCO115V_02072017071641_1801193
2290130,Koldfront,WTC10012WCO230V,,10000,Through the Wall,No,None,,10.6,2/3/2017,2/3/2017,"United States, Canada",ES_1074063_WTC10012WCO230V_02072017071653_1813505
2290134,Koldfront,WTC12002WCO115V,,12000,Through the Wall,No,None,,10.5,2/3/2017,2/3/2017,"United States, Canada",ES_1074063_WTC12002WCO115V_02072017071704_1824736
2290133,Koldfront,WTC12012WCO230V,,12000,Through the Wall,No,None,,10.5,2/3/2017,2/3/2017,"United States, Canada",ES_1074063_WTC12012WCO230V_02072017071716_1836842
2290132,Koldfront,WTC8002WCO,,8000,Through the Wall,No,None,,10.6,2/3/2017,2/3/2017,"United States, Canada",ES_1074063_WTC8002WCO_02072017071728_1848353
2255503,Koolking,MWECK-05CRN1-BCL1,,5000,Window,No,None,,12.1,12/15/2015,12/23/2015,"United States, Canada",ES_1030337_MWECK-05CRN1-BCL1_12242015073416_2456049
2255504,Koolking,MWECK-06CRN1-BCL1,,6000,Window,No,None,,12.1,12/15/2015,12/23/2015,"United States, Canada",ES_1030337_MWECK-06CRN1-BCL1_12242015073427_2467015
2255505,Koolking,MWECK-08CRN1-BCL0,,8000,Window,No,None,,12,12/15/2015,12/23/2015,"United States, Canada",ES_1030337_MWECK-08CRN1-BCL0_12242015073439_2479905
2255506,Koolking,MWECK-10CRN1-BCL0,,10000,Window,No,None,,12,12/15/2015,12/23/2015,"United States, Canada",ES_1030337_MWECK-10CRN1-BCL0_12242015073453_2493933
2255507,Koolking,MWECK-12CRN1-BCL0,,12000,Window,No,None,,12,12/15/2015,12/23/2015,"United States, Canada",ES_1030337_MWECK-12CRN1-BCL0_12242015073507_2507239
2255508,Koolking,MWECK-15CRN1-BCK8,,15100,Window,No,None,,11.8,12/15/2015,12/23/2015,"United States, Canada",ES_1030337_MWECK-15CRN1-BCK8_12242015073520_2520408
2255509,Koolking,MWECK-18CRN1-MCK8,,18000,Window,No,None,,11.8,12/15/2015,12/23/2015,"United States, Canada",ES_1030337_MWECK-18CRN1-MCK8_12242015073535_2535101
2255510,Koolking,MWECK-25CRN1-MCJ3,,25000,Window,No,None,,10.3,12/15/2015,12/23/2015,"United States, Canada",ES_1030337_MWECK-25CRN1-MCJ3_12242015073552_2552299
2255511,Koolking,MWECW2-10CRN1-BCJ6,,10000,Through the Wall,No,None,,10.6,12/15/2015,12/23/2015,"United States, Canada",ES_1030337_MWECW2-10CRN1-BCJ6_12242015073603_2563599
2255497,Koolking,MWECW2-12CRN1-BCJ5,,12000,Through the Wall,No,None,,10.5,12/15/2015,12/23/2015,"United States, Canada",ES_1030337_MWECW2-12CRN1-BCJ5_12242015073616_2576852
2285532,Koolking,MWFUK-06CRN1-BCL1,,6000,Window,No,None,,12.1,12/2/2016,12/6/2016,"United States, Canada",ES_1129046_MWFUK-06CRN1-BCL1_12062016122139_6899745
2285531,Koolking,MWFUK-08CRN1-BCL0,,8000,Window,No,None,,12,12/2/2016,12/6/2016,"United States, Canada",ES_1129046_MWFUK-08CRN1-BCL0_12062016122153_6913099
2285530,Koolking,MWFUK-15CRN1-BCK8,,15000,Window,No,None,,11.8,12/2/2016,12/6/2016,"United States, Canada",ES_1129046_MWFUK-15CRN1-BCK8_12062016122205_6925385
2290129,Kool King,KWDUK-08CRN1-BCL0,,8000,Window,No,None,,12,2/6/2017,2/6/2017,"United States, Canada",ES_1138537_KWDUK-08CRN1-BCL0_02072017071618_1778045
2302851,KUL,KU-WAC105ES,,10000,Window,No,None,,12,8/25/2017,8/25/2017,United States,ES_1092528_KU-WAC105ES_08292017065956_9996118
2300562,KUL,KU-WAC121ESW,,12000,Window,No,None,,12,7/25/2017,7/25/2017,United States,ES_1092528_KU-WAC121ESW_07262017110711_7231188
2256388,LG,LT0816CER,,8000,Through the Wall,No,None,,10.6,12/15/2015,1/8/2016,"United States, Canada",ES_1118034_LT0816CER_01112016082445_0685803
2286972,LG,LT0816CERY7,,8000,Through the Wall,No,None,,10.6,1/30/2017,12/22/2016,"United States, Canada",ES_1118034_LT0816CERY7_12262016115038_3038854
2257823,LG,LT1016CER,,9800,Through the Wall,No,None,,10.6,1/30/2016,2/3/2016,"United States, Canada",ES_1118034_LT1016CER_02042016075045_2245653
2286970,LG,LT1016CERY7,,9800,Through the Wall,No,None,,10.6,1/30/2017,12/22/2016,"United States, Canada",ES_1118034_LT1016CERY7_12262016115052_3052055
2257821,LG,LT1036CER,,9800,Through the Wall,No,None,,10.6,1/30/2016,2/3/2016,"United States, Canada",ES_1118034_LT1036CER_02042016075058_2258018
2286966,LG,LT1036CERY7(208V),,9500,Through the Wall,No,None,,10.6,1/30/2017,12/22/2016,"United States, Canada",ES_1118034_LT1036CERY7(208V)_12262016115106_3066613
2286967,LG,LT1036CERY7(230V),,9800,Through the Wall,No,None,,10.6,1/30/2017,12/22/2016,"United States, Canada",ES_1118034_LT1036CERY7(230V)_12262016115117_3077295
2257997,LG,LT1216CER,,11800,Through the Wall,No,None,,10.5,1/30/2016,2/5/2016,"United States, Canada",ES_1118034_LT1216CER_02062016033313_9593754
2286964,LG,LT1216CERY7,,11800,Through the Wall,No,None,,10.5,1/30/2017,12/22/2016,"United States, Canada",ES_1118034_LT1216CERY7_12262016115130_3090696
2257995,LG,LT1236CER,,11800,Through the Wall,No,None,,10.5,1/30/2016,2/5/2016,"United States, Canada",ES_1118034_LT1236CER_02062016033332_9612661
2286960,LG,LT1236CERY7(208V),,11500,Through the Wall,No,None,,10.5,1/30/2017,12/22/2016,"United States, Canada",ES_1118034_LT1236CERY7(208V)_12262016115144_3104228
2286961,LG,LT1236CERY7(230V),,11800,Through the Wall,No,None,,10.5,1/30/2017,12/22/2016,"United States, Canada",ES_1118034_LT1236CERY7(230V)_12262016115158_3118725
2252991,LG,LW1016ER,",LW1016ERY7; LW1017ERSM,",10000,Window,No,None,,12,11/6/2015,11/9/2015,"United States, Canada",ES_1118034_LW1016ER_11102015060338_5418664
2252890,LG,LW1216ER,",LW1216ERY7; LW1217ERSM,",12000,Window,No,None,,12,11/6/2015,11/9/2015,"United States, Canada",ES_1118034_LW1216ER_11102015060406_5446597
2253965,LG,LW1516ER,",LW1516ERY7,",15000,Window,No,None,,11.8,11/20/2015,11/25/2015,"United States, Canada",ES_1118034_LW1516ER_11282015001915_9955042
2283558,LG,LW1816ER 208V,",LW1816ERY7 (208V),",17500,Window,No,None,,11.8,11/20/2015,11/25/2015,"United States, Canada",ES_1118034_LW1816ER 208V_11082016020129_0489885
2283559,LG,LW1816ER 230V,",LW1816ERY7 (230V),",18000,Window,No,None,,11.8,11/20/2015,11/25/2015,"United States, Canada",ES_1118034_LW1816ER 230V_11082016020145_0505208
2283560,LG,LW2516ER 208V,",LW2516ERY7 (208V),",24000,Window,No,None,,10.3,11/20/2015,11/25/2015,"United States, Canada",ES_1118034_LW2516ER 208V_11082016020201_0521170
2283561,LG,LW2516ER 230V,",LW2516ERY7 (230V),",24500,Window,No,None,,10.3,11/20/2015,11/25/2015,"United States, Canada",ES_1118034_LW2516ER 230V_11082016020214_0534482
2253967,LG,LW8016ER,",LW8016ERY7; LW8017ERSM,",8000,Window,No,None,,12,11/20/2015,11/25/2015,"United States, Canada",ES_1118034_LW8016ER_11282015002243_0163916
2290126,Midea,AKW10CW71,,10000,Window,No,None,,12,2/6/2017,2/6/2017,"United States, Canada",ES_1138537_AKW10CW71_02072017071526_1726220
2290127,Midea,KWDUK-10CWN1-BCL0,,10000,Window,No,None,,12,2/6/2017,2/6/2017,"United States, Canada",ES_1138537_KWDUK-10CWN1-BCL0_02072017071629_1789661
2301978,Midea,MWA06CR71-A,,6000,Window,No,None,,12.1,8/9/2017,8/9/2017,United States,ES_1138537_MWA06CR71-A_08102017184603_0763338
2301979,Midea,MWA06CR71-E,,6000,Window,No,None,,12.1,8/9/2017,8/9/2017,United States,ES_1138537_MWA06CR71-E_08102017184540_0740408
2301976,Midea,MWA08CR71-A,,8000,Window,No,None,,12,8/9/2017,8/9/2017,United States,ES_1138537_MWA08CR71-A_08102017184518_0718707
2301977,Midea,MWA08CR71-E,,8000,Window,No,None,,12,8/9/2017,8/9/2017,United States,ES_1138537_MWA08CR71-E_08102017184458_0698196
2304367,Midea,MWA10CR71,,10000,Window,No,None,,12,9/28/2017,9/28/2017,United States,ES_1138537_MWA10CR71_09292017033548_6148261
2301974,Midea,MWA10CR71-A,,10000,Window,No,None,,12,8/9/2017,8/9/2017,United States,ES_1138537_MWA10CR71-A_08102017184437_0677719
2301975,Midea,MWA10CR71-E,,10000,Window,No,None,,12,8/9/2017,8/9/2017,United States,ES_1138537_MWA10CR71-E_08102017184417_0657801
2304365,Midea,MWA12CR71,,12000,Window,No,None,,12,9/28/2017,9/28/2017,United States,ES_1138537_MWA12CR71_09292017033600_6160859
2301972,Midea,MWA12CR71-A,,12000,Window,No,None,,12,8/9/2017,8/9/2017,United States,ES_1138537_MWA12CR71-A_08102017184355_0635095
2301973,Midea,MWA12CR71-E,,12000,Window,No,None,,12,8/9/2017,8/9/2017,United States,ES_1138537_MWA12CR71-E_08102017184330_0610917
2304369,Midea,MWB08CW71,,8000,Window,No,None,,12,9/28/2017,9/28/2017,United States,ES_1138537_MWB08CW71_09292017033612_6172434
2304368,Midea,MWB10CW71,,10000,Window,No,None,,12,9/28/2017,9/28/2017,United States,ES_1138537_MWB10CW71_09292017033624_6184471
2304366,Midea,MWB12CW71,,12000,Window,No,None,,12,9/28/2017,9/28/2017,United States,ES_1138537_MWB12CW71_09292017033635_6195673
2251608,Midea,MWEUK-06CRN1-BCL1,",MWECK-06CRN1-BCL1,",6000,Window,No,None,,12.1,10/19/2015,11/2/2015,United States,ES_1030337_MWEUK-06CRN1-BCL1_10292015103214_5085718
2251609,Midea,MWEUK-08CRN1-BCL0,",MWECK-08CRN1-BCL0,",8000,Window,No,None,,12,10/19/2015,11/2/2015,United States,ES_1030337_MWEUK-08CRN1-BCL0_10292015111914_6067621
2251611,Midea,MWEUK-12CRN1-BCL0,",MWECK-12CRN1-BCL0,",12000,Window,No,None,,12,10/19/2015,11/2/2015,United States,ES_1030337_MWEUK-12CRN1-BCL0_10292015112918_2187921
2286458,Midea,MWFUK-06CRN1-BCL1,,6000,Window,No,None,,12.1,12/1/2016,12/16/2016,"United States, Canada",ES_1138537_MWFUK-06CRN1-BCL1_12192016123008_0608897
2286459,Midea,MWFUK-08CRN1-BCL0,,8000,Window,No,None,,12,12/1/2016,12/16/2016,"United States, Canada",ES_1138537_MWFUK-08CRN1-BCL0_12192016123020_0620742
2286460,Midea,MWFUK-15CRN1-BCK8,,15100,Window,No,None,,11.8,12/1/2016,12/16/2016,"United States, Canada",ES_1138537_MWFUK-15CRN1-BCK8_12192016123035_0635878
2253141,Noma,043-5232-6,,5000,Window,No,None,,12.1,11/15/2015,11/20/2015,Canada,ES_1025242_043-5232-6_11202015232957_2197191
2253142,Noma,043-5238-4,,6000,Window,No,None,,12.1,11/15/2015,11/20/2015,Canada,ES_1025242_043-5238-4_11202015233017_2217967
2283684,Noma,043-5238-4,,6000,Window,No,None,,12.1,11/10/2016,11/10/2016,"United States, Canada",ES_1025242_043-5238-4_11102016074033_3633769
2253144,Noma,043-5240-6,,8000,Window,No,None,,12,11/15/2015,11/20/2015,Canada,ES_1025242_043-5240-6_11202015233328_2408375
2283685,Noma,043-5240-6,,8000,Window,No,None,,12,11/10/2016,11/10/2016,"United States, Canada",ES_1025242_043-5240-6_11102016074055_3655588
2253143,Noma,043-5242-2,,8000,Window,No,Casement-slider,,11.4,11/15/2015,11/20/2015,Canada,ES_1025242_043-5242-2_11202015233358_2438063
2253147,Noma,043-5243-0,,10000,Window,No,None,,12,11/15/2015,11/20/2015,Canada,ES_1025242_043-5243-0_11202015233428_2468205
2253150,Noma,043-5244-8,,12000,Window,No,None,,12,11/15/2015,11/20/2015,Canada,ES_1025242_043-5244-8_11202015233457_2497623
2285160,Ocean Breeze,OBZ-10ESN,,10000,Window,No,None,,12,11/14/2016,11/14/2016,"United States, Canada",ES_1125950_OBZ-10ESN_12022016022222_5342844
2285897,Ocean Breeze,OBZ-12ESN,,12000,Window,No,None,,12,11/14/2016,11/14/2016,"United States, Canada",ES_1125950_OBZ-12ESN_12122016062453_3893204
2283661,OLMO,OW-08AC115V5SC,,8000,Through the Wall,No,None,,10.6,12/15/2015,12/24/2015,"United States, Canada",ES_1132968_OW-08AC115V5SC_12252015031411_3251471
2283662,OLMO,OW-12AC115V5SC,,12000,Through the Wall,No,None,,10.5,12/15/2015,12/24/2015,"United States, Canada",ES_1132968_OW-12AC115V5SC_12252015031512_3312544
2283663,OLMO,OW-12AC230V5SC,,12000,Through the Wall,No,None,,10.5,12/15/2015,12/24/2015,"United States, Canada",ES_1132968_OW-12AC230V5SC_12252015031531_3331205
2269826,Perfect aire,4FPC10000,,10000,Window,No,None,,12,6/10/2016,6/15/2016,"United States, Canada",ES_1121980_4FPC10000_06162016070840_0920558
2269825,Perfect aire,4FPC12000,,12000,Window,No,None,,12,6/10/2016,6/15/2016,"United States, Canada",ES_1121980_4FPC12000_06162016070853_0933461
2255392,Perfect aire,4PAC10000,,10000,Window,No,None,,12,12/15/2015,12/23/2015,"United States, Canada",ES_1121980_4PAC10000_12232015074909_6949404
2255393,Perfect aire,4PAC12000,,12000,Window,No,None,,12,12/15/2015,12/23/2015,"United States, Canada",ES_1121980_4PAC12000_12232015074922_6962271
2255394,Perfect aire,4PAC15000,,15100,Window,No,None,,11.8,12/15/2015,12/23/2015,"United States, Canada",ES_1121980_4PAC15000_12232015074934_6974251
2255396,Perfect aire,4PAC18000,,18000,Window,No,None,,11.8,12/15/2015,12/23/2015,"United States, Canada",ES_1121980_4PAC18000_12232015074946_6986081
2255397,Perfect aire,4PAC25000,,25000,Window,No,None,,10.3,12/15/2015,12/23/2015,"United States, Canada",ES_1121980_4PAC25000_12232015074958_6998564
2255387,Perfect aire,4PAC5000,,5000,Window,No,None,,12.1,12/15/2015,12/23/2015,"United States, Canada",ES_1121980_4PAC5000_12232015075024_7024216
2255388,Perfect aire,4PAC6000,,6000,Window,No,None,,12.1,12/15/2015,12/23/2015,"United States, Canada",ES_1121980_4PAC6000_12232015075036_7036860
2255390,Perfect aire,4PAC8000,,8000,Window,No,None,,12,12/15/2015,12/23/2015,"United States, Canada",ES_1121980_4PAC8000_12232015075049_7049800
2255395,Perfect aire,4PATW10000,,10000,Through the Wall,No,None,,10.6,12/15/2015,12/23/2015,"United States, Canada",ES_1121980_4PATW10000_12232015075103_7063492
2299007,Perfect aire,4PATW10002,,10000,Through the Wall,No,None,,10.6,7/4/2017,7/5/2017,"United States, Canada",ES_1121980_4PATW10002_07052017073919_0359296
2255386,Perfect aire,4PATW12000,,12000,Through the Wall,No,None,,10.5,12/15/2015,12/23/2015,"United States, Canada",ES_1121980_4PATW12000_12232015075114_7074272
2269824,Perfect aire,4PATW12002,,12000,Through the Wall,No,None,,10.5,6/10/2016,6/15/2016,"United States, Canada",ES_1121980_4PATW12002_06162016070910_0950622
2299005,Perfect aire,4PATW8000,,8000,Through the Wall,No,None,,10.6,7/4/2017,7/5/2017,"United States, Canada",ES_1121980_4PATW8000_07052017073858_0338253
2284687,Perfect aire,5PAC10000,,10000,Window,No,None,,12,11/22/2016,11/22/2016,"United States, Canada",ES_1121980_5PAC10000_11232016093903_3943520
2284686,Perfect aire,5PAC12000,,12000,Window,No,None,,12,11/22/2016,11/22/2016,"United States, Canada",ES_1121980_5PAC12000_11232016093927_3967383
2285669,Perfect aire,5SAC10000,,10000,Window,No,None,,12,12/7/2016,12/8/2016,"United States, Canada",ES_1121980_5SAC10000_12082016105206_4326653
2285670,Perfect aire,5SAC12000,,12000,Window,No,None,,12,12/7/2016,12/8/2016,"United States, Canada",ES_1121980_5SAC12000_12082016105220_4340272
2286752,Perfect Comfort,PCTTW08L0C2D,,8000,Through the Wall,No,None,,10.6,12/21/2016,12/21/2016,"United States, Canada",ES_17771_PCTTW08L0C1D_08152014002320_2200131
2286753,Perfect Comfort,PCTTW10L0C2D,,10000,Through the Wall,No,None,,10.6,12/21/2016,12/21/2016,"United States, Canada",ES_17771_PCTTW10L0C1D_08152014001400_1640855
2286754,Perfect Comfort,PCTTW12L0C2D,,12000,Through the Wall,No,None,,10.5,12/21/2016,12/21/2016,"United States, Canada",ES_17771_PCTTW12L0C1D_08152014000249_0969693
2255389,Polar Wind,MWEUK-06CRN1-BCL1,,6000,Window,No,None,,12.1,12/15/2015,12/20/2015,"United States, Canada",ES_21964_MWEUK-06CRN1-BCL1_12232015075125_7085913
2255391,Polar Wind,MWEUK-08CRN1-BCL0,,8000,Window,No,None,,12,12/15/2015,12/20/2015,"United States, Canada",ES_21964_MWEUK-08CRN1-BCL0_12232015075137_7097178
2283724,Polar Wind,MWFUK-06CRN1-BCL1,,6000,Window,No,None,,12.1,11/1/2016,11/10/2016,"United States, Canada",ES_21964_MWFUK-06CRN1-BCL1_11112016071947_8787964
2283725,Polar Wind,MWFUK-08CRN1-BCL0,,8000,Window,No,None,,12,11/1/2016,11/10/2016,"United States, Canada",ES_21964_MWFUK-08CRN1-BCL0_11112016072028_8828669
2297025,Rowa,RWAC-10CRA1/L0U(ES),,10000,Window,No,None,,12,6/2/2017,6/2/2017,United States,ES_1126578_RWAC-10CRA1/L0U(ES)_06052017082210_0930972
2297026,Rowa,RWAC-12CRA1/L0U(ES),,12000,Window,No,None,,12,6/2/2017,6/2/2017,United States,ES_1126578_RWAC-12CRA1/L0U(ES)_06052017082437_1077359
2297027,Rowa,RWAC-18CRA2//K8U(ES),,18000,Window,No,None,,11.8,6/2/2017,6/2/2017,United States,ES_1126578_RWAC-18CRA2//K8U(ES)_06052017082537_1137623
2260687,Sea Breeze,STW410AYRE,,10000,Through the Wall,No,None,,10.6,2/15/2016,2/18/2016,"United States, Canada",ES_1108715_STW410AYRE_02242016085047_3847127
2276508,Sea Breeze,STW410AZEB,,10000,Through the Wall,No,None,,10.6,8/20/2016,8/24/2016,"United States, Canada",ES_1108715_STW410AZEB_08252016214829_1709364
2260684,Sea Breeze,STW412AYRE,,12000,Through the Wall,No,None,,10.5,2/15/2016,2/18/2016,"United States, Canada",ES_1108715_STW412AYRE_02242016085111_3871129
2256679,Sea Breeze,WA412YREC,,12000,Window,No,None,,12,10/19/2015,11/2/2015,United States,ES_1108715_WA412YREC_01082016161922_7164575
2256682,Sea Breeze,WA415YREC,,15100,Window,No,None,,11.8,1/12/2016,12/22/2015,United States,ES_1108715_WA415YREC_01122016155341_4685327
2287356,Sea Breeze,WA415YRED,,15000,Window,No,None,,11.8,12/27/2016,12/27/2016,"United States, Canada",ES_1108715_WA415YRED_12292016090227_2147006
2256740,Sea Breeze,WA418ZREC,,18000,Window,No,None,,11.8,1/12/2016,1/14/2016,United States,ES_1108715_WA418ZREC_01122016155137_7358972
2256741,Sea Breeze,WA425ZREC,,25000,Window,No,None,,10.3,1/12/2016,12/22/2015,United States,ES_1108715_WA425ZREC_01122016154858_8762781
2256669,Sea Breeze,WA46YREC,,6000,Window,No,None,,12.1,1/8/2016,11/2/2015,United States,ES_1108715_WA46YREC_01082016155522_5899927
2287352,Sea Breeze,WA46YRED,,6000,Window,No,None,,12.1,12/27/2016,12/27/2016,"United States, Canada",ES_1108715_WA46YRED_12292016090259_2179097
2256670,Sea Breeze,WA48YREC,,8000,Window,No,None,,12,1/8/2016,11/2/2015,United States,ES_1108715_WA48YREC_01082016160254_9165613
2287354,Sea Breeze,WA48YRED,,8000,Window,No,None,,12,12/27/2016,12/27/2016,"United States, Canada",ES_1108715_WA48YRED_12292016090328_2208872
2289280,Soleus Air,WM1-06E-**,",WS1-06E-**,",6400,Window,No,None,,12.1,1/20/2017,1/24/2017,"United States, Canada",ES_1135749_WM1-06E-**_01252017033621_5381998
2289281,Soleus Air,WM1-08E-**,",WS1-08E-**,",8500,Window,No,None,,12,1/20/2017,1/24/2017,"United States, Canada",ES_1135749_WM1-08E-**_01252017033647_5407166
2289282,Soleus Air,WM1-10E-**,",WS1-10E-**,",10200,Window,No,None,,12,1/20/2017,1/24/2017,"United States, Canada",ES_1135749_WM1-10E-**_01252017033706_5426666
2289283,Soleus Air,WM1-12E2-**,",WS1-12E2-**,",12600,Window,No,None,,12,1/20/2017,1/24/2017,"United States, Canada",ES_1135749_WM1-12E2-**_01252017033720_5440085
2289284,Soleus Air,WM1-15E-**,",WS1-15E-**,",15400,Window,No,None,,11.8,1/20/2017,1/24/2017,"United States, Canada",ES_1135749_WM1-15E-**_01252017033734_5454042
2289285,Soleus Air,WM1-18E-**,",WS1-18E-**,",18300,Window,No,None,,11.8,1/20/2017,1/24/2017,"United States, Canada",ES_1135749_WM1-18E-**_01252017033745_5465882
2289279,Soleus Air,WM1-24E-**,",WS1-24E-**,",24700,Window,No,None,,10.3,1/20/2017,1/24/2017,"United States, Canada",ES_1135749_WM1-24E-**_01252017033805_5485630
2284192,SPT,WA-1022S1,,10000,Window,No,None,,12,11/15/2016,11/15/2016,"United States, Canada",ES_1084573_WA-1022S1_11162016044525_1525217
2284191,SPT,WA-1222S1,",WA-12FMS1,",12000,Window,No,None,,12,11/15/2016,11/15/2016,"United States, Canada",ES_1084573_WA-1222S1_11162016044018_1218812
2283157,TCL,TWAC-06CRA1/L1U(ES),,6000,Window,No,None,,12.1,10/30/2016,10/31/2016,United States,ES_1126578_TWAC-06CRA1/L1U(ES)_11022016023337_4017095
2283158,TCL,TWAC-08CRA1/L0U(ES),,8000,Window,No,None,,12,10/30/2016,10/31/2016,United States,ES_1126578_TWAC-08CRA1/L0U(ES)_11022016023355_4035085
2283159,TCL,TWAC-10CRA1/L0U(ES),,10000,Window,No,None,,12,10/30/2016,10/31/2016,United States,ES_1126578_TWAC-10CRA1/L0U(ES)_11022016023415_4055466
2283160,TCL,TWAC-12CRA1/L0U(ES),,12000,Window,No,None,,12,10/30/2016,10/31/2016,United States,ES_1126578_TWAC-12CRA1/L0U(ES)_11022016023439_4079201
2283161,TCL,TWAC-15CRA1/K8U(ES),,15000,Window,No,None,,11.8,10/30/2016,10/31/2016,United States,ES_1126578_TWAC-15CRA1/K8U(ES)_11022016023456_4096273
2283162,TCL,TWAC-18CRA2/K8U(ES),,18000,Window,No,None,,11.8,10/30/2016,10/31/2016,United States,ES_1126578_TWAC-18CRA2/K8U(ES)_11022016023511_4111052
2283163,TCL,TWAC-22CRA2/J3U(ES),,22000,Window,No,None,,10.3,10/30/2016,10/31/2016,United States,ES_1126578_TWAC-22CRA2/J3U(ES)_11022016023525_4125768
2283164,TCL,TWAC-24CRA2/J3U(ES),,24000,Window,No,None,,10.3,10/30/2016,10/31/2016,United States,ES_1126578_TWAC-24CRA2/J3U(ES)_11022016023540_4140967
2268162,TGM,MWDUT24BR2,,22000,Window,No,None,,10.3,5/20/2016,5/31/2016,"United States, Canada",ES_1127196_MWDUT24BR2_05312016095143_8303537
2302992,TGM,MWEUT15AR,,15100,Window,No,None,,11.8,8/28/2017,8/31/2017,"United States, Canada",ES_1127196_MWEUT15AR_08312017103845_5925431
2302994,TGM,MWEUT18BR,,18000,Window,No,None,,11.8,8/28/2017,8/31/2017,"United States, Canada",ES_1127196_MWEUT18BR_08312017103904_5944544
2302993,TGM,MWEUT24BR,,25000,Window,No,None,,10.3,8/28/2017,8/31/2017,"United States, Canada",ES_1127196_MWEUT24BR_08312017103922_5962605
2260686,Thermal Zone,STW410AYRE,,10000,Through the Wall,No,None,,10.6,2/15/2016,2/18/2016,"United States, Canada",ES_1108715_STW410AYRE_02242016085034_3834713
2276509,Thermal Zone,STW410AZEB,,10000,Through the Wall,No,None,,10.6,8/20/2016,8/24/2016,"United States, Canada",ES_1108715_STW410AZEB_08252016214925_1765178
2260683,Thermal Zone,STW412AYRE,,12000,Through the Wall,No,None,,10.5,2/15/2016,2/18/2016,"United States, Canada",ES_1108715_STW412AYRE_02242016085058_3858728
2256966,Thermal Zone,WA410YREC,,10000,Window,No,None,,12,12/22/2015,12/22/2015,United States,ES_1108715_WA410YREC_12172015155902_3682672
2256968,Thermal Zone,WA412YREC,,12000,Window,No,None,,12,12/22/2015,12/22/2015,United States,ES_1108715_WA412YREC_12172015160323_3506128
2256970,Thermal Zone,WA415YREC,,15100,Window,No,None,,11.8,12/22/2015,12/22/2015,United States,ES_1108715_WA415YREC_12172015160645_346948
2287357,Thermal Zone,WA415YRED,,15000,Window,No,None,,11.8,12/27/2016,12/27/2016,"United States, Canada",ES_1108715_WA415YRED_12292016090241_2161640
2255246,Thermal Zone,WA418ZREC,,18000,Window,No,None,,11.8,12/3/2015,12/3/2015,United States,ES_1108715_WA418ZREC_12172015170010_4756280
2255248,Thermal Zone,WA425ZREC,,25000,Window,No,None,,10.3,12/22/2015,12/22/2015,United States,ES_1108715_WA425ZREC_12172015171010_6357232
2256681,Thermal Zone,WA46YREC,,6000,Window,No,None,,12.1,12/22/2015,12/22/2015,United States,ES_1108715_WA46YREC_12172015155217_6841241
2287353,Thermal Zone,WA46YRED,,6000,Window,No,None,,12.1,12/27/2016,12/27/2016,"United States, Canada",ES_1108715_WA46YRED_12292016090312_2192945
2256963,Thermal Zone,WA48YREC,,8000,Window,No,None,,12,12/22/2015,12/22/2015,United States,ES_1108715_WA48YREC_12172015155607_3222467
2287355,Thermal Zone,WA48YRED,,8000,Window,No,None,,12,12/27/2016,12/27/2016,"United States, Canada",ES_1108715_WA48YRED_12292016090344_2224515
2262623,Toscana Air,57H-ID0-10CRN1/BCL0W,,10000,Window,No,None,,12,3/15/2016,3/16/2016,"United States, Canada",ES_1127347_57H-ID0-10CRN1/BCL0W_03182016212139_6099814
2262625,Toscana Air,57H-ID0-12CRN1/BCL0W,,12000,Window,No,None,,12,3/15/2016,3/16/2016,"United States, Canada",ES_1127347_57H-ID0-12CRN1/BCL0W_03182016212208_6128672
2303494,Toshiba,RAC-WK0811ESCWU,,8000,Window,No,None,,12,9/11/2017,9/11/2017,United States,ES_1138537_RAC-WK0811ESCWU_09122017081943_4383946
2303498,Toshiba,RAC-WK1011ESCWU,,10000,Window,No,None,,12,9/11/2017,9/11/2017,United States,ES_1138537_RAC-WK1011ESCWU_09122017081957_4397034
2303497,Toshiba,RAC-WK1211ESCWU,,12000,Window,No,None,,12,9/11/2017,9/11/2017,United States,ES_1138537_RAC-WK1211ESCWU_09122017082008_4408556
2303496,Toshiba,RAC-WK1511ESCRU,,15100,Window,No,None,,11.8,9/11/2017,9/11/2017,United States,ES_1138537_RAC-WK1511ESCRU_09122017082019_4419283
2303495,Toshiba,RAC-WK1821ESCRU,,18000,Window,No,None,,11.8,9/11/2017,9/11/2017,United States,ES_1138537_RAC-WK1821ESCRU_09122017082032_4432210
2265983,Whirlpool,WHAW061AW,,6000,Window,No,None,,12.1,3/5/2015,5/2/2016,United States,ES_1055302_WHAW061AW_05032016065400_8440815
2286522,Whirlpool,WHAW061BW,,6000,Window,No,None,,12.1,12/18/2016,12/16/2016,United States,ES_1055302_WHAW061BW_12192016123135_0695195
2286526,Whirlpool,WHAW081BW,,8000,Window,No,None,,12,12/18/2016,12/16/2016,United States,ES_1055302_WHAW081BW_12192016123148_0708086
2286532,Whirlpool,WHAW101BW,,10000,Window,No,None,,12,12/18/2016,12/16/2016,United States,ES_1055302_WHAW101BW_12192016123159_0719219
2286531,Whirlpool,WHAW121BW,,12000,Window,No,None,,12,12/18/2016,12/16/2016,United States,ES_1055302_WHAW121BW_12192016123217_0737613
2286530,Whirlpool,WHAW151BW,,15000,Window,No,None,,11.8,12/18/2016,12/16/2016,United States,ES_1055302_WHAW151BW_12192016123230_0750199
2286529,Whirlpool,WHAW182BW,,18000,Window,No,None,,11.8,12/18/2016,12/16/2016,United States,ES_1055302_WHAW182BW_12192016123242_0762243
2286528,Whirlpool,WHAW222BW,,22000,Window,No,None,,10.3,12/18/2016,12/16/2016,United States,ES_1055302_WHAW222BW_12192016123253_0773720
2286527,Whirlpool,WHAW242BW,,24000,Window,No,None,,10.3,12/18/2016,12/16/2016,United States,ES_1055302_WHAW242BW_12192016123304_0784869
