ES_ID,ES_Partner,Brand_Name,Model_Name,Model_Number,Additional_Model_Information,Dust-free Air Delivery Rate (cfm),Smoke-free Air Delivery Rate (cfm) ,Pollen-free Air Delivery (cfm) ,Dust_CADRPerWatt,Standy_Power_Watts,Total_Energy_Consumption_Watts,Date_Available,Date_Qualified,Markets,CB_Model_Identifier
2099510,Kaz Incorporated,Honeywell,HFD-110,HFD-110,,69,80,88,2.26,0.36,29,12/1/2008,10/26/2012,United States,ES_1026671_HFD-110_10262012101609_1435205
2099516,Kaz Incorporated,Honeywell,HFD-116C,HFD-116C,,69,80,88,2.26,0.36,29,7/1/2010,10/26/2012,Canada,ES_1026671_HFD-116C_10182012150622_3593713
2099512,Kaz Incorporated,Honeywell,HFD-120-Q,HFD-120-Q,"HD123GHD,,; HFD-120-TGT,,; HFD-120QC,,; HFD-122C,,; HFD120BWM,,; HFD140BC,,; HFD140BWM,,; HFD230B,,; HFD230BTG,,",100,110,132,2.56,0.479,43,8/1/2006,7/29/2014,United States,ES_1026671_HFD-120-Q_10262012102017_8796808
2257532,Kaz Incorporated,Honeywell,HFD280B,HFD280B,",HFD280BC,; ,HFD280BTG,; ,HFD280BWM,",95,98,84,6.8,0.6,15,3/5/2016,2/1/2016,"United States, Canada",ES_1026671_HFD280B_01292016175055_6702081
2100483,Kaz Incorporated,Honeywell,HFD300,HFD300,"HFD300C,,; HFD300WWM,,; HFD303C,HFD303C,",150,146,160,4.8,0.5,38,1/1/2012,5/27/2015,United States,ES_1026671_HFD300_10222012100426_8236810
2100482,Kaz Incorporated,Honeywell,HFD310,HFD310,"HFD310BWM,,; HFD310C,,",160,161,170,5,0.2,38,1/1/2012,8/1/2014,United States,ES_1026671_HFD310_10222012100251_4336358
2168164,Kaz Incorporated,Honeywell,HFD320,HFD320,",HD320BHD,; ,HFD322C,; ,HFD323-TGT,; ,HFD323C,",160,161,170,4,0.3,38,1/1/2012,4/11/2012,United States,ES_1026671_HFD320_01092013151141_8128320
2302819,Kaz Incorporated,Honeywell,HFD360B,HFD360B,",HFD360BC,",166,169,149,4.3,0.9,42,10/16/2017,8/28/2017,"United States, Canada",ES_1026671_HFD360B_08222017144806_2476617
2099571,Kaz Incorporated,Honeywell,HHT-055,HHT-055,,68,49,80,2.4,0.6,32,2/1/2011,10/26/2012,United States,ES_1026671_HHT-055_10222012111906_8088342
2099518,Kaz Incorporated,Honeywell,HHT-155,HHT-155,,146,118,148,2.84,0.53,57,6/15/2010,10/26/2012,United States,ES_1026671_HHT-155_10182012151134_8262903
2099575,Kaz Incorporated,Honeywell,"HHT-155,HHT-155-SMS","HHT-155,HHT-155-SMS",,146,118,148,2.84,0.6,57,3/25/2011,10/26/2012,United States,"ES_1026671_HHT-155,HHT-155-SMS_10222012113709_4221612"
2198492,Kaz Incorporated,Honeywell,HHT270WHD,HHT270WHD,",HHT270GC,; ,HHT270GCD1,; ,HHT270W,; ,HHT270WC,; ,HHT270WCD1,",68,55,65,2.4,0.01,33,1/1/2013,12/12/2013,United States,ES_1026671_HHT270WHD_12122013100506_6976739
2198493,Kaz Incorporated,Honeywell,HHT290WHD,HHT290WHD,",HHT290WC,; ,HHT290WCD1,",118,110,90,2.9,0.25,57,1/1/2013,12/12/2013,United States,ES_1026671_HHT290WHD_12122013095100_5546838
2297594,Kaz Incorporated,Honeywell,HPA020B,HPA020B,",HPA020BC,",63,53,53,2.5,0,32,8/1/2017,6/15/2017,"United States, Canada","ES_1026671_HPA020B, HPA020BC_06132017152702_4023553"
2297463,Kaz Incorporated,Honeywell,HPA030B,HPA030B,",HPA030BC,",124,110,117,2.7,0.3,54,8/1/2017,6/13/2017,"United States, Canada","ES_1026671_HPA030B, HPA030BC, HHT290WHD_06012017160913_2630273"
2175295,Kaz Incorporated,Honeywell,HPA060,HPA060,"HPA060BWM,HPA060BWM,; HPA060C,HPA060C,; HPA061-TGT,HPA061-TGT,; HPA064C,HPA064C,; HPA074C,HPA074C,",62,48,75,2.2,0.6,30,3/1/2013,5/27/2015,United States,ES_1026671_HPA060_03122013115140_1946222
2172980,Kaz Incorporated,Honeywell,HPA094,HPA094,",HA106WHD,; ,HPA094WMP,; ,HPA100,; ,HPA100C,; ,HPA101-TGT,; ,HPA104,; ,HPA104C,; ,HPA104WMP,; ,HPA105-TGT,",106,100,100,2.2,0.2,52,1/14/2013,2/13/2013,United States,ES_1026671_HPA094_02132013152724_8914758
2099519,Kaz Incorporated,Honeywell,HPA-150,HPA-150,,125,110,130,2.6,,54,11/1/2010,10/26/2012,United States,ES_1026671_HPA-150_10182012151323_4890863
2175296,Kaz Incorporated,Honeywell,HPA160,HPA160,",HPA160C,; ,HPA161-TGT,; ,HPA164C,",120,110,130,2.4,0.2,54,3/1/2013,3/11/2013,United States,ES_1026671_HPA160_03132013104253_9537774
2225317,Kaz Incorporated,Honeywell,HPA200,HPA200,",HA202BHD,; ,HPA200BWM,; ,HPA200C,; ,HPA201-TGT,; ,HPA204,; ,HPA204C,",190,200,180,2.5,0.2,84,1/14/2013,11/11/2014,United States,ES_1026671_HPA200_11112014154909_966455
2209559,Kaz Incorporated,Honeywell,HPA250B,HPA250B,",HPA250BC,",234,220,249,2.7,0.9,87,4/1/2014,4/2/2014,"United States, Canada",ES_1026671_HPA250B_04232014174817_9524499
2172684,Kaz Incorporated,Honeywell,HPA300,HPA300,",HA300BHD,; ,HPA300C,; ,HPA300VP,",320,300,300,2.7,0.3,127,4/1/2012,2/12/2013,United States,"ES_1026671_HPA300, HPA300C_02122013144528_9690515"
2302818,Kaz Incorporated,Honeywell,HPA600B,HPA600B,,184,210,205,4.9,0.6,44,11/15/2017,8/28/2017,United States,ES_1026671_HPA600B_08232017102951_7774316
2215082,Kenmore,Kenmore,437.8339441,437.8339441,,111,111,113,2.3,0.2,49,8/1/2014,7/10/2014,United States,ES_15649_437.83394410_05162014113645_4273797
2215083,Kenmore,Kenmore,437.8339541,437.8339541,,191,182,191,2.3,0.2,84,8/1/2014,7/10/2014,United States,ES_15649_437.83395410_05162014133112_7085077
2215084,Kenmore,Kenmore,437.8339641,437.8339641,,229,205,251,2.3,0.2,101,8/1/2014,7/10/2014,United States,ES_15649_437.83396410_05162014133903_4569665
2245392,Lasko Products,Ionic Comfort,203833-01,203833-01,",203833-02,",150,135,165,8.8,0.2,20,7/20/2015,8/10/2015,United States,ES_1124711_203833-01_07292015104339_9138452
2192887,Lasko Products,Ionic Comfort Plus,A501,A501,,100,85,100,7.9,0.3,13,1/1/2013,10/23/2013,United States,ES_1124711_A501_10212013161418_2611810
2216862,Lasko Products,Ionic Comfort Plus,A502,A502,,100,85,100,7.9,0.3,13,1/1/2013,10/23/2013,United States,ES_1124711_A502_06232014101041_510522
2188602,Lasko Products,Ionic Comfort Plus,A551,A551,,193,170,200,9.2,0.3,21,1/1/2013,8/7/2013,United States,ES_1124711_A551_08072013134908_8041345
2216861,Lasko Products,Ionic Comfort Plus,A552,A552,,193,170,200,9.2,0.3,21,1/1/2013,8/7/2013,United States,ES_1124711_A552_06202014182217_1660272
2214158,Lasko Products,Lasko,HF25620,HF25620,,129,99,140,3.7,0.6,35,5/30/2014,6/26/2014,United States,ES_1124711_HF25620_04232014130928_6455499
2215392,Lasko Products,Lasko,HF25630,HF25630,,125,104,130,3.4,0.6,41,5/30/2014,4/22/2014,United States,ES_1124711_HF25630_04232014131803_219842
2260155,"LG Electronics, Inc.",LG,AS401VSA0,AS401VSA0,",AS401VGA1,",205,160,215,5.1,0.4,40,1/28/2016,2/2/2016,United States,ES_1118034_AS401VSA0_02022016111845_2172510
2268449,"LG Electronics, Inc.",LG,AS401WWA1,AS401WWA1,,175,140,160,5.5,0.3,32,5/16/2016,6/1/2016,United States,ES_1118034_AS401WWA1_05172016105622_8558008
2260512,Lowe's Home Improvement,Idylis,AC-2118,AC-2118,",560907,IDYLIS model AC-2118 and the Lowes Marketed Model 560907 are equivalent",358,314,404,2.7,1.9,131,9/1/2014,9/9/2014,United States,ES_1114486_AC-2118_02162016160510_3717462
2260510,Lowe's Home Improvement,Idylis,AC-2119,AC-2119,",561212,IDYLIS model AC-2119 and the Lowes Marketed Model 561212 are equivalent",254,215,272,3,0.6,86,9/1/2014,9/6/2014,United States,ES_1114486_AC-2119_02162016154936_2876855
2286895,Lowe's Home Improvement,Idylis,IAP-GG-125,IAP-GG-125,,139,125,149,2.2,,62,10/1/2009,6/2/2011,"United States, Canada",ES_1114486_IAP-GG-125_12222016153023_4201801
2100478,Master Brands Group Corporation,Whirlpool,AP25030K,AP25030K,,215,205,224,2.8,0,77,2/1/2010,10/26/2012,United States,ES_1109888_AP25030K_10222012111748_5947381
2100480,Master Brands Group Corporation,Whirlpool,AP45030K,AP45030K,,328,315,354,3.4,0,97,2/1/2010,10/26/2012,United States,ES_1109888_AP45030K_10222012112508_555993
2100476,Master Brands Group Corporation,Whirlpool,AP51030K,AP51030K,,325,315,401,3.3,0.7,102,2/1/2010,10/26/2012,"United States, Australia, New Zealand, Switzerland, Europe, Taiwan, Japan, Canada",ES_1109888_AP51030K_10222012110156_6336786
2188119,Master Brands Group Corporation,Whirlpool,APMT2001M,APMT2001M,,76,52,70,2.6,0.7,29,8/8/2011,8/14/2013,"United States, Australia, New Zealand, Switzerland, Europe, Taiwan, Japan, Canada",ES_1109888_APMT2001M_10222012113201_2211419
2099578,Master Brands Group Corporation,Whirlpool,"APT40010R, APT30010M, APT42010M","APT40010R, APT30010M, APT42010M",,136,123,150,2.6,1.6,52,8/1/2011,10/26/2012,"United States, Australia, New Zealand, Switzerland, Europe, Taiwan, Japan, Canada","ES_1109888_APT40010R, APT30010M, APT42010M_10222012112820_5163843"
2189852,NUK USA LLC,NUK,78105,78105,,82,70,76,2.16,0.4,38,8/26/2013,7/26/2011,United States,ES_1124747_78105_09042013112912_9259759
2217240,Oransi,ORANSI,ERIK Ultra,ERIK Ultra,,381,372,385,2.23,0.01,171,9/1/2013,8/12/2014,"United States, Canada",ES_1126475_ERIK Ultra_08012014152732_4786188
2244618,Oransi,ORANSI,OVHM80,OVHM80,,196,182,208,2.1,0.5,93,3/15/2011,7/27/2015,United States,ES_1126475_OVHM80_07272015104028_7437402
2292599,"Philips Consumer Lifestyle, a Division of Philips Electronics North America Corp",PHILIPS,AC1214,AC1214,",AC1213/40,; ,AC1213/42,; ,AC1214/40,; ,AC1214/41,",158,142,166,5.7,0.6,29,3/1/2017,3/16/2017,"United States, Canada",ES_42717_AC1214_12092016151014_739099
2292598,"Philips Consumer Lifestyle, a Division of Philips Electronics North America Corp",PHILIPS,AC2885/40,AC2885/40,",AC2889/10,; ,AC2889/40,; ,AC2889/41,",179,198,211,4.3,0.5,44,10/13/2016,3/16/2017,"United States, Europe, Canada",ES_42717_AC2885/40_12082016161333_5056421
2190991,Rabbit Air,Rabbit Air,SPA-550A,SPA-550A,,149,136,162,5.1,0.3,29,1/1/2013,9/13/2013,United States,ES_1037223_SPA-550A_09092013134958_7429773
2190992,Rabbit Air,Rabbit Air,SPA-625A,SPA-625A,,165,152,189,4.3,0.3,40,1/1/2013,9/13/2013,United States,ES_1037223_SPA-625A_09092013132948_5923578
2022750,Rabbit Air,Rabbit Air,SPA-700A,SPA-700A,,181,161,171,3.9,0.4,47,6/1/2007,10/4/2012,United States,ES_1037223_SPA-700A_10042012153209_4026910
2022751,Rabbit Air,Rabbit Air,SPA-780A,SPA-780A,,202,185,201,3.3,0.5,62,9/1/2008,10/4/2012,United States,ES_1037223_SPA-780A_10042012153719_8228875
2292654,Rabbit Air,Rabbit Air,SPA-780N,SPA-780N,,185.2,168.9,168.2,3.5,0.3,53,1/26/2011,3/17/2017,"United States, Canada",ES_1037223_SPA-780N_02162017112748_1450464
2022746,Royal Appliance Mfg. Co.,Oreck,Air 108,Air 108,,170,152,191,4.3,0.5,40,10/15/2011,10/4/2012,"United States, Canada",ES_1102875_Air 108_10042012143657_815698
2022738,Royal Appliance Mfg. Co.,Oreck,Air 16,Air 16,,161,135,190,5,0.5,32,9/1/2011,10/4/2012,"United States, Canada",ES_1102875_Air 16_10032012150954_1003534
2290055,Royal Appliance Mfg. Co.,Oreck,WK16000,WK16000,,116.3,90.5,119.5,2.3,0.2,51,1/10/2017,2/3/2017,United States,ES_1102875_WK16000_01302017235347_4239923
2290056,Royal Appliance Mfg. Co.,Oreck,WK16001,WK16001,",WK16001CA,",152.3,132.6,158.4,2.5,0.2,62,1/10/2017,1/31/2017,"United States, Canada",ES_1102875_WK16001_01312017110658_8237726
2290057,Royal Appliance Mfg. Co.,Oreck,WK16002,WK16002,,210.9,192.2,222.4,2.2,0.2,96,1/10/2017,2/3/2017,United States,ES_1102875_WK16002_01312017131001_7094372
2022744,Sharp Electronics Corporation,Sharp,FP-A80U,FP-A80U,,303,293,360,3.3,0.3,94,9/1/2011,10/4/2012,United States,ES_41229_FP-A80U_10042012141237_9582635
2252844,Sharp Electronics Corporation,Sharp,FP-F50U-W,FP-F50U-W,,153,133,155,2.4,0.3,64,11/1/2015,11/17/2015,"United States, Canada",ES_41229_FP-F50U-W_11112015140541_618249
2247351,Sharp Electronics Corporation,Sharp,FP-F60U-W,FP-F60U-W,,195,181,203,3.7,0.3,53,8/28/2015,9/3/2015,"United States, Canada",ES_41229_FP-F60U-W_08282015130859_5423242
2170549,Sharp Electronics Corporation,Sharp,KC-850U,KC-850U,,164,164,174,3.28,0.4,50,11/1/2010,1/29/2013,United States,ES_41229_KC-850U_10262012105933_346948
2170550,Sharp Electronics Corporation,Sharp,KC-860U,KC-860U,,150,147,155,4.3,0.3,35,2/1/2010,1/29/2013,United States,ES_41229_KC-860U_10262012110914_9912073
2257530,"SheerAIRE America, LLC",SheerAIRE,AC-2045DC,AC-2045DC,,232,213,251,4.5,0.5,55,3/1/2016,1/29/2016,"United States, Canada",ES_1133488_AC-2045DC***_01282016114245_8169519
2265372,"SheerAIRE America, LLC",SheerAIRE,AC-2136,AC-2136,,100,100,100,2,0.1,49,3/1/2016,4/25/2016,"United States, Canada",ES_1133488_AC-2136***_04202016154121_7024499
2260606,"SheerAIRE America, LLC",SheerAIRE,AC-2137,AC-2137,,150,150,150,2.1,0.2,76,3/1/2016,2/23/2016,"United States, Canada",ES_1133488_AC-2137***_02172016102853_808832
2246524,"Sunbeam Products, Inc. dba Jarden Consumer Solutions",Bionaire,BAP535UV,BAP535UV,",BAP536UV,",153,152,174,2.6,0.4,59,8/19/2015,8/26/2015,United States,ES_1022399_BAP535UV_08242015111353_1210748
2100469,"Sunbeam Products, Inc. dba Jarden Consumer Solutions",Bionaire,BAP600,BAP600,,82,70,76,2.16,0.4,38,9/12/2012,7/26/2011,United States,ES_1022399_BAP600_10222012103731_6329462
2099509,"Sunbeam Products, Inc. dba Jarden Consumer Solutions",Bionaire,BAP925-CN,BAP925-CN,,174,168,140,2.18,1.3,80,9/1/2010,10/26/2012,United States,ES_1022399_BAP925-CN_10222012132935_6843225
2099506,"Sunbeam Products, Inc. dba Jarden Consumer Solutions",Bionaire,HAP 726-U,HAP 726-U,,174,168,140,2.05,1.3,85,8/1/2005,10/26/2012,United States,ES_1022399_HAP 726-U_10222012132413_5118829
2100468,"Sunbeam Products, Inc. dba Jarden Consumer Solutions",Holmes,HAP600,HAP600,",HAP600B,; ,HAP601,",82,70,76,2.16,0.4,38,10/15/2011,7/26/2011,United States,ES_1022399_HAP600_10222012103731_9147607
2099508,"Sunbeam Products, Inc. dba Jarden Consumer Solutions",Holmes,HAP756-U,HAP756-U,,275,270,230,2.39,1.3,115,11/1/2003,10/26/2012,United States,ES_1022399_HAP756-U_10222012132801_3234216
2297438,"Sunbeam Products, Inc. dba Jarden Consumer Solutions",Holmes,HAP769,HAP769,,259,245,260,2.3,0.2,113,9/1/2017,6/12/2017,United States,ES_1022399_HAP769_06012017161129_2953760
2099553,WINIX Inc.,Electrolux,EL500AZ,EL500AZ,,262,261,253,2.096,1,125,12/17/2008,10/26/2012,United States,ES_1027545_EL500AZ_10222012092952_5770990
2099576,WINIX Inc.,Fellowes,AP-230PH,AP-230PH,,165,150,164,3.44,1.2,55,6/14/2011,10/26/2012,"United States, Canada",ES_1027545_AP-230PH_10032012144945_5416223
2099577,WINIX Inc.,Fellowes,AP-300PH,AP-300PH,,202,194,193,3.21,1.2,76,6/14/2011,10/26/2012,"United States, Canada",ES_1027545_AP-300PH_10222012100721_3147088
2099551,WINIX Inc.,Winix,5300,5300,,248,235,251,4.1,1,60,6/15/2009,10/26/2012,United States,ES_1027545_5300_10222012092438_4344293
2238438,Access Business Group,Atmosphere,101076**,101076**,,250,250,250,5.3,0.7,52,1/1/2005,4/30/2015,"United States, Australia, New Zealand, Switzerland, Europe, Taiwan, Japan, Canada",ES_1025068_101076**_04302015111301_7558252
2301666,Access Business Group,Atmosphere,120539**,120539**,,300,300,300,6.7,1.7,48,6/22/2017,8/7/2017,"United States, Australia, New Zealand, Europe, Taiwan, Japan, Canada",ES_1025068_120539**_06282017160801_651666
2238861,Aerus LLC,Aerus,Guardian Air Platinum F159D,Guardian Air Platinum F159D,",Beyond Guardian Air F159E,",188,181,231,2.3,0,81,11/1/2014,5/7/2015,"United States, Australia, New Zealand, Switzerland, Europe, Taiwan, Japan, Canada",ES_1023903_Guardian Air Platinum F159D_05072015121213_2956048
2233222,Aerus LLC,Blueair,603,603,,400,450,450,4.2,0,110,8/24/2009,2/17/2015,"United States, Australia, Switzerland, Europe, Taiwan, Japan",ES_1023903_603_02102015160550_4385492
2233223,Aerus LLC,Blueair,650E,650E,,400,450,450,4.2,0,110,8/24/2009,2/17/2015,"United States, Australia, Switzerland, Europe, Taiwan, Japan",ES_1023903_650E_02102015160550_4432184
2253912,Airgle Corporation,Airgle,AG500,AG500,",AG500S,",253,238,239,5.7,1.5,45,11/1/2015,11/30/2015,"United States, Canada",ES_1077309_AG500_11252015160226_5737726
2253915,Airgle Corporation,Airgle,AG550,AG550,",AG550S,",235,196,224,5.6,1.5,43,9/1/2017,11/30/2015,"United States, Canada",ES_1077309_AG550_11252015164227_5836603
2253916,Airgle Corporation,Airgle,AG600,AG600,",AG600S,",197,191,191,3.5,1.5,57,11/1/2015,11/30/2015,"United States, Canada",ES_1077309_AG600_11252015164618_4600488
2149198,Airgle Corporation,Airgle,AG800,AG800,,400,450,450,2.1,0.4,194,4/15/2011,11/28/2012,United States,ES_1077309_AG800_10052012104530_1563379
2151496,Airgle Corporation,Airgle,AG850,AG850,,400,438,450,2.1,0.4,189,1/16/2012,12/5/2012,United States,ES_1077309_AG850_12052012161030_9318658
2149199,Airgle Corporation,Airgle,AG900,AG900,,400,398,379,2.2,0.4,181,9/1/2017,9/10/2012,United States,ES_1077309_AG900_10052012110634_8572198
2217761,Alen Corporation,Alen,BreatheSmart Fit50,BreatheSmart Fit50,,193.9,188,222.3,2.9,1.2,65,8/1/2014,8/22/2014,United States,ES_1059643_BreatheSmart Fit50_07242014173831_6442834
2187086,Alen Corporation,Alen,BreatheSmart KJF40A01,BreatheSmart KJF40A01,,279,256,301,2.3,1.6,120,8/1/2012,8/31/2012,United States,ES_1059643_BreatheSmart KJF40A01_08302012160600_1614953
2168622,Alen Corporation,Alen,Paralda,Paralda,,110,106,88,2,1,55,1/1/2012,1/15/2013,United States,ES_1059643_Paralda_01142013105538_7613641
2188683,Alen Corporation,Alen,T500 9903,T500 9903,,142,121,159,2.7,0.8,53,1/1/2013,8/22/2013,United States,ES_1059643_T500 9903_08192013142612_3796502
2307513,Alford Industries Ltd.,Nectar,HexaDuo,HexaDuo,",AP360C,; ,AP360CX,; ,AP360S,; ,HexaDuo Smart,",161,159,175,8.4,1.4,19,11/13/2017,12/7/2017,"United States, Canada",ES_1140705_HexaDuo_11152017105343_6816675
2290363,Aroma International Limited,Whirlpool,WP1000*,WP1000*,,343,314,344,3,0.8,112,1/20/2017,2/10/2017,United States,ES_1138820_WP1000_02072017154856_4626275
2289154,Aroma International Limited,Whirlpool,WP500*,WP500*,,328.5,309.6,331.7,3.2,0.8,104,1/20/2017,1/23/2017,"United States, Canada",ES_1138820_WP500*_01202017012444_4152337
2289156,Aroma International Limited,Whirlpool,WPPRO2000*,WPPRO2000*,,336,328,350,3.1,1.3,110,1/20/2017,1/23/2017,"United States, Canada",ES_1138820_WPPRO2000*_01202017021123_6342889
2305412,Aroma International Limited,Whirlpool,WPT60*,WPT60*,,86,77,86,2.6,0.2,33,11/1/2017,10/23/2017,"United States, Canada",ES_1138820_WPT60*_10202017081944_7992212
2305409,Aroma International Limited,Whirlpool,WPT80*,WPT80*,,152,142,164,3.6,0.4,43,11/1/2017,10/23/2017,"United States, Canada",ES_1138820_WPT80*_10202017082548_6730310
2294507,ASEPT-AIR INC.,Life Cell,LC1550PPWH,LC1550PPWH,",LC2550PPNS,",203.7,165,216.4,2.3,0.6,89,1/29/2016,2/8/2017,"United States, Canada",ES_1138794_LC1550PPWH_02032017130912_9992944
2294509,ASEPT-AIR INC.,Life Cell,LC1550UVPCNS,LC1550UVPCNS,",LC1550UVPCWH,",188.9,167.5,198.5,2.2,1.8,86,1/29/2016,2/8/2017,"United States, Canada",ES_1138794_LC1550UVPCNS_02032017114503_9187433
2226106,Blueair Inc.,BLUE,BLA121,BLA121,,400,400,400,6.6,0.2,61,11/1/2014,11/24/2014,"United States, Australia, New Zealand, Switzerland, Europe, Taiwan, Japan, Canada",ES_1022565_BLA121_11242014125239_3193170
2226105,Blueair Inc.,BLUE,BLA211,BLA211,,350,350,350,5.7,0.2,61,11/1/2014,11/24/2014,"United States, Australia, New Zealand, Switzerland, Europe, Taiwan, Japan, Canada",ES_1022565_BLA211_11242014124213_2938653
2099557,Blueair Inc.,Blueair,103,103,"F179A,F179A,",120,100,110,4,,27,1/1/2011,1/16/2013,United States,ES_1022565_103_10222012141912_7864038
2099558,Blueair Inc.,Blueair,203,203,,155,155,155,2.48,,74,7/1/2009,3/31/2011,United States,ES_1022565_203_10222012142226_790826
2260761,Blueair Inc.,Blueair,205,205,",280i,",200,180,200,2.7,0.6,79,5/1/2016,2/25/2016,"United States, Australia, New Zealand, Switzerland, Europe, Taiwan, Japan, Canada","ES_1022565_205, 280i_02222016105504_9778406"
2205169,Blueair Inc.,Blueair,270E,270E,,155,155,155,2.48,,74,7/1/2009,3/31/2011,United States,ES_1022565_270E_02272014113656_5656396
2099561,Blueair Inc.,Blueair,403,403,,240,240,240,2.5,,96,7/1/2009,3/31/2011,United States,ES_1022565_403_10222012143341_5359765
2260732,Blueair Inc.,Blueair,405,405,",480i,",300,280,300,3.6,0.8,91,5/1/2016,2/25/2016,"United States, Australia, New Zealand, Switzerland, Europe, Taiwan, Japan, Canada","ES_1022565_405, 480i_02222016110026_1787073"
2205170,Blueair Inc.,Blueair,410B,410B,"450E,,; 455EB,,",240,240,240,2.5,,96,7/1/2009,3/31/2011,United States,ES_1022565_410B_02272014112822_7029382
2099562,Blueair Inc.,Blueair,450E,450E,,240,240,240,2.5,0,96,7/1/2009,3/31/2011,United States,ES_1022565_450E_10222012143746_2355157
2099563,Blueair Inc.,Blueair,503,503,,375,375,375,3.968,,120,7/1/2009,10/26/2012,United States,ES_1022565_503_10222012143942_8067743
2255399,Blueair Inc.,Blueair,505,505,,400,450,450,3.9,0.5,102,1/31/2016,12/23/2015,"United States, Australia, New Zealand, Switzerland, Europe, Taiwan, Japan, Canada",ES_1022565_505_12142015120047_7569085
2222303,Blueair Inc.,Blueair,550E,550E,,425,434,512,3.7,0.21,114,9/1/2014,10/24/2014,"United States, Australia, New Zealand, Switzerland, Europe, Taiwan, Japan, Canada",ES_1022565_550E_09182014135057_8600732
2255409,Blueair Inc.,Blueair,605,605,",660,; ,660i,; ,680i,",400,450,450,3.9,0.4,103,1/31/2016,12/23/2015,"United States, Australia, New Zealand, Switzerland, Europe, Taiwan, Japan, Canada",ES_1022565_605_12142015122935_7931939
2099560,Blueair Inc.,Blueair,EC010,EC010,,195,140,200,19.5,,10,9/1/2007,3/31/2011,United States,ES_1022565_EC010_10222012143153_7776910
2217234,Blueair Inc.,Blueair,Pro L,Pro L,,400,450,450,3.6,0.1,171,1/10/2014,8/12/2014,"United States, Australia, New Zealand, Switzerland, Europe, Taiwan, Japan, Canada",ES_1022565_Pro L_07152014180759_7162134
2217235,Blueair Inc.,Blueair,Pro M,Pro M,,252.6,286.9,352.5,3.2,0.1,87,1/10/2014,8/12/2014,"United States, Australia, New Zealand, Switzerland, Europe, Taiwan, Japan, Canada",ES_1022565_Pro M_07152014173637_9170343
2214157,Blueair Inc.,Blueair,Pro XL,Pro XL,,400,450,450,2,0.1,254,7/1/2014,6/26/2014,"United States, Australia, New Zealand, Switzerland, Europe, Taiwan, Japan, Canada",ES_1022565_Pro XL_05122014121930_9542657
2290350,Blueair Inc.,Blueair,Pure 121,Pure 121,,400,400,400,6.3,0.2,61,10/27/2016,2/9/2017,"United States, Canada",ES_1022565_Pure 121_02022017093757_7762719
2290354,Blueair Inc.,Blueair,Pure 211,Pure 211,,350,350,350,6.3,0.2,61,10/27/2016,2/9/2017,"United States, Canada",ES_1022565_Pure 211_02022017100532_6652948
2291484,Blueair Inc.,Blueair,Pure 221,Pure 221,,350,350,350,6.5,0.2,61,10/27/2016,2/27/2017,"United States, Canada",ES_1022565_Pure 221_02022017144840_8836328
2056881,Blueair Inc.,Blueair,S1,S1,,100,100,100,4.3,0.1,28,1/1/2012,10/12/2012,United States,ES_1022565_S1_10032012130146_1006280
2238045,Blueair Inc.,Blueair,Sense+,Sense+,,140,120,150,3.2,0.4,46,6/15/2015,4/27/2015,"United States, Australia, New Zealand, Switzerland, Europe, Taiwan, Japan, Canada",ES_1022565_Sense+_04132015084710_6739007
2293457,Bluestem Brands Inc.,Master Craft,AC-2045DC,AC-2045DC,,232,213,251,4.5,0.5,55,10/30/2016,1/29/2016,United States,ES_1139258_AC-2045DC_01282016114245_0162518
2293459,Bluestem Brands Inc.,Master Craft,AC-2136,AC-2136,,100,100,100,2,0.1,49,10/30/2016,4/25/2016,United States,ES_1139258_AC-2136_04202016154121_5024194
2293455,Bluestem Brands Inc.,Master Craft,AC-2137,AC-2137,,150,150,150,2.1,0.2,76,10/30/2016,2/23/2016,United States,ES_1139258_AC-2137_02172016102853_301872
2290340,BONECO AG,Boneco,P400A,P400A,,138,113,143,5.5,0.4,25,1/20/2017,2/9/2017,"United States, Canada",ES_1130127_P400A_02022017112944_2958490
2290341,BONECO AG,Boneco,P400B,P400B,,125,112,132,5.8,0.4,22,1/20/2017,2/9/2017,United States,ES_1130127_P400B_01302017121858_9835931
2290343,BONECO AG,Boneco,P400S,P400S,,147,122,169,5.6,0.4,26,1/20/2017,2/9/2017,United States,ES_1130127_P400S_01302017122543_3636743
2266083,BONECO AG,Boneco,P500 S,P500 S,,167,150,189,4.9,0.4,35,11/24/2014,5/4/2016,"United States, Switzerland, Canada",ES_1130127_P500 S_12212015174815_1462060
2291670,"Brondell, Inc",Brondell,Halo PH10-B,Halo PH10-B,,177,156,187,2,0.2,87,9/22/2011,2/27/2017,"United States, Canada",ES_1130942_Halo PH10_02272017092418_1714593
2234371,"Brondell, Inc",Brondell,P300-*,P300-*,",P400-*,",163,157,172,3.8,0.8,44,4/1/2015,3/6/2015,"United States, Canada",ES_1130942_P300-*_01222015135515_4472925
2218571,"Brookstone Purchasing, Inc.",Pure Ion Pro,630285,630285,,234,188,347,6.3,0.2,37,7/15/2010,9/3/2014,United States,ES_1090487_630285_09032014150847_6614954
2297414,"Brookstone Purchasing, Inc.",Pure Ion Pro,HA103A4WHA,HA103A4WHA,,164,169,181,6.5,0.7,25,11/25/2016,6/12/2017,"United States, Canada",ES_1090487_HA103A4WHA_02062017104117_2316400
2255196,"Coway Co., Ltd.",AIRMEGA,300S(AP-1515G),300S(AP-1515G),",300(AP-1515H),",305.7,309,339.3,5.4,0.2,57,12/7/2015,12/18/2015,United States,ES_1071392_AP-1515G_12072015135221_6459466
2255198,"Coway Co., Ltd.",AIRMEGA,400S(AP-2015E),400S(AP-2015E),",400(AP-2015F(SILVER_US)),; ,400(AP-2015F),; ,400S(AP-2015E(SILVER_US)),",328.2,328.2,399.7,5.1,0.2,64,12/7/2015,12/18/2015,United States,ES_1071392_AP-2015E_12082015123125_7332879
2248507,"Coway Co., Ltd.",Coway,AP-1013A,AP-1013A,,151,134,156,3.8,0.4,39,9/18/2015,9/25/2015,United States,ES_1071392_AP-1013A_08272015101322_5735895
2175950,"Coway Co., Ltd.",Coway,AP-1503CHE,AP-1503CHE,"AP-1511FHE,AP-1511FHE,",234,227,256,3.4,1,69,2/1/2013,3/26/2013,United States,ES_1071392_AP-1503CHE_03212013140812_3815729
2168548,"Coway Co., Ltd.",Coway,AP-1512HH,AP-1512HH,",AP-1512HH*,",246,233,240,3.1,0.5,79,1/1/2012,1/7/2013,United States,ES_1071392_AP-1512HH_01072013103751_397149
2280451,"Coway Co., Ltd.",Coway,AP-1516D,AP-1516D,,302.4,263.5,342.7,4.6,0.2,66,1/11/2016,9/8/2016,"United States, Canada",ES_1071392_AP-1516D_09302016123727_1285211
2302855,"Coway Co., Ltd.",Coway,AP-1717B,AP-1717B,,375,347,449,6,0.2,64,9/8/2017,8/29/2017,United States,ES_1071392_AP-1717B_08232017123834_2736474
2268450,"Coway Co., Ltd.","Coway Co., Ltd",AP-1216L,AP-1216L,,235,213,262,4.6,0.6,50,7/25/2016,6/1/2016,"United States, Australia, New Zealand, Switzerland, Europe, Taiwan, Japan, Canada",ES_1071392_AP-1216L_05312016132135_6223718
2177292,"Coway Co., Ltd.",Woongjin,AP-0510IH,AP-0510IH,,140,117,164,2.7,0.2,55,11/1/2011,4/10/2013,United States,ES_1071392_AP-0510IH_04102013155226_2905084
2168547,"Coway Co., Ltd.",Woongjin Coway,AP-0512NH,AP-0512NH,,122,109,121,2.3,0.2,52,1/1/2012,3/11/2013,United States,ES_1071392_AP-0512NH_01072013101348_6244317
2100486,"Coway Co., Ltd.",Woongjin Coway,AP-1012GH,AP-1012GH,,175,170,191,2,0.7,88,1/1/2012,3/11/2013,United States,ES_1071392_AP-1012GH_10042012115504_3511926
2208859,Electrolux Home Products,Electrolux,ELAP15D7PW,ELAP15D7PW,,98,98,103,2.45,1,40,10/15/2009,1/16/2013,United States,ES_1021080_ELAP15D7PW_03132014142526_2104608
2208860,Electrolux Home Products,Electrolux,ELAP30D7PW,ELAP30D7PW,,197,197,214,3.28,1,60,10/15/2009,3/31/2011,United States,ES_1021080_ELAP30D7PW_03132014143754_3050805
2208861,Electrolux Home Products,Electrolux,ELAP45D8PW,ELAP45D8PW,",ELAP40D8PW,",298,291,343,2.7,1,110,10/15/2009,3/31/2011,United States,"ES_1021080_ELAP45D8PW, ELAP40D8PW_03132014133209_2820855"
2229213,Electrolux Home Products,Frigidaire,FRAP18K5OB,FRAP18K5OB,,165.3,121.6,177.7,2.77,0.01,60,10/1/2014,12/12/2014,United States,ES_1021080_FRAP18K5OB_12052014152003_4900018
2232832,Electrolux Home Products,Frigidaire,FRAP22D7OB,FRAP22D7OB,,153.8,149.5,182.5,2.2,0.61,70,10/1/2014,2/9/2015,United States,ES_1021080_FRAP22D7OB_12052014151252_9692804
2123284,Envion LLC,Allergy Pro,AP200,AP200,,156,137,197,2.9,0,54,11/1/2012,11/5/2012,United States,ES_1036997_AP200_11052012163129_8336755
2230162,Envion LLC,Allergy Pro,AP450,AP450,,228.9,243.1,273.1,2.17,0.3,106,12/1/2014,12/30/2014,United States,ES_1036997_AP450_12292014101808_3917962
2288690,Envion LLC,Envion,AD3000,AD3000,",AD3000M,; ,AD3000N,",343.2,326.2,373.2,2.9,0.5,117,12/23/2016,1/17/2017,"United States, Canada",ES_1036997_AD3000_12232016095609_665399
2273966,Envion LLC,Envion,TPP640,TPP640,",TPP640S,",136.8,128.7,144.6,2.5,0.7,54,7/28/2016,8/2/2016,"United States, Canada",ES_1036997_TPP640_07282016172254_2347375
2240338,Envion LLC,Ionic Pro Platinum,TA750,TA750,,107.6,107.1,116.3,6.2,0.3,17,5/28/2015,5/28/2015,"United States, Canada",ES_1036997_TA750_05282015111630_8908960
2188144,Envion LLC,Therapure,TPP230,TPP230,",TPP230H,",151,152,159,2.8,0.04,54,1/1/2013,8/12/2013,United States,ES_1036997_TPP230_08092013100027_8674737
2100470,Envion LLC,Therapure,TPP240,TPP240,",TPP230M,",132,137,155,2.6,0.8,50,9/27/2010,8/23/2011,"United States, Canada",ES_1036997_TPP240_10222012103958_1482354
2230161,Envion LLC,Therapure,TPP330,TPP330,,167.4,179.6,185.8,2.68,0,63,9/1/2014,12/30/2014,"United States, Canada",ES_1036997_TPP330_12292014101625_5524255
2231992,Envion LLC,Therapure,TPP440,TPP440,,140.8,148.5,158,2.5,0.4,54,9/1/2011,1/30/2015,"United States, Canada",ES_1036997_TPP440_01292015164512_6464654
2134143,Envion LLC,Therapure,TPP540,TPP540,,136,128,138,2.6,0.3,53,1/1/2012,8/15/2012,United States,ES_1036997_TPP540_10052012103755_3530847
2273967,Envion LLC,Therapure,TPP640,TPP640,",TPP640S,",136.8,128.7,144.6,2.5,0.7,54,7/28/2016,8/2/2016,"United States, Canada",ES_1036997_TPP640_07282016172254_2047578
2189195,"Fellowes, Inc.",Fellowes,AeraMax 200,AeraMax 200,",AeraMax 190,; ,AeraMax DB55,; ,AeraMax DX55,",129,120,127,2.3,0.01,58,7/1/2013,7/31/2013,United States,ES_1124533_AeraMax 200_07312013150738_5546228
2254086,"Fellowes, Inc.",Fellowes,AeraMax PRO AM III,AeraMax PRO AM III,,234.5,221.3,253.8,2.3,0,104,11/24/2015,12/2/2015,"United States, Australia, Europe, Japan, Canada",ES_1124533_AeraMax PRO AM III_11302015170239_6493188
2255197,"Fellowes, Inc.",Fellowes,AeraMax PRO AM IIIS,AeraMax PRO AM IIIS,,228,211.7,285.3,2.1,0,107,11/30/2015,12/18/2015,"United States, Australia, Europe, Japan, Canada",ES_1124533_AeraMax PRO AM IIIS_11302015153311_2871363
2254087,"Fellowes, Inc.",Fellowes,AeraMax PRO AM IV,AeraMax PRO AM IV,,400,450,450,2,0,199,11/24/2014,12/2/2015,"United States, Australia, Europe, Japan, Canada",ES_1124533_AeraMax PRO AM IV_11302015183714_7305414
2255195,"Fellowes, Inc.",Fellowes,AeraMax PRO AM IVS,AeraMax PRO AM IVS,,396.6,375.7,447.5,2,0,195,11/1/2014,12/18/2015,"United States, Australia, Europe, Japan, Canada",ES_1124533_AeraMax PRO AM IVS_12092015120940_8158685
2206935,"Fellowes, Inc.",Fellowes,AM 300,AM 300,",AeraMax 290,; ,AeraMax 300,; ,AeraMax DX95,",210.1,203.9,208.2,2.4,0,89,3/7/2014,3/6/2014,United States,ES_1124533_AM 300_03122014084637_3738977
2198392,Friedrich Air Conditioning Company,Friedrich,AP260,AP260,,175,168,176,3.1,1.9,56,1/1/2013,12/12/2013,United States,ES_31705_AP260_12062013160152_6775323
2238462,Groupe SEB USA,ROWENTA,Rowenta Intense Pure Air,PU4020U0,,88,78,98,2.8,0.2,32,5/1/2015,5/1/2015,"United States, Australia, New Zealand, Switzerland, Europe, Taiwan, Japan, Canada",ES_1108358_PU4020U0_04292015113006_2736017
2238463,Groupe SEB USA,ROWENTA,Rowenta Intense Pure Air,PU6020U0,"Rowenta Intense Pure Air,PU6010U0,",170,165,185,2.1,0.2,81,5/1/2015,5/1/2015,"United States, Australia, New Zealand, Switzerland, Europe, Taiwan, Japan, Canada",ES_1108358_PU6020U0_04292015141117_7073480
2288763,"Guardian Technologies, LLC",GermGuardian,AC4300,AC4300,,100.5,83.7,104.1,2,0.8,50,1/9/2017,1/17/2017,"United States, Canada",ES_1059680_AC4300_01102017163927_2081567
2288762,"Guardian Technologies, LLC",GermGuardian,AC5300,AC5300,,120.1,109.3,133.3,2.2,0.8,56,1/9/2017,1/17/2017,"United States, Canada",ES_1059680_AC5300_01102017165016_2071344
2298807,"Guardian Technologies, LLC",GermGuardian,AC5900,AC5900,,221.8,201.4,222.1,2.7,1.3,86,7/10/2017,6/30/2017,United States,ES_1059680_AC5900_06282017123721_6353723
2019390,"Guardian Technologies, LLC",GermGuardian,BXAP148,BXAP148,,133,110,145,2.5,0,52,9/1/2012,9/25/2012,United States,ES_1059680_BXAP148_09062012133354_319787
2019389,"Guardian Technologies, LLC",GermGuardian,BXAP250,BXAP250,,162,135,168,3,0.4,55,9/1/2012,9/25/2012,United States,ES_1059680_BXAP250_09252012151540_672418
2288764,"Guardian Technologies, LLC",GermGuardian,CDAP4500,CDAP4500,,100.5,83.7,104.1,2,0.8,50,1/9/2017,1/17/2017,"United States, Canada",ES_1059680_CDAP4500_01102017163927_5198175
2297634,"Guardian Technologies, LLC",GermGuardian,CDAP5500,CDAP5500,,122,110.8,129.7,2.2,0.1,56,1/11/2016,1/11/2016,"United States, Canada",ES_1059680_CDAP5500_06132017153202_6001703
2255701,"Guardian Technologies, LLC",germguardian;pureguardian,AC9200******,AC9200******,",AC9350******,",310.7,244.2,346.5,3.7,0.8,85,11/30/2015,12/30/2015,"United States, Canada",ES_1059680_AC9200******_12302015123242_7457849
2257525,"Guardian Technologies, LLC","Guardian Technologies, GermGuardian or PureGuardian",AC5350******,AC5350******,,122,110.8,129.7,2.2,0.1,56,1/11/2016,1/11/2016,"United States, Canada",ES_1059680_AC5350******_01112016145829_5035364
2022729,"Guardian Technologies, LLC",Guardian Technologies LLC,AC4825,AC4825,,131,112,123,2.4,,55,3/1/2011,7/11/2011,"United States, Canada",ES_1059680_AC4825_10022012125005_4495660
2022730,"Guardian Technologies, LLC",Guardian Technologies LLC.,AC5000,AC5000,",AC5250,",139,125,149,2.2,,62,10/1/2009,6/2/2011,"United States, Canada",ES_1059680_AC5000_10022012125949_2808496
2232430,"Guardian Technologies, LLC","Guardian Technologies, LLC",AC4900******,AC4900******,,114.9,101,125.1,2.2,0,52,1/28/2015,2/3/2015,"United States, Canada",ES_1059680_AC4900******_01282015142205_2248498
2265514,"Guardian Technologies, LLC",pureguardian,AP2200CA******,AP2200CA******,",AP2200CA******,""*""=0-9,or A-Z,or Blank for Marketing promotions,or Customer differentiation",133,110,145,2.5,0,52,9/1/2012,9/25/2012,United States,ES_1059680_AP2200CA******_04152016091510_5149804
2265544,"Guardian Technologies, LLC",pureguardian,AP2800CA******,AP2800CA******,",AP2800CA******,""*""=0-9,or A-Z,or Blank for Marketing promotions,or Customer differentiation",162,135,168,3,0.4,55,9/1/2012,9/25/2012,United States,ES_1059680_AP2800CA******_04142016141118_1523553
2303665,"HealthWay Home Products, Inc.",Intellipure,KJ468F,KJ468F,,269,260,314,2.6,1.8,102,10/20/2016,8/25/2017,"United States, Australia, New Zealand, Switzerland, Europe, Taiwan, Japan, Canada",ES_1084309_KJ468F_08242017165354_2156335
2280480,HoMedics Inc,HOMEDICS,AP-15,AP-15,,86.3,74,84,2.3,0.8,38,9/29/2016,10/1/2016,United States,ES_1102514_AP-15_09302016174312_3532983
2280479,HoMedics Inc,HOMEDICS,AP-25,AP-25,,134.7,119,142.9,2.3,0.5,58,9/29/2016,10/1/2016,United States,ES_1102514_AP-25_09292016110129_8086664
2169799,HoMedics Inc,HOMEDICS,AR-45,AR-45,",AR-15,; ,AR-25,; ,AT-PET01,; ,AT-PET02*,; ,AT-PET02,",155,122,172,2.5,0.6,65,11/1/2011,6/29/2015,United States,ES_1102514_AR-45_01142013143717_8593866
2280478,"Hung Hsing Electric Co., Ltd.",HomeTrends,AC-2041E,AC-2041E,",AC-2041E-CA,",100,75,100,2.1,0.3,47,3/1/2016,10/1/2016,Canada,ES_1061137_AC-2041E_09272016165259_4103662
2168621,IQAir,IQAir,CleanZoneSL 302.1,CleanZoneSL 302.1,,400,450,450,4,1.1,101,1/1/2012,1/15/2013,United States,ES_1120738_CleanZoneSL 302.1_01102013114558_6825982
2212572,Kaz Incorporated,Febreze,FHT170W,FHT170W,",FHT170HS,; ,FHT170WC,; ,FHT170WCV,",80,60,81,2.4,0,33,7/1/2014,6/2/2014,"United States, Canada","ES_1026671_FHT170W,FHT170WC,FHT170WCV_05092014163846_9663202"
2209556,Kaz Incorporated,Febreze,FHT180W,FHT180W,",FHT180HS,; ,FHT180V,; ,FHT180WC,; ,FHT180WHS,",83,59,81,2.5,0,33,7/1/2014,4/2/2014,"United States, Canada",ES_1026671_FHT180W_04022014102806_8539697
2214159,Kaz Incorporated,Febreze,FHT190W,FHT190W,",FHT190V,; ,FHT190WC,",184,159,203,3.3,0,56,8/1/2014,5/7/2014,"United States, Canada",ES_1026671_FHT190W_05082014161846_5095788
2263357,WINIX Inc.,Winix,5300-2,5300-2,",2020EU,; ,5500-2,; ,6300-2,; ,C535,; ,C555,",243,232,246,4.4,1.3,58,5/15/2016,3/28/2016,"United States, Europe",ES_1027545_5300-2_03142016160352_621606
2179275,WINIX Inc.,Winix,5500,5500,,248,235,251,4.1,1,60,6/15/2009,4/30/2013,United States,ES_1027545_5500_04302013150811_9406091
2170114,WINIX Inc.,Winix,9300,9300,,142,138,145,3.3,,50,10/1/2005,1/24/2013,United States,ES_1027545_9300_01242013135703_1597711
2170113,WINIX Inc.,Winix,9500,9500,,182,183,194,2.8,,70,10/1/2005,1/24/2013,United States,ES_1027545_9500_01242013135129_2031823
2260721,WINIX Inc.,Winix,HR1000,HR1000,",HR950,; ,HR951,",264,258,301,2.9,1.7,90,5/1/2016,2/24/2016,"United States, Europe",ES_1027545_HR1000_02242016121533_4710962
2270771,WINIX Inc.,Winix,NK100,NK100,",NK105,",221,207,218,4.8,1.7,46,7/20/2016,6/27/2016,"United States, Europe",ES_1027545_NK100_06272016094301_2671014
2099554,WINIX Inc.,Winix,WAC-6300,WAC-6300,,248,235,251,2.76,1,90,8/31/2011,10/26/2012,United States,ES_1027545_WAC-6300_10222012093128_98230
2099546,WINIX Inc.,Winix,WAC-9000,WAC-9000,,182,183,194,2.8,,70,10/1/2005,1/24/2013,United States,ES_1027545_WAC-9000_10192012114845_8771631
2099547,WINIX Inc.,Winix,WAC-9000S,WAC-9000S,,142,138,145,3.3,,50,10/1/2005,1/24/2013,United States,ES_1027545_WAC-9000S_10192012115100_4260217
2169513,WINIX Inc.,Winix,WACP150,WACP150,,98,98,103,2.45,1,40,10/15/2009,1/16/2013,United States,ES_1027545_WACP150_01162013113154_6649591
2168904,WINIX Inc.,Winix,WACP300,WACP300,,197,197,214,3.28,1,60,10/15/2009,3/31/2011,United States,ES_1027545_WACP300_01162013113526_9642145
2168954,WINIX Inc.,Winix,WACP450,WACP450,,298,291,343,2.7,1,110,10/15/2009,3/31/2011,United States,ES_1027545_WACP450_01162013113921_1286737
2188605,WINIX Inc.,Winix,WACU150,WACU150,",B151,",98,98,103,2.45,1,40,10/15/2009,1/16/2013,United States,ES_1027545_WACU150_08212013132943_4615442
2188606,WINIX Inc.,Winix,WACU300,WACU300,,197,197,214,3.28,1,60,10/15/2009,3/31/2011,United States,ES_1027545_WACU300_08212013134354_8227655
2188607,WINIX Inc.,Winix,WACU450,WACU450,",B451,",298,291,343,2.7,1,110,10/15/2009,3/31/2011,United States,ES_1027545_WACU450_08212013134834_9538995
