Brand_Name_s__s,Product_Group_Code_Description_s,Basic_Model_Number_m,Individual_Model_Number_Covered_by_Basic_Model_m,Capacity__Cubic_Feet__d,Integrated_Modified_Energy_Factor__cubic_feet_per_kilowatt_hour_per_cycle__d,Integrated_Water_Factor__gallons_per_cycle_per_cubic_foot__d,Corrected_Remaining_Moisture_Content_____d,Is_the_Certification_for_this_Basic_Model_Based_on_a_Waiver_of_DOE_s_Test_Procedure_Requirements__s,Is_the_Certification_based_upon_any_Exception_Relief_from_an_Applicable_Standard_by_DOE_s_Office_of_Hearing_and_Appeals__s
LG,"Top-loading, compact (less than 1.6 ft3 capacity)",WD200C*+,WD200C*,1.0,1.15,12.0,47.6,No,No
LG,"Top-loading, compact (less than 1.6 ft3 capacity)",WD200C*+,WD100C*,1.0,1.15,12.0,47.6,No,No
LG,"Top-loading, compact (less than 1.6 ft3 capacity)",WD200C*+,WD205C*,1.0,1.15,12.0,47.6,No,No
Kenmore,"Top-loading, standard (1.6 ft3 or greater capacity)",V17sCx50(3B),2036*81*,3.8,1.57,6.5,41.4,No,No
Inglis,"Top-loading, standard (1.6 ft3 or greater capacity)",V17sMx50(3B),ITW4880H**,3.8,1.57,6.5,40.8,No,No
Whirlpool,"Top-loading, standard (1.6 ft3 or greater capacity)",V17wAy50(3B),WTW4950H**,3.9,1.57,6.5,40.4,No,No
Whirlpool,"Top-loading, standard (1.6 ft3 or greater capacity)",V17wAy50(3B),WTW4850H**,3.9,1.57,6.5,40.4,No,No
Maytag,"Top-loading, standard (1.6 ft3 or greater capacity)",V17sBx50(3B),MVWC465H**,3.8,1.57,6.5,39.9,No,No
Whirlpool,"Top-loading, standard (1.6 ft3 or greater capacity)",V17sAx50(3B),WTW4955H**,3.8,1.57,6.5,30.9,No,No
Whirlpool,"Top-loading, standard (1.6 ft3 or greater capacity)",V17sAx50(3B),WTW4855H**,3.8,1.57,6.5,30.9,No,No
RCA,"Top-loading, standard (1.6 ft3 or greater capacity)",MAM120-S2003GPS/M-13-K4,RPW302,3.0,1.29,8.4,39.7,No,No
RCA,"Top-loading, standard (1.6 ft3 or greater capacity)",MAE100-S2002GPS/M-13 -K4,RPW250,2.5,1.29,8.4,44.0,No,No
Midea,"Top-loading, standard (1.6 ft3 or greater capacity)",MAE70-502PS/01M-US13-K4,MAE70-502PS,2.0,1.29,8.4,38.0,No,No
CONSERVATOR,"Top-loading, standard (1.6 ft3 or greater capacity)",MAE70-502PS/01M-US13-K4,VPW21063AW,2.0,1.29,8.4,38.0,No,No
RCA,"Top-loading, standard (1.6 ft3 or greater capacity)",MAE70-502PS/02M-RC13,RPW210-B,2.0,1.29,8.4,38.0,No,No
Magic Chef,"Top-loading, standard (1.6 ft3 or greater capacity)",MAM70-502PS/01M-US13,MCSTCW21S3,2.0,1.29,8.4,38.0,No,No
Midea,"Top-loading, standard (1.6 ft3 or greater capacity)",MAE50-1102PS/01M-US13,MAE50-1102PS,1.6,1.29,8.4,39.9,No,No
CONSERVATOR,"Top-loading, standard (1.6 ft3 or greater capacity)",MAE50-1102PS/01M-US13,VPW16063AW,1.6,1.29,8.4,39.9,No,No
RCA,"Top-loading, standard (1.6 ft3 or greater capacity)",MAE50-1102PS/04M-RC13,RPW160-B,1.6,1.29,8.4,39.9,No,No
Magic Chef,"Top-loading, standard (1.6 ft3 or greater capacity)",MAM50-1102PS/01M-US13,MCSTCW16S3,1.6,1.29,8.4,39.9,No,No
Panda,"Top-loading, compact (less than 1.6 ft3 capacity)",MAR30-P0501GP/US13-K4,PAN30SW,0.9,0.86,14.4,44.5,No,No
Midea,"Top-loading, compact (less than 1.6 ft3 capacity)",MAR30-P0501GP/US13-K4,MAR30-P0501GP,0.9,0.86,14.4,44.5,No,No
Kenmore,"Top-loading, standard (1.6 ft3 or greater capacity)",V17pCJ50(3B),2513*41*,4.3,1.57,6.5,47.1,No,No
Whirlpool,"Top-loading, standard (1.6 ft3 or greater capacity)",V17pAJ50(3B),WTW5000D**,4.3,1.57,6.5,45.3,No,No
Maytag,"Top-loading, standard (1.6 ft3 or greater capacity)",V17pBj50(3B),MVWC565F**,4.2,1.57,6.5,46.1,No,No
Maytag,"Top-loading, standard (1.6 ft3 or greater capacity)",V17rBn50(3B),MVWC416F**,3.6,1.57,6.5,42.9,No,No
Kenmore,"Top-loading, standard (1.6 ft3 or greater capacity)",V17rCn50(3B),2224*51*,3.6,1.57,6.5,42.9,No,No
Whirlpool,"Top-loading, standard (1.6 ft3 or greater capacity)",V17nAh50(3B),WTW4816F**,3.5,1.57,6.5,45.1,No,No
Amana,"Top-loading, standard (1.6 ft3 or greater capacity)",V17nDh50(3B),NTW4665G**,3.5,1.57,6.5,44.5,No,No
Crosley,"Top-loading, standard (1.6 ft3 or greater capacity)",V17nEh50(3B),CAW35114G**,3.5,1.57,6.5,44.4,No,No
Inglis,"Top-loading, standard (1.6 ft3 or greater capacity)",V17nMh50(3B),ITW4871F**,3.5,1.57,6.5,44.2,No,No
GE,"Top-loading, standard (1.6 ft3 or greater capacity)",M38A_2_M,GUD27ESSM***,3.8,1.57,6.5,38.1,No,No
GE,"Top-loading, standard (1.6 ft3 or greater capacity)",M23A_2_M,GUD24GSSM***,2.3,1.57,6.5,40.3,No,No
Blomberg,"Front-loading, standard (1.6 ft3 or greater capacity)",WM98400SX,WM98400SX,2.5,2.29,3.6,30.8,No,No
Blomberg,"Front-loading, standard (1.6 ft3 or greater capacity)",WM77120,WM77120,2.0,2.08,3.5,32.6,No,No
Blomberg,"Front-loading, standard (1.6 ft3 or greater capacity)",WM77120NBL01,WM77120NBL01,2.0,2.08,3.5,32.6,No,No
Blomberg,"Front-loading, standard (1.6 ft3 or greater capacity)",WM98200SX2,WM98200SX2,2.5,2.29,3.6,30.8,No,No
Beko,"Front-loading, standard (1.6 ft3 or greater capacity)",WTE7604XLW0,WTE7604XLW0,2.0,2.08,3.5,32.6,No,No
Beko,"Front-loading, standard (1.6 ft3 or greater capacity)",WMY10148C2,WMY10148C2,2.5,2.29,3.6,30.8,No,No
AVANTI,"Top-loading, compact (less than 1.6 ft3 capacity)",MAR30-P0501GP/US13-K4,TLW09W,0.9,0.86,14.4,44.5,No,No
Speed Queen,"Front-loading, standard (1.6 ft3 or greater capacity)",R15,AFNE9BSP115+,3.4,2.38,3.7,35.1,No,No
Speed Queen,"Front-loading, standard (1.6 ft3 or greater capacity)",R15,AFNE9RSP115+,3.4,2.38,3.7,35.1,No,No
Speed Queen,"Front-loading, standard (1.6 ft3 or greater capacity)",R15,ATGE9ASP115+,3.4,2.38,3.7,35.1,No,No
Kenmore,"Top-loading, standard (1.6 ft3 or greater capacity)",3143#,3143#,5.0,2.38,3.7,30.8,No,No
Electrolux,"Front-loading, standard (1.6 ft3 or greater capacity)",EFLS617****,EFLS617****,4.4,2.92,3.2,29.4,No,No
Electrolux,"Front-loading, standard (1.6 ft3 or greater capacity)",EFLW317****,EFLW317****,4.3,2.38,3.7,35.0,No,No
Frigidaire,"Top-loading, standard (1.6 ft3 or greater capacity)",FFLE3911***,FFLE3911***,3.8,2.06,4.3,35.1,No,No
Kenmore,"Top-loading, standard (1.6 ft3 or greater capacity)",FFLE3911***,417.6171*51*,3.8,2.06,4.3,35.1,No,No
Kenmore,"Top-loading, standard (1.6 ft3 or greater capacity)",FFLE3911***,417.7171*51*,3.8,2.06,4.3,35.1,No,No
Kenmore,"Top-loading, standard (1.6 ft3 or greater capacity)",FFLG4033***,417.7172*51*,3.8,2.06,4.3,35.6,No,No
Crosley,"Top-loading, standard (1.6 ft3 or greater capacity)",FFLE3911***,CLCE600***,3.8,2.06,4.3,35.1,No,No
Electrolux,"Front-loading, standard (1.6 ft3 or greater capacity)",EIFLS20****,EIFLS20****,2.4,2.13,3.8,32.7,No,No
Kenmore,"Front-loading, standard (1.6 ft3 or greater capacity)",EIFLS20****,417.4191*51*,2.4,2.13,3.8,32.7,No,No
Electrolux,"Front-loading, standard (1.6 ft3 or greater capacity)",EIFLS20****,EFLS210****,2.4,2.13,3.8,32.7,No,No
Kenmore,"Front-loading, standard (1.6 ft3 or greater capacity)",EIFLS20****,417.4194*71*,2.4,2.13,3.8,32.7,No,No
Frigidaire,"Top-loading, standard (1.6 ft3 or greater capacity)",MAD160-A2801GPS/FM-USE,FFTW4120***,4.1,1.57,6.5,38.5,No,No
Frigidaire,"Front-loading, standard (1.6 ft3 or greater capacity)",FFFS5115***,FFFS5115***,3.8,2.44,3.0,32.7,No,No
Frigidaire,"Front-loading, standard (1.6 ft3 or greater capacity)",FFFW5100***,FFFW5000***,3.9,2.52,3.0,32.7,No,No
Kenmore,"Front-loading, standard (1.6 ft3 or greater capacity)",FFFW5100***,417.4112*41*,3.9,2.52,3.0,32.7,No,No
Frigidaire,"Top-loading, standard (1.6 ft3 or greater capacity)",FAHE4045***,FAHE4045***,3.0,1.29,8.4,46.7,No,No
SUMMIT,"Front-loading, standard (1.6 ft3 or greater capacity)",US-FC70-DS12DSH/C0401E,SPWD2200W,2.0,1.85,4.6,34.1,No,No
Magic Chef,"Front-loading, standard (1.6 ft3 or greater capacity)",US-FC70-DS12DSH/C0401E,?MCSCWD20S3,2.0,1.85,4.6,34.1,No,No
Dometic,"Front-loading, standard (1.6 ft3 or greater capacity)",US-FC70-DS12DSH/C0401E,WDCVLB2,2.0,1.85,4.6,34.1,No,No
Dometic,"Front-loading, standard (1.6 ft3 or greater capacity)",US-FC70-DS12DSH/C0401E,WDCVLS2,2.0,1.85,4.6,34.1,No,No
Contoure,"Front-loading, standard (1.6 ft3 or greater capacity)",US-FC70-DS12DSH/C0401E,RV-WD800S,2.0,1.85,4.6,34.1,No,No
MIDEA,"Front-loading, standard (1.6 ft3 or greater capacity)",US-FC70-DS12DSH/C0401E,US-FC70-DS12DSH,2.0,1.85,4.6,34.1,No,No
SUMMIT,"Front-loading, standard (1.6 ft3 or greater capacity)",US-FC70-DS12DSH/C0401E,SPWD2201SS,2.0,1.85,4.6,34.1,No,No
SAMSUNG,"Top-loading, standard (1.6 ft3 or greater capacity)",WA52J870*A*,WA52J870*A*,5.2,2.28,3.8,35.5,No,No
SAMSUNG,"Front-loading, standard (1.6 ft3 or greater capacity)",WF56H91**C*,WF56H91**C*,5.6,2.8,2.8,27.3,No,No
SAMSUNG,"Top-loading, standard (1.6 ft3 or greater capacity)",WA48H74**A*,WA48H74**A*,4.8,2.21,3.9,36.4,No,No
SAMSUNG,"Top-loading, standard (1.6 ft3 or greater capacity)",WA45H70**A*,WA45H70**A*,4.5,2.06,3.8,40.3,No,No
SAMSUNG,"Top-loading, standard (1.6 ft3 or greater capacity)",WA56H90**A*,WA56H90**A*,5.6,2.3,4.2,34.6,No,No
SAMSUNG,"Top-loading, standard (1.6 ft3 or greater capacity)",WA54M87**A*,WA54M87**A*,5.4,2.06,4.3,40.0,No,No
SAMSUNG,"Top-loading, standard (1.6 ft3 or greater capacity)",WA50M74**A*,WA50M74**A*,5.0,2.06,4.3,42.1,No,No
SAMSUNG,"Front-loading, standard (1.6 ft3 or greater capacity)",WF45M55**A*,WF45M55**A*,4.5,2.92,2.9,29.0,No,No
SAMSUNG,"Front-loading, standard (1.6 ft3 or greater capacity)",WF45M51**A*,WF45M51**A*,4.5,3.0,2.9,29.5,No,No
SAMSUNG,"Top-loading, compact (less than 1.6 ft3 capacity)",WV55M96**A*-U,WV55M96**A*-U,1.0,1.15,12.0,44.6,No,No
SAMSUNG,"Front-loading, standard (1.6 ft3 or greater capacity)",WV55M96**A*-L,WV55M96**A*-L,4.5,2.92,2.9,29.0,No,No
SAMSUNG,"Front-loading, standard (1.6 ft3 or greater capacity)",WF50K75**A*,WF50K75**A*,5.0,2.92,2.9,29.6,No,No
SAMSUNG,"Front-loading, standard (1.6 ft3 or greater capacity)",WF45K65**A*,WF45K65**A*,4.5,2.8,3.0,30.4,No,No
SAMSUNG,"Front-loading, standard (1.6 ft3 or greater capacity)",WF45K62**A*,WF45K62**A*,4.5,2.92,2.9,30.6,No,No
SAMSUNG,"Top-loading, standard (1.6 ft3 or greater capacity)",WA45K76**A*,WA45K76**A*,4.5,2.06,4.3,40.1,No,No
SAMSUNG,"Top-loading, standard (1.6 ft3 or greater capacity)",WA50K86**A*,WA50K86**A*,5.0,2.38,3.7,36.3,No,No
SAMSUNG,"Top-loading, standard (1.6 ft3 or greater capacity)",WA40J300*A*,WA40J300*A*,4.0,1.29,8.4,41.9,No,No
LG,"Top-loading, compact (less than 1.6 ft3 capacity)",WD200C*,WD200C*,1.0,0.86,14.4,57.1,No,No
LG,"Front-loading, standard (1.6 ft3 or greater capacity)",4116####,WM3170C*,4.3,2.85,2.9,28.7,No,No
LG,"Front-loading, standard (1.6 ft3 or greater capacity)",WM3370H*A,WM3370H*A,4.3,2.76,3.2,29.8,No,No
LG,"Front-loading, standard (1.6 ft3 or greater capacity)",WM3570H*A,WM3570H*A,4.3,2.76,3.2,27.3,No,No
LG,"Front-loading, standard (1.6 ft3 or greater capacity)",WM3575C*+,WM3575C*,4.5,2.92,3.2,28.8,No,No
LG,"Front-loading, standard (1.6 ft3 or greater capacity)",WM4270H*A,WM4270H*A,4.5,2.92,3.2,28.1,No,No
LG,"Front-loading, standard (1.6 ft3 or greater capacity)",WM8500H**,WM8000H**,5.2,2.74,2.9,29.0,No,No
LG,"Front-loading, standard (1.6 ft3 or greater capacity)",WM8500H**,WM8500H**,5.2,2.74,2.9,29.0,No,No
LG,"Front-loading, standard (1.6 ft3 or greater capacity)",WM9000H*A,WM9000H*A,5.2,2.92,3.2,28.8,No,No
LG,"Top-loading, standard (1.6 ft3 or greater capacity)",WT1301C*,WT1301C*,4.5,2.38,3.7,33.0,No,No
LG,"Top-loading, standard (1.6 ft3 or greater capacity)",WT1801H*A+,WT1801H*A,4.9,2.38,3.7,31.4,No,No
LG,"Top-loading, standard (1.6 ft3 or greater capacity)",WT4970C*,WT4970C*,4.5,2.06,4.3,35.0,No,No
LG,"Top-loading, standard (1.6 ft3 or greater capacity)",WT5480C*+,WT5480C*,5.0,2.76,3.5,31.3,No,No
LG,"Top-loading, standard (1.6 ft3 or greater capacity)",WT5680H*A,WT5680H*A,5.0,2.38,3.7,29.0,No,No
LG,"Top-loading, standard (1.6 ft3 or greater capacity)",WT7700H*A,WT7700H*A,5.7,2.76,3.2,28.0,No,No
LG,"Top-loading, standard (1.6 ft3 or greater capacity)",WT7700H*A,WT7710H*A,5.7,2.76,3.2,28.0,No,No
LG,"Top-loading, compact (less than 1.6 ft3 capacity)",WD200C*,WD205C*,1.0,0.86,14.4,57.1,No,No
LG,"Top-loading, standard (1.6 ft3 or greater capacity)",WT7600H*A,WT7600H*A,5.2,2.38,3.7,29.9,No,No
LG,"Top-loading, standard (1.6 ft3 or greater capacity)",WT7500C*,WT7500C*,5.2,2.38,3.7,33.0,No,No
LG,"Front-loading, standard (1.6 ft3 or greater capacity)",WM4270H*A,WM3770H*A,4.5,2.92,3.2,28.1,No,No
LG,"Front-loading, standard (1.6 ft3 or greater capacity)",WM3670H*A,WM3670H*A,4.5,2.92,3.2,29.8,No,No
LG,"Top-loading, standard (1.6 ft3 or greater capacity)",WT1501C*,WT1150C*,4.5,2.38,3.7,36.0,No,No
LG,"Front-loading, standard (1.6 ft3 or greater capacity)",WM3488H*,WM3488H*,2.3,2.07,4.2,33.4,No,No
LG,"Front-loading, standard (1.6 ft3 or greater capacity)",WM9500H*A,WM9500H*A,5.8,2.92,3.2,27.5,No,No
LG,"Front-loading, standard (1.6 ft3 or greater capacity)",WM3270C*,WM3275C*,4.5,2.92,3.2,29.5,No,No
LG SIGNATURE,"Top-loading, compact (less than 1.6 ft3 capacity)",LUWD1C*,LUWD1C*,0.7,0.86,14.4,51.5,No,No
LG SIGNATURE,"Front-loading, standard (1.6 ft3 or greater capacity)",LUWM101H*A,LUWM101H*A,2.8,1.84,4.7,30.9,No,No
LG,"Front-loading, standard (1.6 ft3 or greater capacity)",WM3270C*,WM3180C*,4.5,2.92,3.2,29.5,No,No
Kenmore,"Top-loading, standard (1.6 ft3 or greater capacity)",WT5270C*,3142#41#,4.9,2.76,3.5,32.3,No,No
Kenmore,"Front-loading, standard (1.6 ft3 or greater capacity)",4116####,4116####,4.3,2.85,2.9,28.7,No,No
Kenmore,"Front-loading, standard (1.6 ft3 or greater capacity)",4148####,4148####,4.5,2.5,2.9,29.0,No,No
Kenmore,"Front-loading, standard (1.6 ft3 or greater capacity)",WM4270H*A,4158####,4.5,2.83,2.9,28.1,No,No
Kenmore,"Top-loading, standard (1.6 ft3 or greater capacity)",WT5680H*A,3146#,5.0,2.38,3.7,29.0,No,No
Kenmore,"Front-loading, standard (1.6 ft3 or greater capacity)",4116####,4116#,4.3,2.85,2.9,28.7,No,No
Kenmore,"Front-loading, standard (1.6 ft3 or greater capacity)",4148####,4148#,4.5,2.5,2.9,29.0,No,No
Kenmore,"Front-loading, standard (1.6 ft3 or greater capacity)",WM4270H*A,4158#,4.5,2.92,3.2,28.1,No,No
Kenmore,"Top-loading, compact (less than 1.6 ft3 capacity)",WD200C*,5197#,1.0,0.86,14.4,57.1,No,No
Kenmore,"Front-loading, standard (1.6 ft3 or greater capacity)",WM3270H*A,4126#,4.5,2.92,3.2,29.5,No,No
Kenmore,"Front-loading, standard (1.6 ft3 or greater capacity)",WM3575C*,4148#,4.5,2.83,3.2,28.8,No,No
Kenmore,"Front-loading, standard (1.6 ft3 or greater capacity)",WM3370H*A+,4138#,4.3,2.76,3.2,29.8,No,No
Kenmore,"Front-loading, standard (1.6 ft3 or greater capacity)",4196#,4196#,5.2,2.92,3.2,27.6,No,No
Kenmore,"Top-loading, standard (1.6 ft3 or greater capacity)",WT7600H*A,3155#,5.2,2.38,3.7,29.9,No,No
Kenmore,"Front-loading, standard (1.6 ft3 or greater capacity)",WM4270H*A,4168#,4.5,2.92,3.2,28.1,No,No
Kenmore,"Front-loading, standard (1.6 ft3 or greater capacity)",4100#,4100#,4.5,2.76,3.2,29.4,No,No
Kenmore,"Front-loading, standard (1.6 ft3 or greater capacity)",4198#,4198#,5.2,2.76,3.2,27.6,No,No
GE,"Front-loading, standard (1.6 ft3 or greater capacity)",G49F_4_K,GFW490R*K***,4.9,2.76,2.8,27.4,No,No
GE,"Front-loading, standard (1.6 ft3 or greater capacity)",L43F_4_J,GFWN1600J***,4.3,2.38,3.2,33.3,No,No
GE,"Top-loading, standard (1.6 ft3 or greater capacity)",G45A_2_L,GTW685B*L***,4.5,2.06,4.3,36.2,No,No
GE,"Top-loading, standard (1.6 ft3 or greater capacity)",G50I_2_L,GTW750C*L***,5.0,2.06,4.3,37.1,No,No
GE,"Top-loading, standard (1.6 ft3 or greater capacity)",M20A_2_J,GUD24ESSJ***,2.0,1.34,8.0,48.3,No,No
GE,"Top-loading, standard (1.6 ft3 or greater capacity)",M20A_2_J,GUD24GSSJ***,2.0,1.34,8.0,48.3,No,No
GE,"Top-loading, standard (1.6 ft3 or greater capacity)",M32A_2_J,GUD27ESSJ***,3.2,1.31,7.0,50.2,No,No
Haier,"Top-loading, compact (less than 1.6 ft3 capacity)",HLP24E,HLP24E,1.5,1.16,9.0,47.6,No,No
Unimac,"Front-loading, standard (1.6 ft3 or greater capacity)",R10,UFNE5BJP113+,3.4,2.38,3.7,34.4,No,No
Speed Queen,"Top-loading, standard (1.6 ft3 or greater capacity)",R8,LWNE52WP113+,3.2,1.29,8.4,46.6,No,No
Speed Queen,"Top-loading, standard (1.6 ft3 or greater capacity)",R8,LWNE52PP113+,3.2,1.29,8.4,46.6,No,No
Speed Queen,"Top-loading, standard (1.6 ft3 or greater capacity)",R8,AWNE92SP113+,3.2,1.29,8.4,46.6,No,No
Speed Queen,"Front-loading, standard (1.6 ft3 or greater capacity)",R10,LTGA5FSP113+,3.4,2.38,3.7,34.4,No,No
Speed Queen,"Front-loading, standard (1.6 ft3 or greater capacity)",R10,LTEA5FSP153**04,3.4,2.38,3.7,34.4,No,No
Speed Queen,"Front-loading, standard (1.6 ft3 or greater capacity)",R10,ATGE9AGP113+,3.4,2.38,3.7,34.4,No,No
Speed Queen,"Front-loading, standard (1.6 ft3 or greater capacity)",R10,ATEE9AGP173+,3.4,2.38,3.7,34.4,No,No
Speed Queen,"Front-loading, standard (1.6 ft3 or greater capacity)",R10,AFNE9BSP113+,3.4,2.38,3.7,34.4,No,No
Speed Queen,"Top-loading, standard (1.6 ft3 or greater capacity)",R11,LWN432SP113**04,3.2,1.29,7.0,49.7,No,No
Speed Queen,"Top-loading, standard (1.6 ft3 or greater capacity)",R11,AWN432SP113**04,3.2,1.29,7.0,49.7,No,No
Speed Queen,"Front-loading, standard (1.6 ft3 or greater capacity)",R10,LTEA5FSP173**04,3.4,2.38,3.7,34.4,No,No
Speed Queen,"Front-loading, standard (1.6 ft3 or greater capacity)",R10,LFNE5BSP113+,3.4,2.38,3.7,34.4,No,No
Speed Queen,"Front-loading, standard (1.6 ft3 or greater capacity)",R10,LFN50RSP113+,3.4,2.38,3.7,34.4,No,No
Speed Queen,"Front-loading, standard (1.6 ft3 or greater capacity)",R10,AFNE9RSP113+,3.4,2.38,3.7,34.4,No,No
Primus,"Front-loading, standard (1.6 ft3 or greater capacity)",R10,PTGE3FSP113+,3.4,2.38,3.7,34.4,No,No
Primus,"Front-loading, standard (1.6 ft3 or greater capacity)",R10,PFNE3RSP113+,3.4,2.38,3.7,34.4,No,No
Primus,"Top-loading, standard (1.6 ft3 or greater capacity)",R8,PWNE32PP113+,3.2,1.29,8.4,46.6,No,No
Primus,"Front-loading, standard (1.6 ft3 or greater capacity)",R10,PTEE3FSP173+,3.4,2.38,3.7,34.4,No,No
Primus,"Front-loading, standard (1.6 ft3 or greater capacity)",R10,PFNE3BJP113+,3.4,2.38,3.7,34.4,No,No
IPSO,"Front-loading, standard (1.6 ft3 or greater capacity)",R10,BTGE6ASP113+,3.4,2.38,3.7,34.4,No,No
IPSO,"Front-loading, standard (1.6 ft3 or greater capacity)",R10,BTEE6ASP173+,3.4,2.38,3.7,34.4,No,No
Huebsch,"Front-loading, standard (1.6 ft3 or greater capacity)",R10,YTGE5ASP113+,3.4,2.38,3.7,34.4,No,No
Huebsch,"Front-loading, standard (1.6 ft3 or greater capacity)",R10,YTEE5ASP173+,3.4,2.38,3.7,34.4,No,No
Huebsch,"Front-loading, standard (1.6 ft3 or greater capacity)",R10,YFNE5BJP113+,3.4,2.38,3.7,34.4,No,No
Speed Queen,"Top-loading, standard (1.6 ft3 or greater capacity)",R14,AWN43RSN115+,3.2,1.57,6.5,46.2,No,No
Speed Queen,"Top-loading, standard (1.6 ft3 or greater capacity)",R13,AWN63RSN115+,3.2,1.57,6.5,43.4,No,No
Speed Queen,"Top-loading, standard (1.6 ft3 or greater capacity)",R12,AWNE9RSN115+,3.2,1.57,6.5,43.6,No,No
Whirlpool,"Front-loading, standard (1.6 ft3 or greater capacity)",H15TAc31(3B),WFC7500V*+,2.0,1.84,4.7,36.7,No,No
Whirlpool,"Top-loading, standard (1.6 ft3 or greater capacity)",V14MAR56(3B),WTW4810E*+,3.5,1.29,8.4,44.0,No,No
Whirlpool,"Top-loading, standard (1.6 ft3 or greater capacity)",V14MAR56(3B),WTW4815E*+,3.5,1.29,8.4,44.0,No,No
Maytag,"Top-loading, standard (1.6 ft3 or greater capacity)",V14CBJ510(3B),MVWC555D*+,4.3,1.29,8.4,46.3,No,No
Maytag,"Top-loading, standard (1.6 ft3 or greater capacity)",V14CBJ510(3B),MVWX655D*+,4.3,1.29,8.4,46.3,No,No
Maytag,"Front-loading, standard (1.6 ft3 or greater capacity)",H15WBC5A(3B),MHW8150E**,4.5,2.75,3.2,27.6,No,No
Whirlpool,"Top-loading, standard (1.6 ft3 or greater capacity)",V14CAK58(3B),WTW8500D*+,5.3,2.06,4.3,35.8,No,No
Whirlpool,"Top-loading, standard (1.6 ft3 or greater capacity)",V14CAK58(3B),WTW8000D*+,5.3,2.06,4.3,35.8,No,No
Whirlpool,"Top-loading, standard (1.6 ft3 or greater capacity)",V14CAJ512(3B),WTW5000D*+,4.3,1.29,8.4,45.3,No,No
Crosley,"Top-loading, standard (1.6 ft3 or greater capacity)",V14MES51(3B),CAW11544E**,3.6,1.29,8.4,52.9,No,No
Maytag,"Top-loading, standard (1.6 ft3 or greater capacity)",V16aBj56(3B),MVWC565F**,4.2,1.29,8.4,47.1,No,No
Whirlpool,"Front-loading, standard (1.6 ft3 or greater capacity)",H16bAm31(3B),WFW5090G**,2.3,2.38,3.7,28.6,No,No
Whirlpool,"Front-loading, standard (1.6 ft3 or greater capacity)",H15AAf40(3B),WFW61HEB**,3.6,2.38,3.7,33.7,No,No
Whirlpool,"Top-loading, standard (1.6 ft3 or greater capacity)",V15RAd51(3B),WTW4850B**,3.5,1.29,8.4,47.1,No,No
Crosley,"Top-loading, standard (1.6 ft3 or greater capacity)",V16ZEh50(3B),CAW35114G**,3.5,1.29,8.4,47.6,No,No
Crosley,"Top-loading, standard (1.6 ft3 or greater capacity)",V16aEj50(3B),CAW42114G**,4.2,1.29,8.4,49.8,No,No
Crosley,"Front-loading, standard (1.6 ft3 or greater capacity)",H16NEX40(3B),CFWH4084G**,4.2,2.92,3.2,28.8,No,No
Whirlpool,"Top-loading, standard (1.6 ft3 or greater capacity)",V14KAP55(3B),WETLV27F**,2.5,1.29,8.4,50.6,No,No
Whirlpool,"Top-loading, standard (1.6 ft3 or greater capacity)",V14KAP55(3B),WGTLV27F**,2.5,1.29,8.4,50.6,No,No
Maytag,"Top-loading, standard (1.6 ft3 or greater capacity)",V14MBR51(3B),MVWC215E*+,3.5,1.29,8.4,44.9,No,No
Amana,"Top-loading, standard (1.6 ft3 or greater capacity)",V14MDS52(3B),NTW4755E*+,3.5,1.29,8.4,40.5,No,No
Whirlpool,"Top-loading, standard (1.6 ft3 or greater capacity)",V14MAR22(2D),WTW4715E*+,3.5,1.29,8.4,48.6,No,No
Amana,"Top-loading, standard (1.6 ft3 or greater capacity)",V14MDR58(3B),NTW4605E*+,3.5,1.29,8.4,44.2,No,No
Maytag,"Top-loading, standard (1.6 ft3 or greater capacity)",V16cBn55(3B),MVWC416F**,3.6,1.29,8.4,42.9,No,No
Amana,"Top-loading, standard (1.6 ft3 or greater capacity)",V16ZDh56(3B),NTW4516F**,3.5,1.29,8.4,47.7,No,No
Whirlpool,"Top-loading, standard (1.6 ft3 or greater capacity)",V14CAM510(3B),WTW7300D*+,4.8,2.06,4.3,36.1,No,No
Whirlpool,"Top-loading, compact (less than 1.6 ft3 capacity)",V14JAN53(3B),WET4024E*+,1.5,0.86,14.4,56.5,No,No
Maytag,"Front-loading, standard (1.6 ft3 or greater capacity)",H15NBZ54(3B),MHW5500F**,4.5,2.92,3.2,29.5,No,No
Maytag,"Front-loading, standard (1.6 ft3 or greater capacity)",H15NBZ54(3B),MHW8200F**,4.5,2.92,3.2,29.5,No,No
Whirlpool,"Front-loading, standard (1.6 ft3 or greater capacity)",H15AAB42(3B),WFW87HED*+,4.4,2.75,3.2,30.0,No,No
Whirlpool,"Front-loading, standard (1.6 ft3 or greater capacity)",H15AAB51(3B),WFW8740D*+,4.4,2.38,3.7,29.4,No,No
Maytag,"Front-loading, standard (1.6 ft3 or greater capacity)",H15NBZ40(3B),MHW3500F**,4.5,2.92,3.2,29.2,No,No
Maytag,"Top-loading, standard (1.6 ft3 or greater capacity)",V16eBc54(3B),MVWB765F**,4.7,1.29,8.4,36.4,No,No
Whirlpool,"Front-loading, standard (1.6 ft3 or greater capacity)",H15AAC51(3B),WFW97HED*+,4.5,2.75,3.2,26.3,No,No
Maytag,"Front-loading, standard (1.6 ft3 or greater capacity)",H15ABC51(3B),MHW7100D*+,4.5,2.75,3.2,29.0,No,No
Maytag,"Front-loading, standard (1.6 ft3 or greater capacity)",H15ABC51(3B),MHW8100D*+,4.5,2.75,3.2,29.0,No,No
Maytag,"Front-loading, standard (1.6 ft3 or greater capacity)",H15ABA51(3B,MHW5400D*+,4.2,2.38,3.7,29.2,No,No
Maytag,"Top-loading, standard (1.6 ft3 or greater capacity)",V17CB550(3B),MVWB865G**,5.2,1.57,6.5,34.9,No,No
Whirlpool,"Front-loading, standard (1.6 ft3 or greater capacity)",H15NAZ46(3B),WFW7540F**,4.5,2.92,3.2,29.3,No,No
Whirlpool,"Front-loading, standard (1.6 ft3 or greater capacity)",H15NAX43(3B),WFW7590F**,4.2,2.92,3.2,29.1,No,No
Whirlpool,"Front-loading, standard (1.6 ft3 or greater capacity)",H15NAX51(3B),WFW9290F**,4.2,2.92,3.2,28.9,No,No
Whirlpool,"Top-loading, standard (1.6 ft3 or greater capacity)",V16ZAh56(3B),WTW4616F**,3.5,1.29,8.4,48.0,No,No
Whirlpool,"Top-loading, standard (1.6 ft3 or greater capacity)",V16ZAh56(3B),WTW4816F**,3.5,1.29,8.4,48.0,No,No
Maytag,"Front-loading, standard (1.6 ft3 or greater capacity)",H15ABA31(3B),MHW3100D*+,4.2,2.38,3.7,30.3,No,No
Maytag,"Front-loading, standard (1.6 ft3 or greater capacity)",H15ABA31(3B),MHW4100D*+,4.2,2.38,3.7,30.3,No,No
Whirlpool,"Front-loading, standard (1.6 ft3 or greater capacity)",H15AAA43(3B),WFW81HED*+,4.2,2.75,3.2,29.2,No,No
Amana,"Front-loading, standard (1.6 ft3 or greater capacity)",H15ADA4123B),NFW5800D*+,4.2,2.75,3.2,29.2,No,No
Avanti,"Top-loading, standard (1.6 ft3 or greater capacity)",MAM50-1103PS/01M-US13,TLW16D0W,1.6,1.29,8.4,39.9,No,No
Avanti,"Top-loading, standard (1.6 ft3 or greater capacity)",MAM70-503PS/01M-US13,TLW21D2P,2.0,1.29,8.4,38.0,No,No
Ariston,"Front-loading, standard (1.6 ft3 or greater capacity)",ARWDF129NA.1,ARWDF129NA.1,1.8,1.94,3.8,32.5,No,No
Ariston,"Front-loading, standard (1.6 ft3 or greater capacity)",ARWDF129SNA.1,ARWDF129SNA.1,1.8,1.94,3.8,32.5,No,No
Ariston,"Front-loading, standard (1.6 ft3 or greater capacity)",ARWL129SNA.1,ARWL129SNA.1,1.8,1.94,3.8,32.5,No,No
Miele,"Front-loading, standard (1.6 ft3 or greater capacity)",W 3048,W 3048,1.9,1.87,4.0,28.2,No,No
Insignia,"Top-loading, standard (1.6 ft3 or greater capacity)",NS-TWM41WH8A,NS-TWM41WH8A,4.1,1.57,6.5,0.0,No,No
Maytag,"Top-loading, standard (1.6 ft3 or greater capacity)",V14CBJ511(3B),MVWC555D*+,4.3,1.29,8.4,46.3,No,No
Maytag,"Top-loading, standard (1.6 ft3 or greater capacity)",V14CBK57(3B),MVWB855D*+,5.3,2.06,4.3,36.5,No,No
Whirlpool,"Top-loading, standard (1.6 ft3 or greater capacity)",V14KAP55(3B),WETLV27E*+,2.5,1.29,8.4,50.6,No,No
Kenmore,"Top-loading, standard (1.6 ft3 or greater capacity)",V16aCj52(3B),2235*51*,4.2,1.29,8.4,47.1,No,No
Bosch,"Front-loading, standard (1.6 ft3 or greater capacity)",WAT28402UC,WAT28402UC,2.2,2.22,3.6,30.0,No,No
Bosch,"Front-loading, standard (1.6 ft3 or greater capacity)",WAT28402UC,WAT28401UC,2.2,2.22,3.6,30.0,No,No
Bosch,"Front-loading, standard (1.6 ft3 or greater capacity)",WAT28400UC,WAT28400UC,2.2,2.22,3.6,30.0,No,No
Fisher & Paykel,"Top-loading, standard (1.6 ft3 or greater capacity)",WA3927G*,WA3927G*,3.9,1.81,6.1,35.8,No,No
Haier,"Top-loading, standard (1.6 ft3 or greater capacity)",HWM811WA,HWM811WA,3.0,1.31,8.0,40.6,No,No
Kenmore,"Front-loading, standard (1.6 ft3 or greater capacity)",4178#,4178#,4.5,2.76,3.2,29.7,No,No
Fisher & Paykel,"Top-loading, standard (1.6 ft3 or greater capacity)",WL4027P*,WL4027P1,4.0,2.28,4.1,34.1,No,No
Fisher & Paykel,"Top-loading, standard (1.6 ft3 or greater capacity)",WA3927G*,WA3927G1,3.9,1.81,6.1,35.8,No,No
Kenmore,"Top-loading, compact (less than 1.6 ft3 capacity)",WD200C*+,5199#,1.0,1.15,12.0,47.6,No,No
Kenmore,"Top-loading, compact (less than 1.6 ft3 capacity)",WD200C*+,5197#,1.0,1.15,12.0,47.6,No,No
Kenmore,"Top-loading, standard (1.6 ft3 or greater capacity)",V17wCy50(3B),2512*81*,3.9,1.57,6.5,40.9,No,No
LG,"Top-loading, standard (1.6 ft3 or greater capacity)",WT7100C*,WT7100C*,4.5,2.06,4.3,33.1,No,No
LG,"Front-loading, standard (1.6 ft3 or greater capacity)",WM3080C*,WM3080C*,4.3,2.92,3.2,28.0,No,No
Midea,"Top-loading, standard (1.6 ft3 or greater capacity)",MAM120-S2003GPS/M-13-K4,MAM120-S2003GPS,3.0,1.29,8.4,39.7,No,No
Midea,"Top-loading, standard (1.6 ft3 or greater capacity)",MAE70-502PS/01M-US13-K4,MAE70-502PSS,2.0,1.29,8.4,38.0,No,No
Panda,"Top-loading, standard (1.6 ft3 or greater capacity)",MAM70-503PS/02M-PA13,PAN70SWR,2.0,1.29,8.4,38.0,No,No
PREMIUM,"Top-loading, standard (1.6 ft3 or greater capacity)",MAE70-502PS/03M-PR13,PWMA212PM,2.0,1.29,8.4,38.0,No,No
Magic Chef,"Top-loading, standard (1.6 ft3 or greater capacity)",MAM70-502PS/01M-US13,MCSTCW21W3,2.0,1.29,8.4,38.0,No,No
Midea,"Top-loading, standard (1.6 ft3 or greater capacity)",MAE50-1102PS/01M-US13,MAE50-1102PSS,1.6,1.29,8.4,39.9,No,No
Montgomery Ward,"Top-loading, standard (1.6 ft3 or greater capacity)",MAE50-1102PS/02M-MW13,MW50-1102PS,1.6,1.29,8.4,39.9,No,No
Panda,"Top-loading, standard (1.6 ft3 or greater capacity)",MAM50-1103PS/02M-PA13,PAN50SWR,1.6,1.29,8.4,39.9,No,No
PREMIUM,"Top-loading, standard (1.6 ft3 or greater capacity)",MAE50-1102PS/03M-PR13,PWMA162PM,1.6,1.29,8.4,39.9,No,No
Magic Chef,"Top-loading, standard (1.6 ft3 or greater capacity)",MAM50-1102PS/01M-US13,MCSTCW16W3,1.6,1.29,8.4,39.9,No,No
Magic Chef,"Top-loading, compact (less than 1.6 ft3 capacity)",MAR30-P0501P/01-US13,MCSTCW09W1,0.9,0.86,14.4,44.5,No,No
RCA,"Top-loading, compact (less than 1.6 ft3 capacity)",MAR30-P0501GP/US13-K4,RPW091,0.9,0.86,14.4,44.5,No,No
Inglis,"Top-loading, standard (1.6 ft3 or greater capacity)",V17nMS50(3B),ITW4971E**,3.6,1.57,6.5,40.4,No,No
Maytag,"Top-loading, standard (1.6 ft3 or greater capacity)",V17pBJ50(3B),MVWX655D**,4.3,1.57,6.5,46.3,No,No
Whirlpool,"Top-loading, standard (1.6 ft3 or greater capacity)",V17nAT50(3B),WTW4915E**,3.7,1.57,6.5,45.8,No,No
Kenmore,"Top-loading, standard (1.6 ft3 or greater capacity)",V17nCW50(3B),2244*51*,3.6,1.57,6.5,45.3,No,No
Kenmore,"Top-loading, standard (1.6 ft3 or greater capacity)",V17pCj50(3B),2235*51*,4.2,1.57,6.5,46.3,No,No
Crosley,"Top-loading, standard (1.6 ft3 or greater capacity)",V17pEj50(3B),CAW42114G**,4.2,1.57,6.5,45.7,No,No
Maytag,"Top-loading, standard (1.6 ft3 or greater capacity)",V17pBs50(3B),MVWB765F**,4.7,1.57,6.5,36.6,No,No
Maytag,"Top-loading, standard (1.6 ft3 or greater capacity)",V17pBs50(3B),MVWB766F**,4.7,1.57,6.5,36.6,No,No
Whirlpool,"Top-loading, standard (1.6 ft3 or greater capacity)",V17nAh50(3B),WTW4616F**,3.5,1.57,6.5,45.1,No,No
Kenmore,"Top-loading, standard (1.6 ft3 or greater capacity)",V17nCh50(3B),2253*51*,3.5,1.57,6.5,44.0,No,No
Kenmore,"Top-loading, standard (1.6 ft3 or greater capacity)",V17nCv50(3B),2023*71*,3.5,1.57,6.5,45.3,No,No
Amana,"Top-loading, standard (1.6 ft3 or greater capacity)",V17nDh50(3B),NTW4516F**,3.5,1.57,6.5,44.5,No,No
Roper,"Top-loading, standard (1.6 ft3 or greater capacity)",V17nGh50(3B),RTW4516F**,3.5,1.57,6.5,44.3,No,No
Conservator,"Top-loading, standard (1.6 ft3 or greater capacity)",V17nNu50(3B),VAW3584G**,3.5,1.57,6.5,45.4,No,No
Insignia,"Top-loading, standard (1.6 ft3 or greater capacity)",NS-TWM48WH8B,NS-TWM48WH8B,4.8,2.06,4.3,31.9,No,No
GE,"Top-loading, standard (1.6 ft3 or greater capacity)",M38A_2_M,GUD27GSSM***,3.8,1.57,6.5,38.1,No,No
GE,"Top-loading, standard (1.6 ft3 or greater capacity)",M23A_2_M,GUD24ESSM***,2.3,1.57,6.5,40.3,No,No
Blomberg,"Front-loading, standard (1.6 ft3 or greater capacity)",WM98200SX,WM98200SX,2.5,2.29,3.6,30.8,No,No
Blomberg,"Front-loading, standard (1.6 ft3 or greater capacity)",WM98400SX2,WM98400SX2,2.5,2.29,3.6,30.8,No,No
Beko,"Front-loading, standard (1.6 ft3 or greater capacity)",WMY10148C0,WMY10148C0,2.5,2.29,3.6,30.8,No,No
Beko,"Front-loading, standard (1.6 ft3 or greater capacity)",WMY10148W0,WMY10148W0,2.5,2.29,3.6,30.8,No,No
AVANTI,"Top-loading, standard (1.6 ft3 or greater capacity)",MAM50-1103PS/01M-US13,TLW16D0W,1.6,1.29,8.4,39.9,No,No
AVANTI,"Top-loading, standard (1.6 ft3 or greater capacity)",MAM70-503PS/01M-US13,TLW21D2P,2.0,1.29,8.4,38.0,No,No
AVANTI,"Top-loading, standard (1.6 ft3 or greater capacity)",MAM120-S2003GPS/M-13-K4,TLW30W,3.0,1.29,8.4,39.7,No,No
Speed Queen,"Front-loading, standard (1.6 ft3 or greater capacity)",R15,AFN50RSP115+,3.4,2.38,3.7,35.1,No,No
Speed Queen,"Front-loading, standard (1.6 ft3 or greater capacity)",R15,ATEE9ASP175+,3.4,2.38,3.7,35.1,No,No
GE,"Front-loading, standard (1.6 ft3 or greater capacity)",L41F_4_K,GFW400S*K***,4.1,2.38,3.4,31.5,No,No
GE,"Front-loading, standard (1.6 ft3 or greater capacity)",G49F_4_K,GFW480S*K***,4.9,2.76,2.8,27.4,No,No
GE,"Top-loading, standard (1.6 ft3 or greater capacity)",G42A_2_JA,GTW460ASJ***,4.2,1.35,7.0,42.6,No,No
GE,"Top-loading, standard (1.6 ft3 or greater capacity)",G42A_2_J,GTW485ASJ***,4.2,2.06,4.3,36.5,No,No
Electrolux,"Front-loading, standard (1.6 ft3 or greater capacity)",EFLS517****,EFLS517****,4.3,2.76,3.2,31.3,No,No
Electrolux,"Front-loading, standard (1.6 ft3 or greater capacity)",EFLW417****,EFLW417****,4.3,2.76,3.2,31.3,No,No
Frigidaire,"Top-loading, standard (1.6 ft3 or greater capacity)",FFLE3911***,FFLG3911***,3.8,2.06,4.3,35.1,No,No
Frigidaire,"Top-loading, standard (1.6 ft3 or greater capacity)",FFLG4033***,FFLE4033***,3.8,2.06,4.3,35.6,No,No
Frigidaire,"Top-loading, standard (1.6 ft3 or greater capacity)",FFLG4033***,FFLG4033***,3.8,2.06,4.3,35.6,No,No
Kenmore,"Top-loading, standard (1.6 ft3 or greater capacity)",FFLG4033***,417.6172*51*,3.8,2.06,4.3,35.6,No,No
Frigidaire,"Front-loading, standard (1.6 ft3 or greater capacity)",FFFW5100***,FFFW5100***,3.9,2.52,3.0,32.7,No,No
Frigidaire,"Top-loading, standard (1.6 ft3 or greater capacity)",FFTW1001***,FFTW1001***,3.4,1.29,8.4,42.9,No,No
Crosley,"Front-loading, standard (1.6 ft3 or greater capacity)",FFFW5100***,CFWH7300***,3.9,2.52,3.0,32.7,No,No
Frigidaire,"Top-loading, standard (1.6 ft3 or greater capacity)",FAHE1011***,FAHE1011***,3.0,1.45,6.3,49.8,No,No
PREMIUM,"Front-loading, standard (1.6 ft3 or greater capacity)",US-FC70-DS12DSH/C0401E,?PWDC202FM,2.0,1.85,4.6,34.1,No,No
Magic Chef,"Front-loading, standard (1.6 ft3 or greater capacity)",US-FC70-DS12DSH/C0401E,?MCSCWD20B3,2.0,1.85,4.6,34.1,No,No
Magic Chef,"Front-loading, standard (1.6 ft3 or greater capacity)",US-FC70-DS12DSH/C0401E,MCSCWD20W3,2.0,1.85,4.6,34.1,No,No
Dometic,"Front-loading, standard (1.6 ft3 or greater capacity)",US-FC70-DS12DSH/C0401E,WDCVLW2,2.0,1.85,4.6,34.1,No,No
Contoure,"Front-loading, standard (1.6 ft3 or greater capacity)",US-FC70-DS12DSH/C0401E,RV-WD800BK,2.0,1.85,4.6,34.1,No,No
MIDEA,"Top-loading, standard (1.6 ft3 or greater capacity)",MAD160-S2801GPS/FM-US13,MAD160S2801,4.1,1.29,8.4,37.2,No,No
RCA,"Front-loading, standard (1.6 ft3 or greater capacity)",US-FC70-DS12DSH/C0401E,RWD200-B,2.0,1.85,4.6,34.1,No,No
SAMSUNG,"Top-loading, standard (1.6 ft3 or greater capacity)",WA52J806*A*,WA52J806*A*,5.2,2.38,3.7,37.2,No,No
SAMSUNG,"Front-loading, standard (1.6 ft3 or greater capacity)",WF457A*GS**,WF457A*GS**,4.5,2.4,3.0,32.7,No,No
SAMSUNG,"Top-loading, standard (1.6 ft3 or greater capacity)",WA52M86**A*,WA52M86**A*,5.2,2.06,4.3,42.4,No,No
SAMSUNG,"Top-loading, standard (1.6 ft3 or greater capacity)",WA52M77**A*,WA52M77**A*,5.2,2.06,4.3,40.1,No,No
SAMSUNG,"Top-loading, standard (1.6 ft3 or greater capacity)",WA45M70**A*,WA45M70**A*,4.5,2.06,4.3,40.1,No,No
SAMSUNG,"Top-loading, compact (less than 1.6 ft3 capacity)",WV60M99**A*-U,WV60M99**A*-U,1.0,1.15,12.0,44.6,No,No
SAMSUNG,"Front-loading, standard (1.6 ft3 or greater capacity)",WV60M99**A*-L,WV60M99**A*-L,5.0,2.92,2.9,29.7,No,No
SAMSUNG,"Top-loading, standard (1.6 ft3 or greater capacity)",WA45K71**A*,WA45K71**A*,4.5,2.06,4.3,40.1,No,No
SAMSUNG,"Front-loading, standard (1.6 ft3 or greater capacity)",WW22K680*A*,WW22K680*A*,2.2,2.25,4.0,29.3,No,No
SAMSUNG,"Top-loading, standard (1.6 ft3 or greater capacity)",WA48J777*A*,WA48J777*A*,4.8,2.29,3.9,36.7,No,No
SAMSUNG,"Top-loading, standard (1.6 ft3 or greater capacity)",WA48J770*A*,WA48J770*A*,4.8,2.29,3.9,36.7,No,No
LG,"Top-loading, compact (less than 1.6 ft3 capacity)",WD200C*,WD100C*,1.0,0.86,14.4,57.1,No,No
LG,"Front-loading, standard (1.6 ft3 or greater capacity)",WM3050C*,WM3050C*,4.0,2.67,3.3,30.9,No,No
LG,"Front-loading, standard (1.6 ft3 or greater capacity)",WM3997H**,WM3997H**,4.2,2.4,3.7,30.2,No,No
LG,"Front-loading, standard (1.6 ft3 or greater capacity)",WM5000H*A,WM5000H*A,4.5,2.92,2.8,30.0,No,No
LG,"Top-loading, standard (1.6 ft3 or greater capacity)",WT1501C*,WT1501C*,4.5,2.38,3.7,36.0,No,No
LG,"Top-loading, standard (1.6 ft3 or greater capacity)",WT1701C*+,WT1701C*,4.9,2.76,3.5,31.3,No,No
LG,"Top-loading, standard (1.6 ft3 or greater capacity)",WT5270C*,WT5270C*,4.9,2.76,3.5,32.3,No,No
LG,"Top-loading, standard (1.6 ft3 or greater capacity)",WT901C*,WT901C*,3.3,1.29,8.4,41.1,No,No
LG,"Front-loading, standard (1.6 ft3 or greater capacity)",WM1388H*,WM1388H*,2.3,2.07,4.2,33.4,No,No
LG,"Front-loading, standard (1.6 ft3 or greater capacity)",WM8100H*A,WM8100H*A,5.2,2.92,3.2,27.9,No,No
LG,"Front-loading, standard (1.6 ft3 or greater capacity)",WM4270H*A,WM4370H*A,4.5,2.92,3.2,28.1,No,No
LG,"Front-loading, standard (1.6 ft3 or greater capacity)",WM3270C*,WM3270C*,4.5,2.92,3.2,29.5,No,No
LG,"Top-loading, standard (1.6 ft3 or greater capacity)",WT7200C*,WT7200C*,5.0,2.38,3.7,31.4,No,No
LG,"Top-loading, standard (1.6 ft3 or greater capacity)",WT7200C*,WT1901C*,5.0,2.38,3.7,31.4,No,No
LG,"Top-loading, standard (1.6 ft3 or greater capacity)",WT7050C*,WT7050C*,4.5,2.06,4.3,35.3,No,No
LG,"Front-loading, standard (1.6 ft3 or greater capacity)",WM5000H*A,WM5005H*A,4.5,2.92,2.8,30.0,No,No
Kenmore,"Top-loading, standard (1.6 ft3 or greater capacity)",WT5680H*A,3146#41#,5.0,2.38,3.7,29.0,No,No
Kenmore,"Front-loading, standard (1.6 ft3 or greater capacity)",WM3370H*A,4138####,4.3,2.7,2.9,29.8,No,No
Kenmore,"Top-loading, standard (1.6 ft3 or greater capacity)",WT5270C*,3142#,4.9,2.76,3.5,32.3,No,No
Kenmore,"Front-loading, standard (1.6 ft3 or greater capacity)",WM8500H**,4107#,5.2,2.74,2.9,29.0,No,No
Kenmore,"Front-loading, standard (1.6 ft3 or greater capacity)",WM3370H*A,4138#,4.3,2.7,2.9,29.8,No,No
Kenmore,"Top-loading, compact (less than 1.6 ft3 capacity)",WD200C*,5199#,1.0,0.86,14.4,57.1,No,No
Kenmore,"Front-loading, standard (1.6 ft3 or greater capacity)",WM3575C*,4139#,4.5,2.92,3.2,28.8,No,No
Kenmore,"Front-loading, standard (1.6 ft3 or greater capacity)",WM4270H*A,4130#,4.5,2.92,3.2,28.1,No,No
GE,"Front-loading, standard (1.6 ft3 or greater capacity)",H24F_4_L,GFW148S*L***,2.4,2.07,4.2,32.3,No,No
GE,"Front-loading, standard (1.6 ft3 or greater capacity)",L45F_4_K,GFW450S*K***,4.5,2.66,2.8,28.8,No,No
GE,"Front-loading, standard (1.6 ft3 or greater capacity)",GFWN1100H***,GFWN1100H***,3.6,2.55,2.9,30.7,No,No
GE,"Front-loading, standard (1.6 ft3 or greater capacity)",GFWR2700H***,GFWR2700H***,4.5,2.8,3.0,28.5,No,No
GE,"Front-loading, standard (1.6 ft3 or greater capacity)",GFWR2700H***,GFWR2705H***,4.5,2.8,3.0,28.5,No,No
GE,"Top-loading, standard (1.6 ft3 or greater capacity)",GTW180S*J***,GTW180S*J***,3.6,1.29,8.4,41.7,No,No
GE,"Top-loading, standard (1.6 ft3 or greater capacity)",G38A_2_K,GTW220A*K***,3.8,1.3,8.2,42.7,No,No
GE,"Top-loading, standard (1.6 ft3 or greater capacity)",G38A_2_K,GTW330A*K***,3.8,1.3,8.2,42.7,No,No
GE,"Top-loading, standard (1.6 ft3 or greater capacity)",G44I_2_J,GTW490ACJ***,4.4,2.07,4.1,37.7,No,No
GE,"Top-loading, standard (1.6 ft3 or greater capacity)",G46I_2_J,GTW680BSJ***,4.6,2.08,3.6,37.0,No,No
GE,"Top-loading, standard (1.6 ft3 or greater capacity)",G46I_2_J,GTW680B*L***,4.6,2.08,3.6,37.0,No,No
GE,"Top-loading, standard (1.6 ft3 or greater capacity)",GTW860S*J***,GTW810S*J***,5.1,2.76,3.5,28.9,No,No
GE,"Top-loading, standard (1.6 ft3 or greater capacity)",GTW860S*J***,GTW860S*J***,5.1,2.76,3.5,28.9,No,No
GE,"Top-loading, standard (1.6 ft3 or greater capacity)",M32A_2_J,GUD27GSSJ***,3.2,1.31,7.0,50.2,No,No
Hotpoint,"Top-loading, standard (1.6 ft3 or greater capacity)",G38A_2_KA,HTW200A*K***,3.8,1.3,8.2,43.3,No,No
Hotpoint,"Top-loading, standard (1.6 ft3 or greater capacity)",G38A_2_K,HTW240A*K***,3.8,1.3,8.2,42.7,No,No
Hotpoint,"Top-loading, standard (1.6 ft3 or greater capacity)",GTW180S*J***,HTWP1400F***,3.6,1.29,8.4,41.7,No,No
GE,"Front-loading, standard (1.6 ft3 or greater capacity)",S22F_4_K,WCVH4800K***,2.2,2.1,4.1,29.4,No,No
GE,"Top-loading, standard (1.6 ft3 or greater capacity)",T26I_2_H,WSLP1500H***,2.6,1.29,8.3,45.0,No,No
GE,"Top-loading, standard (1.6 ft3 or greater capacity)",T26I_2_H,WSLS1500H***,2.6,1.29,8.3,45.0,No,No
Haier,"Top-loading, standard (1.6 ft3 or greater capacity)",HLPW028AXW,HLPW028BXW,2.1,1.3,8.4,42.0,No,No
Haier,"Front-loading, standard (1.6 ft3 or greater capacity)",HLC1700AXW,HLC1700AX*,2.0,1.86,3.4,35.2,No,No
Haier,"Top-loading, compact (less than 1.6 ft3 capacity)",HLP21N,HLP21N,1.0,0.89,12.0,57.2,No,No
Unimac,"Front-loading, standard (1.6 ft3 or greater capacity)",R10,UTGE5ASP113+,3.4,2.38,3.7,34.4,No,No
Unimac,"Front-loading, standard (1.6 ft3 or greater capacity)",R10,UTEE5ASP173+,3.4,2.38,3.7,34.4,No,No
Speed Queen,"Top-loading, standard (1.6 ft3 or greater capacity)",R8,LWNE52SP113+,3.2,1.29,8.4,46.6,No,No
Speed Queen,"Front-loading, standard (1.6 ft3 or greater capacity)",R10,LTGE5ASP113+,3.4,2.38,3.7,34.4,No,No
Speed Queen,"Front-loading, standard (1.6 ft3 or greater capacity)",R10,LTEE5ASP153+,3.4,2.38,3.7,34.4,No,No
Speed Queen,"Front-loading, standard (1.6 ft3 or greater capacity)",R10,AFN50RSP113+,3.4,2.38,3.7,34.4,No,No
Speed Queen,"Top-loading, standard (1.6 ft3 or greater capacity)",R8,AWNE82SP113+,3.2,1.29,8.4,46.6,No,No
Speed Queen,"Front-loading, standard (1.6 ft3 or greater capacity)",R10,LTEE5ASP173+,3.4,2.38,3.7,34.4,No,No
Speed Queen,"Front-loading, standard (1.6 ft3 or greater capacity)",R10,LFNE5RSP113+,3.4,2.38,3.7,34.4,No,No
Speed Queen,"Front-loading, standard (1.6 ft3 or greater capacity)",R10,LFNE5BJP113+,3.4,2.38,3.7,34.4,No,No
IPSO,"Front-loading, standard (1.6 ft3 or greater capacity)",R10,BFNE6BJP113+,3.4,2.38,3.7,34.4,No,No
Huebsch,"Top-loading, standard (1.6 ft3 or greater capacity)",R8,YWNE52PP113+,3.2,1.29,8.4,46.6,No,No
Huebsch,"Front-loading, standard (1.6 ft3 or greater capacity)",R10,YFNE5RSP113+,3.4,2.38,3.7,34.4,No,No
Whirlpool,"Top-loading, standard (1.6 ft3 or greater capacity)",V14CAK58(3B),WTW8040D*+,5.3,2.06,4.3,35.8,No,No
Whirlpool,"Top-loading, standard (1.6 ft3 or greater capacity)",V15UAK50(3B),WTW8700E**,5.3,2.06,4.3,36.4,No,No
Whirlpool,"Front-loading, standard (1.6 ft3 or greater capacity)",H15PAb50(3B),WFL98HEB**,4.3,2.38,3.7,29.6,No,No
Crosley,"Top-loading, standard (1.6 ft3 or greater capacity)",V14MER52(3B),CAW8350E*+,3.5,1.29,8.4,45.2,No,No
Crosley,"Top-loading, standard (1.6 ft3 or greater capacity)",V14MER52(3B),CAW9352E*+,3.5,1.29,8.4,45.2,No,No
Whirlpool,"Front-loading, standard (1.6 ft3 or greater capacity)",H15NAZ46(3B),WFW75HEF**,4.5,2.92,3.2,29.3,No,No
Whirlpool,"Front-loading, standard (1.6 ft3 or greater capacity)",H16bAk31(3B),WFW3090G**,2.0,2.38,3.7,28.9,No,No
Inglis,"Top-loading, standard (1.6 ft3 or greater capacity)",V15MMR52(3B),ITW4671E**,3.5,1.29,8.4,47.8,No,No
Maytag,"Front-loading, standard (1.6 ft3 or greater capacity)",H15TBc31(3B),MHWC7500Y*+,2.0,1.84,4.7,36.7,No,No
Inglis,"Top-loading, standard (1.6 ft3 or greater capacity)",V15MMS52(3B),ITW4971E**,3.6,1.29,8.4,40.4,No,No
Maytag,"Top-loading, standard (1.6 ft3 or greater capacity)",V17uB651(3B),MVWP575G**,3.5,1.57,6.5,46.6,No,No
Conservator,"Top-loading, standard (1.6 ft3 or greater capacity)",V16ZNu50(3B),VAW3584G**,3.5,1.29,8.4,47.8,No,No
Whirlpool,"Top-loading, standard (1.6 ft3 or greater capacity)",V17tAM51(3B),WTW7500G**,4.8,2.06,4.3,32.6,No,No
Crosley,"Top-loading, standard (1.6 ft3 or greater capacity)",V17eEs50(3B),ZAW47115G**,4.7,1.57,6.5,37.4,No,No
Whirlpool,"Top-loading, standard (1.6 ft3 or greater capacity)",V14MAT52(3B),WTW4915E*+,3.5,1.29,8.4,45.8,No,No
Maytag,"Top-loading, standard (1.6 ft3 or greater capacity)",V14MBS58(3B),MVWP475E*+,3.6,1.29,8.4,41.2,No,No
Maytag,"Top-loading, standard (1.6 ft3 or greater capacity)",V14MBS58(3B),MVWC415E*+,3.6,1.29,8.4,41.2,No,No
Amana,"Top-loading, standard (1.6 ft3 or greater capacity)",V14MDR58(3B),NTW4655E*+,3.5,1.29,8.4,44.2,No,No
Whirlpool,"Top-loading, standard (1.6 ft3 or greater capacity)",V14CAM510(3B),WTW7000D*+,4.8,2.06,4.3,36.1,No,No
Roper,"Top-loading, standard (1.6 ft3 or greater capacity)",V16ZGh55(3B),RTW4516F**,3.5,1.29,8.4,47.9,No,No
Whirlpool,"Top-loading, standard (1.6 ft3 or greater capacity)",V14CAM510(3B),WTW7040D*+,4.8,2.06,4.3,36.1,No,No
Inglis,"Top-loading, standard (1.6 ft3 or greater capacity)",V16ZMh51(3B),ITW4871F*,3.5,1.29,8.4,46.8,No,No
Amana,"Top-loading, standard (1.6 ft3 or greater capacity)",V14MDR58(3B),NTW4705E*+,3.5,1.29,8.4,44.2,No,No
Maytag,"Front-loading, standard (1.6 ft3 or greater capacity)",H15NBY44(3B),MHW3505F**,4.4,2.92,3.2,29.1,No,No
Whirlpool,"Top-loading, standard (1.6 ft3 or greater capacity)",V14KAP55(3B),WET4027E*+,2.5,1.29,8.4,50.6,No,No
Whirlpool,"Front-loading, standard (1.6 ft3 or greater capacity)",H15NAZ55(3B),WFW90HEF**,4.5,2.92,3.2,29.4,No,No
Whirlpool,"Top-loading, standard (1.6 ft3 or greater capacity)",V14KAP55(3B),WGT4027E*+,2.5,1.29,8.4,50.6,No,No
Whirlpool,"Front-loading, standard (1.6 ft3 or greater capacity)",H15NAZ55(3B),WFW92HEF**,4.5,2.92,3.2,29.4,No,No
Whirlpool,"Front-loading, standard (1.6 ft3 or greater capacity)",H15AAC41(3B),WFW95HED*+,4.5,2.75,3.2,29.2,No,No
Maytag,"Front-loading, standard (1.6 ft3 or greater capacity)",H15AAC31(3B),MHW5100D*+,4.5,2.75,3.2,29.2,No,No
Maytag,"Top-loading, standard (1.6 ft3 or greater capacity)",V16eBc54(3B),MVWB766F**,4.7,1.29,8.4,36.4,No,No
Maytag,"Front-loading, standard (1.6 ft3 or greater capacity)",H15ABA51(3B,MHW4300D*+,4.2,2.38,3.7,29.2,No,No
Maytag,"Top-loading, standard (1.6 ft3 or greater capacity)",V15YBK50(3B),MVWB865F**,5.3,2.06,4.3,37.4,No,No
Whirlpool,"Top-loading, standard (1.6 ft3 or greater capacity)",V15YAK50(3B),WTW8510F**,5.3,2.06,4.3,37.2,No,No
Whirlpool,"Front-loading, standard (1.6 ft3 or greater capacity)",H16NAZ52(3B),WFW85HEF*,4.5,2.92,3.2,29.5,No,No
Whirlpool,"Front-loading, standard (1.6 ft3 or greater capacity)",H16NAZ52(3B),WFW8540F*,4.5,2.92,3.2,29.5,No,No
Whirlpool,"Front-loading, standard (1.6 ft3 or greater capacity)",H15AAA43(3B),WFW72HED*+,4.2,2.75,3.2,29.2,No,No
Maytag,"Top-loading, standard (1.6 ft3 or greater capacity)",V14CBM52(3B),MVWB755D*+,4.8,2.06,4.3,35.5,No,No
Maytag,"Top-loading, standard (1.6 ft3 or greater capacity)",V14CBK57(3B),MVWB835D*+,5.3,2.06,4.3,36.5,No,No
Avanti,"Top-loading, compact (less than 1.6 ft3 capacity)",MAR30-P0501GP/US13-K4,TLW09W,0.9,0.86,14.4,44.5,No,No
Avanti,"Top-loading, standard (1.6 ft3 or greater capacity)",MAM120-S2003GPS/M-13-K4,TLW30W,3.0,1.29,8.4,39.7,No,No
Splendide,"Front-loading, standard (1.6 ft3 or greater capacity)",WD2100XC(NA).1,WD2100XC(NA).1,1.8,1.9,4.0,31.8,No,No
Splendide,"Front-loading, standard (1.6 ft3 or greater capacity)",WDC7100XCNA.1,WDC7100XCNA.1,1.8,1.94,3.8,32.5,No,No
Ariston,"Front-loading, standard (1.6 ft3 or greater capacity)",ARWXF129WNA.1,ARWXF129WNA.1,1.8,1.94,3.8,32.5,No,No
Ariston,"Front-loading, standard (1.6 ft3 or greater capacity)",ARWL129NA.1,ARWL129NA.1,1.8,1.94,3.8,32.5,No,No
Miele,"Front-loading, standard (1.6 ft3 or greater capacity)",PW 6068,PW 6068,2.1,1.87,4.5,29.0,No,No
Whirlpool,"Top-loading, standard (1.6 ft3 or greater capacity)",V14CAJ512(3B,WTW5000D*+,4.3,1.29,8.4,45.3,No,No
Maytag,"Top-loading, standard (1.6 ft3 or greater capacity)",V14CBJ511(3B),MVWX655D*+,4.3,1.29,8.4,46.3,No,No
Whirlpool,"Top-loading, standard (1.6 ft3 or greater capacity)",V14KAP55(3B),WGTLV27E*+,2.5,1.29,8.4,50.6,No,No
Kenmore,"Top-loading, standard (1.6 ft3 or greater capacity)",V17ZCv52(3B),2023*71*,3.5,1.29,8.4,47.5,No,No
Whirlpool,"Top-loading, standard (1.6 ft3 or greater capacity)",V14MAT54(3B),WTW4915E*+,3.7,1.29,8.4,45.8,No,No
Bosch,"Front-loading, standard (1.6 ft3 or greater capacity)",WAW285H2UC,WAW285H2UC,2.2,2.22,3.7,31.0,No,No
Fisher & Paykel,"Top-loading, standard (1.6 ft3 or greater capacity)",WL4027P*,WL4027P*,4.0,2.28,4.1,34.1,No,No
